No.,级别,词语,拼音,词性
1,一级,爱,ài,动
2,一级,八,bā,数
3,一级,爸爸,bàba,名
4,一级,吧,ba,助
5,一级,白天,báitiān,名
6,一级,百,bǎi,数
7,一级（四级）,半,bàn,数、（副）
8,一级,包子,bāozi,名
9,一级,杯子,bēizi,名
10,一级,本1,běn,量
11,一级,边,biān,名、后缀
12,一级,病,bìng,名、动
13,一级,不,bù,副
14,一级,不客气,bú kèqi,
15,一级,不要,búyào,副
16,一级,菜,cài,名
17,一级,茶,chá,名
18,一级,唱,chàng,动
19,一级,超市,chāoshì,名
20,一级,车,chē,名
21,一级,吃,chī,动
22,一级,出租车,chūzūchē,名
23,一级,穿,chuān,动
24,一级,打电话,dǎ diànhuà,
25,一级,大,dà,形
26,一级,大家,dàjiā,代
27,一级,大学,dàxué,名
28,一级,大学生,dàxuéshēng,名
29,一级,到,dào,动
30,一级,的,de,助
31,一级,第,dì,前缀
32,一级,弟弟,dìdi,名
33,一级（三级）,点1,diǎn,量、（名）
34,一级,店,diàn,名
35,一级,电话,diànhuà,名
36,一级,电脑,diànnǎo,名
37,一级,电视,diànshì,名
38,一级,电影,diànyǐng,名
39,一级,电影院,diànyǐngyuàn,名
40,一级,东西,dōngxi,名
41,一级,都,dōu,副
42,一级,读,dú,动
43,一级,读书,dúshū,动
44,一级（四级）,对,duì,形、介、（动、量）
45,一级,对不起,duìbuqǐ,动
46,一级（二级）,多,duō,形、动、代、（数、副）
47,一级,多少,duōshao,代
48,一级,儿子,érzi,名
49,一级,二,èr,数
50,一级,饭,fàn,名
51,一级,饭店,fàndiàn,名
52,一级,房间,fángjiān,名
53,一级,非常,fēicháng,副
54,一级,飞机,fēijī,名
55,一级（三级）,分,fēn,量、（动、名）
56,一级,分钟,fēnzhōng,量
57,一级,高兴,gāoxìng,形
58,一级,歌,gē,名
59,一级,哥哥,gēge,名
60,一级,个,gè,量
61,一级（二级）,给,gěi,动、（介）
62,一级,公司,gōngsī,名
63,一级,工作,gōngzuò,动、名
64,一级,狗,gǒu,名
65,一级,贵,guì,形
66,一级,国,guó,名
67,一级,还,hái,副
68,一级,孩子,háizi,名
69,一级,汉语,Hànyǔ,名
70,一级,汉字,Hànzì,名
71,一级（二级）（四级）,好,hǎo,形、（副）、（动）
72,一级,好吃,hǎochī,形
73,一级,好看,hǎokàn,形
74,一级,好听,hǎotīng,形
75,一级,好玩儿,hǎowánr,形
76,一级,号,hào,名、量
77,一级,喝,hē,动
78,一级,和1,hé,介、连
79,一级,很,hěn,副
80,一级,后,hòu,名
81,一级（三级）,回,huí,动、（量）
82,一级,会1,huì,动
83,一级,火车,huǒchē,名
84,一级,鸡蛋,jīdàn,名
85,一级,几,jǐ,代、数
86,一级（三级）,家,jiā,名、量、（后缀）
87,一级,家人,jiārén,名
88,一级,见,jiàn,动
89,一级,件,jiàn,量
90,一级,饺子,jiǎozi,名
91,一级（四级）,叫,jiào,动、（介）
92,一级,姐姐,jiějie,名
93,一级,今年,jīnnián,名
94,一级,今天,jīntiān,名
95,一级,九,jiǔ,数
96,一级,觉得,juéde,动
97,一级,开,kāi,动
98,一级,开车,kāichē,动
99,一级,看,kàn,动
100,一级,看病,kànbìng,动
101,一级,看见,kànjiàn,动
102,一级,可以,kěyǐ,动、形
103,一级,课,kè,名
104,一级,口,kǒu,名、量
105,一级,块,kuài,量
106,一级,来,lái,动
107,一级,老师,lǎoshī,名
108,一级,了,le,助
109,一级,冷,lěng,形
110,一级,里,lǐ,名
111,一级,两1,liǎng,数
112,一级,零,líng,数
113,一级,六,liù,数
114,一级,妈妈,māma,名
115,一级,吗,ma,助
116,一级,买,mǎi,动
117,一级,卖,mài,动
118,一级,忙,máng,形、动
119,一级,猫,māo,名
120,一级,没关系,méi guānxi,
121,一级,没事,méishì,动
122,一级,没有,méiyǒu,动、副
123,一级,妹妹,mèimei,名
124,一级,们,men,后缀
125,一级,米饭,mǐfàn,名
126,一级,面包,miànbāo,名
127,一级,面条儿,miàntiáor,名
128,一级,明年,míngnián,名
129,一级,明天,míngtiān,名
130,一级,名字,míngzi,名
131,一级,哪,nǎ,代
132,一级,哪个,nǎge,代
133,一级,哪里,nǎlǐ,代
134,一级,哪儿,nǎr,代
135,一级,哪些,nǎxiē,代
136,一级（二级）,那,nà,代、（连）
137,一级,那边,nàbiān,代
138,一级,那个,nàge,代
139,一级,那里,nàlǐ,代
140,一级,那儿,nàr,代
141,一级,那些,nàxiē,代
142,一级,男,nán,形
143,一级,男朋友,nánpéngyou,名
144,一级,呢,ne,助
145,一级,能,néng,动
146,一级,你,nǐ,代
147,一级,你好,nǐ hǎo,
148,一级,你们,nǐmen,代
149,一级,年,nián,名、量
150,一级,您,nín,代
151,一级,牛奶,niúnǎi,名
152,一级,女,nǚ,形
153,一级,女儿,nǚ’ér,名
154,一级,女朋友,nǚpéngyou,名
155,一级,女士,nǚshì,名
156,一级,朋友,péngyou,名
157,一级,便宜,piányi,形
158,一级,漂亮,piàoliang,形
159,一级,苹果,píngguǒ,名
160,一级,七,qī,数
161,一级,起床,qǐchuáng,动
162,一级,千,qiān,数
163,一级,前,qián,名
164,一级,钱,qián,名
165,一级,请,qǐng,动
166,一级,请问,qǐngwèn,动
167,一级,去,qù,动
168,一级,去年,qùnián,名
169,一级,热,rè,形
170,一级,人,rén,名
171,一级,认识,rènshi,动
172,一级（四级）,日,rì,量、（名）
173,一级,三,sān,数
174,一级,商店,shāngdiàn,名
175,一级,上,shàng,名、动
176,一级,上班,shàngbān,动
177,一级,上课,shàngkè,动
178,一级,上午,shàngwǔ,名
179,一级,上学,shàngxué,动
180,一级,少,shǎo,形、动
181,一级,谁,shéi/shuí,代
182,一级,什么,shénme,代
183,一级,生病,shēngbìng,动
184,一级,十,shí,数
185,一级,时候,shíhou,名
186,一级,时间,shíjiān,名
187,一级,事,shì,名
188,一级,是,shì,动
189,一级,手机,shǒujī,名
190,一级,书,shū,名
191,一级,书店,shūdiàn,名
192,一级,水,shuǐ,名
193,一级,水果,shuǐguǒ,名
194,一级,睡,shuì,动
195,一级,睡觉,shuìjiào,动
196,一级,说,shuō,动
197,一级,说话,shuōhuà,动
198,一级,四,sì,数
199,一级,岁,suì,量
200,一级,他,tā,代
201,一级,它,tā,代
202,一级,她,tā,代
203,一级,他们,tāmen,代
204,一级,它们,tāmen,代
205,一级,她们,tāmen,代
206,一级,太,tài,副
207,一级,天,tiān,名、量
208,一级,天气,tiānqì,名
209,一级,听,tīng,动
210,一级,听见,tīngjiàn,动
211,一级,同学,tóngxué,名
212,一级,外,wài,名
213,一级,外边,wàibian,名
214,一级,玩,wán,动
215,一级,晚,wǎn,形
216,一级,晚饭,wǎnfàn,名
217,一级,晚上,wǎnshang,名
218,一级,喂1,wèi,叹
219,一级,问,wèn,动
220,一级,问题,wèntí,名
221,一级,我,wǒ,代
222,一级,我们,wǒmen,代
223,一级,五,wǔ,数
224,一级,午饭,wǔfàn,名
225,一级,喜欢,xǐhuan,动
226,一级,下,xià,名、动、量
227,一级,下雨,xià yǔ,
228,一级,下班,xiàbān,动
229,一级,下课,xiàkè,动
230,一级,下午,xiàwǔ,名
231,一级,先生,xiānsheng,名
232,一级,现在,xiànzài,名
233,一级,想,xiǎng,动
234,一级,小,xiǎo,形、前缀
235,一级,小朋友,xiǎopéngyǒu,名
236,一级,小时,xiǎoshí,名
237,一级,小学,xiǎoxué,名
238,一级,小学生,xiǎoxuéshēng,名
239,一级,些,xiē,量
240,一级,写,xiě,动
241,一级,谢谢,xièxie,动
242,一级,新,xīn,形
243,一级,星期,xīngqī,名
244,一级,星期日,xīngqīrì,名
245,一级,星期天,xīngqītiān,名
246,一级,休息,xiūxi,动
247,一级,学,xué,动
248,一级,学生,xuéshēng,名
249,一级,学习,xuéxí,动
250,一级,学校,xuéxiào,名
251,一级,雪,xuě,名
252,一级,要,yào,动
253,一级,也,yě,副
254,一级,一,yī,数
255,一级,衣服,yīfu,名
256,一级,医生,yīshēng,名
257,一级,医院,yīyuàn,名
258,一级,一半,yíbàn,数
259,一级（四级）,一下,yíxià,数量、（副）
260,一级,椅子,yǐzi,名
261,一级,一点儿,yìdiǎnr,数量
262,一级,一些,yìxiē,数量
263,一级,有,yǒu,动
264,一级,有的,yǒude,代
265,一级,有点儿,yǒudiǎnr,副
266,一级（三级）,有些,yǒuxiē,代、（副）
267,一级,雨,yǔ,名
268,一级,元,yuán,量
269,一级,月,yuè,名
270,一级,再,zài,副
271,一级,在,zài,动、介、副
272,一级,再见,zàijiàn,动
273,一级,早,zǎo,形
274,一级,早饭,zǎofàn,名
275,一级,早上,zǎoshang,名
276,一级,怎么,zěnme,代
277,一级,怎么样,zěnmeyàng,代
278,一级,找,zhǎo,动
279,一级,这,zhè,代
280,一级,这边,zhèbiān,代
281,一级,这个,zhège,代
282,一级,这里,zhèlǐ,代
283,一级,这儿,zhèr,代
284,一级,这些,zhèxiē,代
285,一级（四级）,真,zhēn,副、（形）
286,一级,正在,zhèngzài,副
287,一级,只,zhī,量
288,一级,知道,zhīdào,动
289,一级,中国,Zhōngguó,名
290,一级,中文,Zhōngwén,名
291,一级,中午,zhōngwǔ,名
292,一级,中学,zhōngxué,名
293,一级,中学生,zhōngxuéshēng,名
294,一级,住,zhù,动
295,一级,桌子,zhuōzi,名
296,一级,字,zì,名
297,一级,昨天,zuótiān,名
298,一级,坐,zuò,动
299,一级,做,zuò,动
300,一级,做饭,zuò fàn,
301,二级,啊,a,助
302,二级,爱好,àihào,动、名
303,二级,白色,báisè,名
304,二级（五级）,班,bān,名、（量）
305,二级,帮,bāng,动
306,二级,帮忙,bāngmáng,动
307,二级,包,bāo,动、名、量
308,二级,本子,běnzi,名
309,二级,比,bǐ,动、介
310,二级（五级）,笔,bǐ,名、（量）
311,二级,别1,bié,副
312,二级,不错,búcuò,形
313,二级,不好意思,bù hǎoyìsi,
314,二级,长,cháng,形
315,二级,车站,chēzhàn,名
316,二级,出,chū,动
317,二级,出国,chūguó,动
318,二级,出来,chūlái,动
319,二级,出门,chūmén,动
320,二级,出去,chūqù,动
321,二级,床,chuáng,名
322,二级,词,cí,名
323,二级（七-九级）,次,cì,量、（形）
324,二级（四级）,从,cóng,介、（副）
325,二级,从小,cóngxiǎo,副
326,二级,错,cuò,形
327,二级,打1,dǎ,动
328,二级,打车,dǎchē,动
329,二级,打开,dǎkāi,动
330,二级（七-九级）,但,dàn,连、（副）
331,二级,但是,dànshì,连
332,二级,得,de,助
333,二级,地,de,助
334,二级（四级）,等1,děng,动、（介）
335,二级,地铁,dìtiě,名
336,二级（四级）,点2,diǎn,动、（名、量）
337,二级,懂,dǒng,动
338,二级,动,dòng,动
339,二级,饭馆,fànguǎn,名
340,二级,飞,fēi,动
341,二级,高,gāo,形、名
342,二级,高中,gāozhōng,名
343,二级,告诉,gàosu,动
344,二级,个子,gèzi,名
345,二级（五级）,跟,gēn,介、连、（名、动）
346,二级,公交车,gōngjiāochē,名
347,二级,过,guò,动
348,二级,过来,guòlái,动
349,二级,过年,guònián,动
350,二级,过去1,guòqù,动
351,二级,过,guo,助
352,二级,还是,háishi,副、连
353,二级,黑色,hēisè,名
354,二级,红茶,hóngchá,名
355,二级,红色,hóngsè,名
356,二级,后面,hòumiàn,名
357,二级,花1,huā,动
358,二级（六级）,花2,huā,名、（形）
359,二级,画,huà,动、名
360,二级,坏,huài,形
361,二级,回来,huílái,动
362,二级,回去,huíqù,动
363,二级,机场,jīchǎng,名
364,二级,机票,jīpiào,名
365,二级,记得,jìde,动
366,二级（四级）,间,jiān,量、（名）
367,二级,教,jiāo,动
368,二级,教室,jiàoshì,名
369,二级,介绍,jièshào,动
370,二级,进,jìn,动
371,二级,近,jìn,形
372,二级,进来,jìnlái,动
373,二级,进去,jìnqù,动
374,二级,经常,jīngcháng,副
375,二级,酒店,jiǔdiàn,名
376,二级（七-九级）,就,jiù,副、（介）
377,二级,咖啡,kāfēi,名
378,二级,开始,kāishǐ,动、名
379,二级,开学,kāixué,动
380,二级,考,kǎo,动
381,二级,考试,kǎoshì,动、名
382,二级,可能,kěnéng,形、名、动
383,二级,裤子,kùzi,名
384,二级,快,kuài,形、副
385,二级,快乐,kuàilè,形
386,二级,快要,kuàiyào,副
387,二级,篮球,lánqiú,名
388,二级,累,lèi,形、动
389,二级,离,lí,动
390,二级,里面,lǐmiàn,名
391,二级,楼,lóu,名
392,二级,路,lù,名
393,二级,路上,lùshang,名
394,二级,旅游,lǚyóu,动
395,二级,绿茶,lǜchá,名
396,二级（四级）,绿色,lǜsè,名、（形）
397,二级,慢,màn,形
398,二级,没意思,méi yìsi,
399,二级（四级）,每,měi,代、（副）
400,二级,门,mén,名
401,二级,门口,ménkǒu,名
402,二级,门票,ménpiào,名
403,二级（五级）,面1,miàn,后缀、（动、名、量）
404,二级,名,míng,名、量
405,二级,拿,ná,动
406,二级,那么,nàme,代、连
407,二级,那样,nàyàng,代
408,二级,奶茶,nǎichá,名
409,二级,奶奶,nǎinai,名
410,二级,男孩儿,nánháir,名
411,二级,鸟,niǎo,名
412,二级,女孩儿,nǚháir,名
413,二级,旁边,pángbiān,名
414,二级,跑,pǎo,动
415,二级,跑步,pǎobù,动
416,二级,票,piào,名
417,二级,妻子,qīzi,名
418,二级,起来,qǐlái,动
419,二级,前面,qiánmiàn,名
420,二级,晴,qíng,形
421,二级,球,qiú,名
422,二级（四级）,让,ràng,动、（介）
423,二级,肉,ròu,名
424,二级,商场,shāngchǎng,名
425,二级,上来,shànglái,动
426,二级,上面,shàngmiàn,名
427,二级,上去,shàngqù,动
428,二级,上网,shàngwǎng,动
429,二级,身体,shēntǐ,名
430,二级,生日,shēngrì,名
431,二级（六级）,时,shí,名、（量）
432,二级,事情,shìqing,名
433,二级,手,shǒu,名
434,二级,手表,shǒubiǎo,名
435,二级,书包,shūbāo,名
436,二级,舒服,shūfu,形
437,二级,送,sòng,动
438,二级,虽然,suīrán,连
439,二级,所以,suǒyǐ,连
440,二级（六级）,疼,téng,形、（动）
441,二级,踢,tī,动
442,二级,题,tí,名
443,二级（五级）,条,tiáo,量、（名）
444,二级,跳舞,tiàowǔ,动
445,二级（三级）（五级）,头,tóu,名、（量）、（形）
446,二级,外国,wàiguó,名
447,二级,外面,wàimiàn,名
448,二级,完,wán,动
449,二级,万,wàn,数
450,二级,往,wǎng,动、介
451,二级,网上,wǎngshang,名
452,二级,忘,wàng,动
453,二级,位,wèi,量
454,二级,为什么,wèi shénme,
455,二级,希望,xīwàng,动
456,二级,洗,xǐ,动
457,二级,洗手间,xǐshǒujiān,名
458,二级,下来,xiàlái,动
459,二级,下面,xiàmiàn,名
460,二级,下去,xiàqù,动
461,二级,小孩儿,xiǎoháir,名
462,二级,小时候,xiǎoshíhou,名
463,二级,笑,xiào,动
464,二级,姓,xìng,名、动
465,二级,姓名,xìngmíng,名
466,二级,颜色,yánsè,名
467,二级,眼睛,yǎnjing,名
468,二级,药,yào,名
469,二级,药店,yàodiàn,名
470,二级,爷爷,yéye,名
471,二级（三级）,一会儿,yíhuìr,数量、（副）
472,二级,已经,yǐjīng,副
473,二级,一起,yìqǐ,副
474,二级,意思,yìsi,名
475,二级,阴,yīn,形
476,二级,因为,yīnwèi,介、连
477,二级,游,yóu,动
478,二级,游泳,yóuyǒng,动
479,二级,有意思,yǒu yìsi,
480,二级,有时,yǒushí,副
481,二级,右,yòu,名
482,二级,右边,yòubian,名
483,二级,鱼,yú,名
484,二级,远,yuǎn,形
485,二级,运动,yùndòng,动、名
486,二级,站1,zhàn,名
487,二级,丈夫,zhàngfu,名
488,二级,这么,zhème,代
489,二级,这样,zhèyàng,代
490,二级,着,zhe,助
491,二级（五级）,正,zhèng,副、（形）
492,二级（六级）,周,zhōu,名、（量）
493,二级,准备,zhǔnbèi,动
494,二级,自己,zìjǐ,代
495,二级,走,zǒu,动
496,二级,走路,zǒulù,动
497,二级,足球,zúqiú,名
498,二级,最,zuì,副
499,二级,左,zuǒ,名
500,二级,左边,zuǒbian,名
501,三级,阿姨,āyí,名
502,三级,矮,ǎi,形
503,三级,爱人,àiren,名
504,三级,安静,ānjìng,形
505,三级,安全,ānquán,形
506,三级,把,bǎ,量、介
507,三级,搬,bān,动
508,三级,班级,bānjí,名
509,三级,搬家,bānjiā,动
510,三级,办,bàn,动
511,三级,办法,bànfǎ,名
512,三级,办公室,bàngōngshì,名
513,三级,半天,bàntiān,数量
514,三级,帮助,bāngzhù,动
515,三级,饱,bǎo,形
516,三级,报纸,bàozhǐ,名
517,三级,北,běi,名
518,三级,北方,běifāng,名
519,三级,被,bèi,介
520,三级,笔记,bǐjì,名
521,三级,比较,bǐjiào,动、介、副
522,三级,笔记本,bǐjìběn,名
523,三级,比如,bǐrú,动
524,三级,比赛,bǐsài,动、名
525,三级,必须,bìxū,副
526,三级,变,biàn,动
527,三级,遍,biàn,量
528,三级,变成,biànchéng,动
529,三级,变化,biànhuà,动、名
530,三级,表演,biǎoyǎn,动
531,三级,别的,biéde,代
532,三级,别人,biérén,代
533,三级,宾馆,bīnguǎn,名
534,三级（五级）,冰,bīng,名、（动）
535,三级,冰激凌,bīngjīlíng,名
536,三级,冰箱,bīngxiāng,名
537,三级,病人,bìngrén,名
538,三级,不但,búdàn,连
539,三级,不见,bújiàn,动
540,三级,不用,búyòng,副
541,三级,不同,bù tóng,
542,三级,不久,bùjiǔ,形
543,三级,不行,bùxíng,动、形
544,三级,才1,cái,副
545,三级,菜单,càidān,名
546,三级,参加,cānjiā,动
547,三级,草,cǎo,名
548,三级,草地,cǎodì,名
549,三级,层,céng,量
550,三级,查,chá,动
551,三级,差,chà,形、动
552,三级,差不多,chàbuduō,形、副
553,三级,尝,cháng,动
554,三级,常,cháng,副
555,三级,常见,cháng jiàn,
556,三级,常用,cháng yòng,
557,三级,常常,chángcháng,副
558,三级,衬衫,chènshān,名
559,三级,成绩,chéngjì,名
560,三级,城市,chéngshì,名
561,三级,迟到,chídào,动
562,三级,出发,chūfā,动
563,三级,出生,chūshēng,动
564,三级,出院,chūyuàn,动
565,三级,初中,chūzhōng,名
566,三级,除了,chúle,介
567,三级,船,chuán,名
568,三级,春天,chūntiān,名
569,三级,词典,cídiǎn,名
570,三级,聪明,cōngmíng,形
571,三级,打扫,dǎsǎo,动
572,三级,打算,dǎsuàn,动、名
573,三级（六级）,大概,dàgài,形、副、（名）
574,三级,大人,dàren,名
575,三级,大小,dàxiǎo,名
576,三级,大熊猫,dàxióngmāo,名
577,三级,大衣,dàyī,名
578,三级（五级）,带,dài,动、（名）
579,三级,担心,dānxīn,动
580,三级,蛋糕,dàngāo,名
581,三级,当然,dāngrán,副
582,三级,到处,dàochù,副
583,三级,得,dé,动
584,三级,得到,dédào,动
585,三级,得分,défēn,动、名
586,三级,的话,dehuà,助
587,三级,得,děi,动
588,三级,灯,dēng,名
589,三级,地,dì,名
590,三级,地点,dìdiǎn,名
591,三级,地方,dìfang,名
592,三级,地图,dìtú,名
593,三级（五级）,电,diàn,名、（动）
594,三级,电梯,diàntī,名
595,三级,电子书,diànzǐshū,名
596,三级,丢,diū,动
597,三级,东,dōng,名
598,三级,东北,dōngběi,名
599,三级,东方,dōngfāng,名
600,三级,东南,dōngnán,名
601,三级,冬天,dōngtiān,名
602,三级,懂得,dǒngde,动
603,三级,动物,dòngwù,名
604,三级,动物园,dòngwùyuán,名
605,三级,短,duǎn,形
606,三级,短裤,duǎnkù,名
607,三级,段,duàn,量
608,三级,锻炼,duànliàn,动
609,三级,对话,duìhuà,动
610,三级,饿,è,形
611,三级,而且,érqiě,连
612,三级,耳朵,ěrduo,名
613,三级,耳机,ěrjī,名
614,三级,发,fā,动
615,三级,发烧,fāshāo,动
616,三级,发生,fāshēng,动
617,三级,发现,fāxiàn,动
618,三级,发展,fāzhǎn,动
619,三级,方便,fāngbiàn,形
620,三级,方便面,fāngbiànmiàn,名
621,三级,方法,fāngfǎ,名
622,三级,方向,fāngxiàng,名
623,三级,房子,fángzi,名
624,三级,放,fàng,动
625,三级,放假,fàngjià,动
626,三级,放心,fàngxīn,动
627,三级,放学,fàngxué,动
628,三级,分开,fēnkāi,动
629,三级,风,fēng,名
630,三级（六级）,封,fēng,量、（动）
631,三级,夫妻,fūqī,名
632,三级,服务,fúwù,动
633,三级,附近,fùjìn,名
634,三级,复习,fùxí,动
635,三级,该1,gāi,动
636,三级,干净,gānjìng,形
637,三级,感兴趣,gǎn xìngqù,
638,三级,感到,gǎndào,动
639,三级,感冒,gǎnmào,名、动
640,三级,干,gàn,动
641,三级,刚,gāng,副
642,三级,刚才,gāngcái,名
643,三级,刚刚,gānggāng,副
644,三级,高铁,gāotiě,名
645,三级（五级）,根据,gēnjù,动、介、（名）
646,三级,更,gèng,副
647,三级,公斤,gōngjīn,量
648,三级,公园,gōngyuán,名
649,三级,工作日,gōngzuòrì,名
650,三级,故事,gùshi,名
651,三级,刮,guā,动
652,三级（五级）,关,guān,动、（名）
653,三级,关机,guānjī,动
654,三级（四级）,关系,guānxì,名、（动）
655,三级,关心,guānxīn,动
656,三级,关于,guānyú,介
657,三级,关注,guānzhù,动
658,三级,国家,guójiā,名
659,三级,过节,guòjié,动
660,三级,过去2,guòqù,名
661,三级,海,hǎi,名
662,三级,害怕,hàipà,动
663,三级,好多,hǎoduō,数
664,三级,好久,hǎojiǔ,形
665,三级,好像,hǎoxiàng,动、副
666,三级,号码,hàomǎ,名
667,三级,河,hé,名
668,三级,合适,héshì,形
669,三级,黑板,hēibǎn,名
670,三级,红绿灯,hóng-lǜdēng,名
671,三级,后来,hòulái,名
672,三级,后年,hòunián,名
673,三级,后天,hòutiān,名
674,三级,护照,hùzhào,名
675,三级,花园,huāyuán,名
676,三级,画家,huàjiā,名
677,三级,欢迎,huānyíng,动
678,三级,还,huán,动
679,三级,环境,huánjìng,名
680,三级,换,huàn,动
681,三级,黄色,huángsè,名
682,三级,回答,huídá,动
683,三级,会2,huì,名
684,三级,会议,huìyì,名
685,三级（六级）,或,huò,连、（副）
686,三级,或者,huòzhě,连
687,三级,鸡,jī,名
688,三级,几乎,jīhū,副
689,三级,机会,jīhuì,名
690,三级,极,jí,副
691,三级,急,jí,形、动
692,三级,记,jì,动
693,三级,季,jì,名
694,三级,季节,jìjié,名
695,三级,加,jiā,动
696,三级,假期,jiàqī,名
697,三级,坚持,jiānchí,动
698,三级,检查,jiǎnchá,动
699,三级,简单,jiǎndān,形
700,三级,检票,jiǎnpiào,动
701,三级,健康,jiànkāng,形
702,三级,见面,jiànmiàn,动
703,三级,讲,jiǎng,动
704,三级,角,jiǎo,量
705,三级,脚,jiǎo,名
706,三级,接,jiē,动
707,三级,街,jiē,名
708,三级（四级）,节,jié,量、名、（动）
709,三级,结婚,jiéhūn,动
710,三级,节目,jiémù,名
711,三级,节日,jiérì,名
712,三级,结束,jiéshù,动
713,三级,解决,jiějué,动
714,三级,姐妹,jiěmèi,名
715,三级,借,jiè,动
716,三级,斤,jīn,量
717,三级,经过,jīngguò,动、名
718,三级,经理,jīnglǐ,名
719,三级,久,jiǔ,形
720,三级,酒,jiǔ,名
721,三级,旧,jiù,形
722,三级,句,jù,量
723,三级,句子,jùzi,名
724,三级,决定,juédìng,动、名
725,三级,卡,kǎ,名
726,三级,开花,kāihuā,动
727,三级,开会,kāihuì,动
728,三级,开机,kāijī,动
729,三级,开心,kāixīn,形
730,三级,看来,kànlái,动
731,三级（五级）,可,kě,连、（副）
732,三级,渴,kě,形
733,三级,可爱,kě’ài,形
734,三级,可是,kěshì,连
735,三级（五级）,刻,kè,量、（动）
736,三级,课本,kèběn,名
737,三级,客人,kèrén,名
738,三级,课文,kèwén,名
739,三级,空调,kōngtiáo,名
740,三级,哭,kū,动
741,三级,筷子,kuàizi,名
742,三级,矿泉水,kuàngquánshuǐ,名
743,三级,来自,láizì,动
744,三级,蓝,lán,形
745,三级（四级）,老,lǎo,形、前缀、（副）
746,三级,老人,lǎorén,名
747,三级,离开,líkāi,动
748,三级,礼物,lǐwù,名
749,三级,历史,lìshǐ,名
750,三级,脸,liǎn,名
751,三级,练,liàn,动
752,三级,练习,liànxí,动、名
753,三级,凉快,liángkuai,形
754,三级,辆,liàng,量
755,三级,聊,liáo,动
756,三级,聊天儿,liáotiānr,动
757,三级,了解,liǎojiě,动
758,三级,邻居,línjū,名
759,三级,留学,liúxué,动
760,三级,留学生,liúxuéshēng,名
761,三级,楼梯,lóutī,名
762,三级,路边,lùbiān,名
763,三级,路口,lùkǒu,名
764,三级,马,mǎ,名
765,三级,马路,mǎlù,名
766,三级,马上,mǎshàng,副
767,三级,满意,mǎnyì,动
768,三级（五级）,毛,máo,量、（名）
769,三级,米,mǐ,量
770,三级,面前,miànqián,名
771,三级,明白,míngbai,形、动
772,三级,名单,míngdān,名
773,三级,名人,míngrén,名
774,三级,南,nán,名
775,三级（六级）,难,nán,形、（动）
776,三级,南方,nánfāng,名
777,三级,难过,nánguò,形
778,三级,难看,nánkàn,形
779,三级,男人,nánrén,名
780,三级,男生,nánshēng,名
781,三级,难题,nántí,名
782,三级,难听,nántīng,形
783,三级,年级,niánjí,名
784,三级,年轻,niánqīng,形
785,三级（五级）,牛,niú,名、（形）
786,三级,努力,nǔlì,动、形
787,三级,女人,nǚrén,名
788,三级,女生,nǚshēng,名
789,三级,爬,pá,动
790,三级（四级）,怕,pà,动、（副）
791,三级,拍照,pāizhào,动
792,三级,盘子,pánzi,名
793,三级,胖,pàng,形
794,三级,啤酒,píjiǔ,名
795,三级,平时,píngshí,名
796,三级,瓶子,píngzi,名
797,三级,骑,qí,动
798,三级,奇怪,qíguài,形
799,三级,其实,qíshí,副
800,三级,其他,qítā,代
801,三级（五级）,起,qǐ,动、（量）
802,三级,起飞,qǐfēi,动
803,三级,汽车,qìchē,名
804,三级,铅笔,qiānbǐ,名
805,三级,前年,qiánnián,名
806,三级,前天,qiántiān,名
807,三级,清楚,qīngchu,形、动
808,三级,请假,qǐngjià,动
809,三级,请客,qǐngkè,动
810,三级,秋天,qiūtiān,名
811,三级,球场,qiúchǎng,名
812,三级,裙子,qúnzi,名
813,三级,然后,ránhòu,连
814,三级,热情,rèqíng,形
815,三级,认得,rènde,动
816,三级,认为,rènwéi,动
817,三级,认真,rènzhēn,形
818,三级,容易,róngyì,形
819,三级,如果,rúguǒ,连
820,三级,伞,sǎn,名
821,三级,扫,sǎo,动
822,三级,沙发,shāfā,名
823,三级,山,shān,名
824,三级,上衣,shàngyī,名
825,三级,勺子,sháozi,名
826,三级,身边,shēnbiān,名
827,三级,身高,shēngāo,名
828,三级,声,shēng,名、量
829,三级,生活,shēnghuó,名、动
830,三级,生气,shēngqì,动
831,三级,声音,shēngyīn,名
832,三级,市,shì,名
833,三级,试,shì,动
834,三级,室,shì,名
835,三级,世界,shìjiè,名
836,三级,收,shōu,动
837,三级,收到,shōudào,动
838,三级,受,shòu,动
839,三级,瘦,shòu,形
840,三级,受到,shòudào,动
841,三级,叔叔,shūshu,名
842,三级,树,shù,名
843,三级,数学,shùxué,名
844,三级,刷,shuā,动
845,三级,双,shuāng,量
846,三级,水平,shuǐpíng,名
847,三级,司机,sījī,名
848,三级,四季,sìjì,名
849,三级,太阳,tàiyáng,名
850,三级,糖,táng,名
851,三级,特别,tèbié,形、副
852,三级,提高,tígāo,动
853,三级,体育,tǐyù,名
854,三级,体育馆,tǐyùguǎn,名
855,三级,甜,tián,形
856,三级,跳,tiào,动
857,三级,听说,tīngshuō,动
858,三级（七-九级）,挺,tǐng,副、（动）
859,三级,同事,tóngshì,名
860,三级,同意,tóngyì,动
861,三级,头发,tóufa,名
862,三级,突然,tūrán,形
863,三级,图书馆,túshūguǎn,名
864,三级,腿,tuǐ,名
865,三级,外地,wàidì,名
866,三级,外卖,wàimài,动、名
867,三级,外语,wàiyǔ,名
868,三级,完成,wánchéng,动
869,三级,碗,wǎn,名
870,三级,晚点,wǎndiǎn,动
871,三级,晚会,wǎnhuì,名
872,三级,网球,wǎngqiú,名
873,三级,网站,wǎngzhàn,名
874,三级,忘记,wàngjì,动
875,三级,为,wèi,介
876,三级,为了,wèile,介
877,三级,卫生间,wèishēngjiān,名
878,三级,文化,wénhuà,名
879,三级,屋子,wūzi,名
880,三级,西,xī,名
881,三级,西北,xīběi,名
882,三级,西方,xīfāng,名
883,三级,西瓜,xīguā,名
884,三级,西南,xīnán,名
885,三级,习惯,xíguàn,动、名
886,三级,喜爱,xǐ’ài,动
887,三级,洗衣机,xǐyījī,名
888,三级,洗澡,xǐzǎo,动
889,三级,夏天,xiàtiān,名
890,三级,先,xiān,副
891,三级,香蕉,xiāngjiāo,名
892,三级,相信,xiāngxìn,动
893,三级,箱子,xiāngzi,名
894,三级,向,xiàng,动、介
895,三级（四级）（七-九级）,像,xiàng,动、（副）、（名）
896,三级,相机,xiàngjī,名
897,三级,小区,xiǎoqū,名
898,三级,小心,xiǎoxīn,动、形
899,三级,校园,xiàoyuán,名
900,三级,校长,xiàozhǎng,名
901,三级,鞋,xié,名
902,三级,心里,xīnlǐ,名
903,三级,新年,xīnnián,名
904,三级,新闻,xīnwén,名
905,三级,新鲜,xīnxiān,形
906,三级,信,xìn,动、名
907,三级,信用卡,xìnyòngkǎ,名
908,三级,行,xíng,动、形
909,三级,行李,xíngli,名
910,三级,兴趣,xìngqù,名
911,三级,休假,xiūjià,动
912,三级,需要,xūyào,动、名
913,三级,选,xuǎn,动
914,三级,选择,xuǎnzé,动
915,三级,学期,xuéqī,名
916,三级,牙,yá,名
917,三级,牙刷,yáshuā,名
918,三级,羊,yáng,名
919,三级,养,yǎng,动
920,三级,要求,yāoqiú,动、名
921,三级,页,yè,量
922,三级,一定,yídìng,形、副
923,三级,一共,yígòng,副
924,三级,一块儿,yíkuàir,名、副
925,三级,一样,yíyàng,形
926,三级,以后,yǐhòu,名
927,三级,以前,yǐqián,名
928,三级,以上,yǐshàng,名
929,三级,以外,yǐwài,名
930,三级,以为,yǐwéi,动
931,三级,以下,yǐxià,名
932,三级,一般,yìbān,形
933,三级,一边,yìbiān,副
934,三级,一直,yìzhí,副
935,三级,音乐,yīnyuè,名
936,三级,银行,yínháng,名
937,三级,银行卡,yínhángkǎ,名
938,三级,饮料,yǐnliào,名
939,三级,应该,yīnggāi,动
940,三级,影响,yǐngxiǎng,动、名
941,三级,用,yòng,动
942,三级,邮件,yóujiàn,名
943,三级,游客,yóukè,名
944,三级,游戏,yóuxì,名
945,三级,邮箱,yóuxiāng,名
946,三级,有关,yǒuguān,动、介
947,三级,有名,yǒumíng,形
948,三级,有用,yǒuyòng,形
949,三级,又,yòu,副
950,三级,羽毛球,yǔmáoqiú,名
951,三级,语言,yǔyán,名
952,三级,雨衣,yǔyī,名
953,三级,遇到,yùdào,动
954,三级,遇见,yùjiàn,动
955,三级,园,yuán,名
956,三级,员,yuán,后缀
957,三级,愿意,yuànyì,动
958,三级,越,yuè,副
959,三级,月亮,yuèliang,名
960,三级,运动会,yùndònghuì,名
961,三级,运动员,yùndòngyuán,名
962,三级,咱们,zánmen,代
963,三级,脏,zāng,形
964,三级,怎么办,zěnme bàn,
965,三级,怎样,zěnyàng,代
966,三级,站2,zhàn,动
967,三级,张,zhāng,动、量
968,三级,长,zhǎng,动、后缀
969,三级,着急,zháojí,形
970,三级,照,zhào,动
971,三级,照顾,zhàogù,动
972,三级,照片,zhàopiàn,名
973,三级,照相,zhàoxiàng,动
974,三级,直到,zhídào,动
975,三级,只,zhǐ,副
976,三级,纸,zhǐ,名
977,三级,只能,zhǐ néng,
978,三级,只是,zhǐshì,副、连
979,三级,只要,zhǐyào,连
980,三级,只有,zhǐyǒu,连
981,三级,中,zhōng,名
982,三级,中间,zhōngjiān,名
983,三级,终于,zhōngyú,副
984,三级,种,zhǒng,量
985,三级,重要,zhòngyào,形
986,三级,周末,zhōumò,名
987,三级,主要,zhǔyào,形
988,三级,注意,zhùyì,动
989,三级,住院,zhùyuàn,动
990,三级,字典,zìdiǎn,名
991,三级,自行车,zìxíngchē,名
992,三级,子,zi,后缀
993,三级（五级）,总,zǒng,副、（动、形）
994,三级,总是,zǒngshì,副
995,三级,嘴,zuǐ,名
996,三级,最好,zuìhǎo,副
997,三级,最后,zuìhòu,名
998,三级,最近,zuìjìn,名
999,三级,做客,zuòkè,动
1000,三级,作业,zuòyè,名
1001,四级,啊,ā,叹
1002,四级,爱情,àiqíng,名
1003,四级,爱心,àixīn,名
1004,四级,安检,ānjiǎn,动
1005,四级,安排,ānpái,动
1006,四级,按,àn,动、介
1007,四级,按时,ànshí,副
1008,四级,按照,ànzhào,介
1009,四级,白酒,báijiǔ,名
1010,四级,办公,bàngōng,动
1011,四级,办理,bànlǐ,动
1012,四级,办事,bànshì,动
1013,四级（五级）,棒,bàng,形、（名）
1014,四级,保护,bǎohù,动
1015,四级,保证,bǎozhèng,动、名
1016,四级,抱,bào,动
1017,四级,报考,bàokǎo,动
1018,四级,报名,bàomíng,动
1019,四级,抱歉,bàoqiàn,形
1020,四级,背,bēi,动
1021,四级,背包,bēibāo,名
1022,四级,北部,běibù,名
1023,四级,倍,bèi,量
1024,四级,本科,běnkē,名
1025,四级,本来,běnlái,形、副
1026,四级,笨,bèn,形
1027,四级,鼻子,bízi,名
1028,四级,笔试,bǐshì,动
1029,四级,毕业,bìyè,动
1030,四级,毕业生,bìyèshēng,名
1031,四级,便于,biànyú,动
1032,四级,标准,biāozhǔn,名、形
1033,四级（七-九级）,表,biǎo,名、（动）
1034,四级,表格,biǎogé,名
1035,四级,表示,biǎoshì,动
1036,四级,表现,biǎoxiàn,动
1037,四级,表扬,biǎoyáng,动
1038,四级,饼干,bǐnggān,名
1039,四级,并,bìng,动、副、连
1040,四级,并且,bìngqiě,连
1041,四级,播放,bōfàng,动
1042,四级,博士,bóshì,名
1043,四级,不必,búbì,副
1044,四级,不便,búbiàn,形、动
1045,四级,不断,búduàn,动、副
1046,四级,不够,búgòu,动、副
1047,四级（五级）,不过,búguò,连、（副）
1048,四级,不论,búlùn,连
1049,四级,步,bù,名
1050,四级,部,bù,名、量
1051,四级,不得不,bùdébù,副
1052,四级,部分,bùfen,名
1053,四级,不管,bùguǎn,连
1054,四级,不光,bùguāng,副、连
1055,四级,不仅,bùjǐn,连
1056,四级,不满,bùmǎn,形
1057,四级,部门,bùmén,名
1058,四级,不如,bùrú,动
1059,四级,擦,cā,动
1060,四级,猜,cāi,动
1061,四级,材料,cáiliào,名
1062,四级,参观,cānguān,动
1063,四级,参赛,cānsài,动
1064,四级,餐厅,cāntīng,名
1065,四级,操场,cāochǎng,名
1066,四级,厕所,cèsuǒ,名
1067,四级,查看,chákàn,动
1068,四级,茶叶,cháyè,名
1069,四级,查找,cházhǎo,动
1070,四级,差点儿,chàdiǎnr,形、副
1071,四级,产生,chǎnshēng,动
1072,四级,厂,chǎng,名
1073,四级,场,chǎng,量
1074,四级,超过,chāoguò,动
1075,四级,车速,chēsù,名
1076,四级,车位,chēwèi,名
1077,四级,城,chéng,名
1078,四级,乘1,chéng,动
1079,四级,成功,chénggōng,动、形
1080,四级,乘客,chéngkè,名
1081,四级,诚实,chéngshí,形
1082,四级,成为,chéngwéi,动
1083,四级,乘坐,chéngzuò,动
1084,四级,吃惊,chījīng,动
1085,四级,迟,chí,形
1086,四级（五级）,重,chóng,副、（动）
1087,四级,重新,chóngxīn,副
1088,四级,出差,chūchāi,动
1089,四级（五级）,出口,chūkǒu,名、（动）
1090,四级,出现,chūxiàn,动
1091,四级,出行,chūxíng,动
1092,四级,出租,chūzū,动
1093,四级,厨房,chúfáng,名
1094,四级,厨师,chúshī,名
1095,四级,窗,chuāng,名
1096,四级,窗户,chuānghu,名
1097,四级,吹,chuī,动
1098,四级,词语,cíyǔ,名
1099,四级,此,cǐ,代
1100,四级,此次,cǐ cì,
1101,四级,此外,cǐwài,连
1102,四级,从此,cóngcǐ,副
1103,四级,从来,cónglái,副
1104,四级,从中,cóngzhōng,副
1105,四级,粗,cū,形
1106,四级,粗心,cūxīn,形
1107,四级,村,cūn,名
1108,四级,存,cún,动
1109,四级,错过,cuòguò,动
1110,四级,错误,cuòwù,形、名
1111,四级,答应,dāying,动
1112,四级,答,dá,动
1113,四级,答案,dá’àn,名
1114,四级,达到,dádào,动
1115,四级,打招呼,dǎ zhāohu,
1116,四级,打败,dǎbài,动
1117,四级,打工,dǎgōng,动
1118,四级,打扰,dǎrǎo,动
1119,四级,打印,dǎyìn,动
1120,四级,打印机,dǎyìnjī,名
1121,四级,打折,dǎzhé,动
1122,四级,打针,dǎzhēn,动
1123,四级,大巴,dàbā,名
1124,四级,大大,dàdà,副
1125,四级,大夫,dàifu,名
1126,四级,大量,dàliàng,形
1127,四级,大赛,dàsài,名
1128,四级,大厅,dàtīng,名
1129,四级,大约,dàyuē,副
1130,四级,大自然,dàzìrán,名
1131,四级,待,dāi,动
1132,四级,戴,dài,动
1133,四级,袋子,dàizi,名
1134,四级,单位,dānwèi,名
1135,四级,当,dāng,动、介
1136,四级,当时,dāngshí,名
1137,四级,刀,dāo,名
1138,四级,导游,dǎoyóu,动、名
1139,四级（六级）,倒,dào,动、（副）
1140,四级,道,dào,名、量
1141,四级,到底,dàodǐ,副
1142,四级,到来,dàolái,动
1143,四级,道路,dàolù,名
1144,四级,道歉,dàoqiàn,动
1145,四级,得意,déyì,形
1146,四级,登机,dēngjī,动
1147,四级（五级）,等2,děng,助、（名、量）
1148,四级,等到,děngdào,介
1149,四级,低,dī,形、动
1150,四级,低价,dījià,名
1151,四级,低温,dīwēn,名
1152,四级,低于,dīyú,动
1153,四级,底,dǐ,名
1154,四级,底下,dǐxia,名
1155,四级,地球,dìqiú,名
1156,四级,地址,dìzhǐ,名
1157,四级,点名,diǎnmíng,动
1158,四级,点头,diǎntóu,动
1159,四级,电动车,diàndòngchē,名
1160,四级,电视剧,diànshìjù,名
1161,四级,掉,diào,动
1162,四级,调查,diàochá,动
1163,四级,订,dìng,动
1164,四级,定,dìng,动
1165,四级,东部,dōngbù,名
1166,四级,动车,dòngchē,名
1167,四级,动作,dòngzuò,名
1168,四级,读者,dúzhě,名
1169,四级,堵车,dǔchē,动
1170,四级,度假,dùjià,动
1171,四级,肚子,dùzi,名
1172,四级,短信,duǎnxìn,名
1173,四级（五级）,队,duì,名、（量）
1174,四级,对方,duìfāng,名
1175,四级,对面,duìmiàn,名
1176,四级,对于,duìyú,介
1177,四级,队员,duìyuán,名
1178,四级,队长,duìzhǎng,名
1179,四级（七-九级）,顿,dùn,量、（动）
1180,四级,多么,duōme,副
1181,四级,多数,duōshù,名
1182,四级,多样,duōyàng,形
1183,四级,而,ér,连
1184,四级,儿童,értóng,名
1185,四级,发出,fāchū,动
1186,四级,发送,fāsòng,动
1187,四级,法,fǎ,名
1188,四级,法律,fǎlǜ,名
1189,四级,翻译,fānyì,动、名
1190,四级,烦,fán,形、动
1191,四级,烦恼,fánnǎo,形
1192,四级,反对,fǎnduì,动
1193,四级,方面,fāngmiàn,名
1194,四级,方式,fāngshì,名
1195,四级,房东,fángdōng,名
1196,四级,房租,fángzū,名
1197,四级,放弃,fàngqì,动
1198,四级,放松,fàngsōng,动
1199,四级,费,fèi,名、动
1200,四级,费用,fèiyong,名
1201,四级,分数,fēnshù,名
1202,四级,分为,fēnwéi,动
1203,四级,份,fèn,量
1204,四级,丰富,fēngfù,形
1205,四级,风景,fēngjǐng,名
1206,四级,否则,fǒuzé,连
1207,四级,幅,fú,量
1208,四级,符合,fúhé,动
1209,四级,付,fù,动
1210,四级,父母,fùmǔ,名
1211,四级,父女,fùnǚ,名
1212,四级,父亲,fùqīn,名
1213,四级,复印,fùyìn,动
1214,四级,复杂,fùzá,形
1215,四级,负责,fùzé,动、形
1216,四级,负责人,fùzérén,名
1217,四级,父子,fùzǐ,名
1218,四级,改,gǎi,动
1219,四级,改变,gǎibiàn,动
1220,四级（五级）,干,gān,形、（名）
1221,四级,干杯,gānbēi,动
1222,四级,赶,gǎn,动
1223,四级,敢,gǎn,动
1224,四级,感,gǎn,后缀
1225,四级,感动,gǎndòng,形、动
1226,四级,赶紧,gǎnjǐn,副
1227,四级,感觉,gǎnjué,名、动
1228,四级,赶快,gǎnkuài,副
1229,四级,感情,gǎnqíng,名
1230,四级,感人,gǎnrén,形
1231,四级,赶上,gǎnshàng,动
1232,四级,感受,gǎnshòu,动、名
1233,四级,感谢,gǎnxiè,动
1234,四级,干活儿,gànhuór,动
1235,四级,钢琴,gāngqín,名
1236,四级,高价,gāojià,名
1237,四级,高考,gāokǎo,名
1238,四级,高速,gāosù,形
1239,四级,高温,gāowēn,名
1240,四级,高于,gāoyú,动
1241,四级,胳膊,gēbo,名
1242,四级,歌声,gēshēng,名
1243,四级,歌手,gēshǒu,名
1244,四级,各,gè,代、副
1245,四级,各地,gèdì,名
1246,四级,各个,gègè,代、副
1247,四级,各位,gèwèi,代
1248,四级,各种,gèzhǒng,代
1249,四级,更加,gèngjiā,副
1250,四级,工厂,gōngchǎng,名
1251,四级,功夫,gōngfu,名
1252,四级,公共,gōnggòng,形
1253,四级,功课,gōngkè,名
1254,四级,公里,gōnglǐ,量
1255,四级,公路,gōnglù,名
1256,四级,工人,gōngrén,名
1257,四级,工资,gōngzī,名
1258,四级,共,gòng,副
1259,四级,共同,gòngtóng,形
1260,四级,够,gòu,动、副
1261,四级,购买,gòumǎi,动
1262,四级,购物,gòuwù,动
1263,四级,估计,gūjì,动
1264,四级,姑娘,gūniang,名
1265,四级,鼓励,gǔlì,动
1266,四级,顾客,gùkè,名
1267,四级,故意,gùyì,副
1268,四级,挂,guà,动
1269,四级,关键,guānjiàn,名、形
1270,四级,观看,guānkàn,动
1271,四级,观众,guānzhòng,名
1272,四级（五级）,管,guǎn,动、（名、量）
1273,四级,管理,guǎnlǐ,动
1274,四级,光,guāng,名、形、动、副
1275,四级,广播,guǎngbō,动、名
1276,四级,广告,guǎnggào,名
1277,四级,逛,guàng,动
1278,四级,规定,guīdìng,动、名
1279,四级,国籍,guójí,名
1280,四级,国际,guójì,形、名
1281,四级,果汁,guǒzhī,名
1282,四级,过程,guòchéng,名
1283,四级,海洋,hǎiyáng,名
1284,四级,害羞,hàixiū,形
1285,四级,寒假,hánjià,名
1286,四级,寒冷,hánlěng,形
1287,四级,喊,hǎn,动
1288,四级,汗,hàn,名
1289,四级,航班,hángbān,名
1290,四级,好处,hǎochù,名
1291,四级,好好,hǎohǎo,形、副
1292,四级,好笑,hǎoxiào,形
1293,四级,合格,hégé,形
1294,四级,盒子,hézi,名
1295,四级,红包,hóngbāo,名
1296,四级,厚,hòu,形
1297,四级,后悔,hòuhuǐ,动
1298,四级,忽然,hūrán,副
1299,四级,互联网,hùliánwǎng,名
1300,四级,护士,hùshi,名
1301,四级,互相,hùxiāng,副
1302,四级,话剧,huàjù,名
1303,四级,怀疑,huáiyí,动
1304,四级,坏处,huàichù,名
1305,四级,环保,huánbǎo,名、形
1306,四级,换乘,huànchéng,动
1307,四级,回复,huífù,动
1308,四级,回信,huíxìn,动、名
1309,四级,回忆,huíyì,动
1310,四级,会员,huìyuán,名
1311,四级,活,huó,动、形、名
1312,四级,活动,huódòng,动、名
1313,四级,活泼,huópō,形
1314,四级,火,huǒ,名、形
1315,四级,货,huò,名
1316,四级,获得,huòdé,动
1317,四级,获奖,huòjiǎng,动
1318,四级,获取,huòqǔ,动
1319,四级,基本,jīběn,形、副
1320,四级,基本上,jīběnshàng,副
1321,四级,基础,jīchǔ,名
1322,四级,激动,jīdòng,形、动
1323,四级,积极,jījí,形
1324,四级,积累,jīlěi,动
1325,四级,及时,jíshí,形、副
1326,四级,即使,jíshǐ,连
1327,四级,既,jì,副、连
1328,四级,寄,jì,动
1329,四级,计划,jìhuà,名、动
1330,四级,既然,jìrán,连
1331,四级,技术,jìshù,名
1332,四级,继续,jìxù,动
1333,四级,记者,jìzhě,名
1334,四级,加班,jiābān,动
1335,四级,家具,jiājù,名
1336,四级,加快,jiākuài,动
1337,四级,加强,jiāqiáng,动
1338,四级,加入,jiārù,动
1339,四级,加上,jiāshàng,连
1340,四级,家庭,jiātíng,名
1341,四级,家乡,jiāxiāng,名
1342,四级,加油,jiāyóu,动
1343,四级,加油站,jiāyóuzhàn,名
1344,四级,家长,jiāzhǎng,名
1345,四级,假,jiǎ,形
1346,四级,价格,jiàgé,名
1347,四级,价钱,jiàqián,名
1348,四级,假日,jiàrì,名
1349,四级,减,jiǎn,动
1350,四级,减轻,jiǎnqīng,动
1351,四级,减少,jiǎnshǎo,动
1352,四级,健身,jiànshēn,动
1353,四级,健身房,jiànshēnfáng,名
1354,四级,建议,jiànyì,动、名
1355,四级,江,jiāng,名
1356,四级,将,jiāng,介、副
1357,四级,将来,jiānglái,名
1358,四级,将要,jiāngyào,副
1359,四级（五级）,奖,jiǎng,名、（动）
1360,四级,奖金,jiǎngjīn,名
1361,四级,奖学金,jiǎngxuéjīn,名
1362,四级,降,jiàng,动
1363,四级,降低,jiàngdī,动
1364,四级,降价,jiàngjià,动
1365,四级,降落,jiàngluò,动
1366,四级,降温,jiàngwēn,动
1367,四级（七-九级）,交,jiāo,动、（名）
1368,四级,骄傲,jiāo’ào,形、名
1369,四级,交警,jiāojǐng,名
1370,四级,交流,jiāoliú,动
1371,四级,郊区,jiāoqū,名
1372,四级,交通,jiāotōng,名
1373,四级,教练,jiàoliàn,名
1374,四级,教师,jiàoshī,名
1375,四级,教授,jiàoshòu,名
1376,四级,教学,jiàoxué,名
1377,四级,教育,jiàoyù,名、动
1378,四级,叫作,jiàozuò,动
1379,四级,街道,jiēdào,名
1380,四级,接受,jiēshòu,动
1381,四级,接着,jiēzhe,动、副
1382,四级,结果,jiéguǒ,名、连
1383,四级,节假日,jiéjiàrì,名
1384,四级,节约,jiéyuē,动
1385,四级,结账,jiézhàng,动
1386,四级,解释,jiěshì,动
1387,四级,今后,jīnhòu,名
1388,四级,仅,jǐn,副
1389,四级,尽管,jǐnguǎn,副、连
1390,四级,仅仅,jǐnjǐn,副
1391,四级,紧张,jǐnzhāng,形
1392,四级,进入,jìnrù,动
1393,四级,进行,jìnxíng,动
1394,四级,禁止,jìnzhǐ,动
1395,四级,精彩,jīngcǎi,形
1396,四级（五级）,经济,jīngjì,名、（形）
1397,四级,京剧,jīngjù,名
1398,四级,经历,jīnglì,动、名
1399,四级,经验,jīngyàn,名
1400,四级,警察,jǐngchá,名
1401,四级,景点,jǐngdiǎn,名
1402,四级,景区,jǐngqū,名
1403,四级,景色,jǐngsè,名
1404,四级,竟然,jìngrán,副
1405,四级,竞争,jìngzhēng,动
1406,四级,镜子,jìngzi,名
1407,四级（五级）,究竟,jiūjìng,副、（名）
1408,四级,就是,jiùshì,助、副、连
1409,四级,举,jǔ,动
1410,四级,举办,jǔbàn,动
1411,四级,举例,jǔlì,动
1412,四级,举行,jǔxíng,动
1413,四级,聚,jù,动
1414,四级,聚餐,jùcān,动
1415,四级,聚会,jùhuì,动、名
1416,四级,拒绝,jùjué,动
1417,四级,距离,jùlí,动、名
1418,四级,剧院,jùyuàn,名
1419,四级,开玩笑,kāi wánxiào,
1420,四级,看法,kànfǎ,名
1421,四级,烤,kǎo,动
1422,四级,考虑,kǎolǜ,动
1423,四级,考生,kǎoshēng,名
1424,四级,棵,kē,量
1425,四级,科技,kējì,名
1426,四级,科学,kēxué,名、形
1427,四级,咳,ké,动
1428,四级,咳嗽,késou,动
1429,四级,可惜,kěxī,形
1430,四级,克,kè,量
1431,四级,课程,kèchéng,名
1432,四级,客气,kèqi,形、动
1433,四级,课堂,kètáng,名
1434,四级,客厅,kètīng,名
1435,四级,肯定,kěndìng,动、形、副
1436,四级（五级）,空,kōng,形、（副）
1437,四级,空气,kōngqì,名
1438,四级,恐怕,kǒngpà,动、副
1439,四级,空,kòng,动、形、名
1440,四级,口语,kǒuyǔ,名
1441,四级,苦,kǔ,形
1442,四级,快餐,kuàicān,名
1443,四级,快递,kuàidì,名
1444,四级,快速,kuàisù,形
1445,四级（五级）,困,kùn,形、（动）
1446,四级,困难,kùnnan,形、名
1447,四级,拉,lā,动
1448,四级,垃圾,lājī,名
1449,四级,辣,là,形
1450,四级,来不及,láibují,动
1451,四级,来得及,láidejí,动
1452,四级,懒,lǎn,形
1453,四级,浪费,làngfèi,动
1454,四级,浪漫,làngmàn,形
1455,四级,老虎,lǎohǔ,名
1456,四级,老家,lǎojiā,名
1457,四级,老年,lǎonián,名
1458,四级,老是,lǎoshì,副
1459,四级,冷静,lěngjìng,形
1460,四级,理发,lǐfà,动
1461,四级,理解,lǐjiě,动
1462,四级,礼貌,lǐmào,名、形
1463,四级,理想,lǐxiǎng,名、形
1464,四级,厉害,lìhai,形
1465,四级,力气,lìqi,名
1466,四级,例如,lìrú,动
1467,四级,例子,lìzi,名
1468,四级,俩,liǎ,数量
1469,四级（五级）,连,lián,介、（动、副）
1470,四级,联系,liánxì,动
1471,四级,凉,liáng,形
1472,四级,量,liáng,动
1473,四级,两2,liǎng,量
1474,四级,亮,liàng,形、动
1475,四级,列,liè,动、量
1476,四级,零下,líng xià,
1477,四级,零花钱,línghuāqián,名
1478,四级,零钱,língqián,名
1479,四级,零食,língshí,名
1480,四级（六级）,另,lìng,代、（副）
1481,四级,另外,lìngwài,代、副、连
1482,四级,留,liú,动
1483,四级,流,liú,动
1484,四级,流利,liúlì,形
1485,四级,留下,liúxia,动
1486,四级,流行,liúxíng,动
1487,四级,路过,lùguò,动
1488,四级,旅馆,lǚguǎn,名
1489,四级,旅客,lǚkè,名
1490,四级,旅行,lǚxíng,动
1491,四级,律师,lǜshī,名
1492,四级,乱,luàn,形、副
1493,四级,落,luò,动
1494,四级,麻烦,máfan,形、动、名
1495,四级,馒头,mántou,名
1496,四级,满,mǎn,形、动
1497,四级,毛巾,máojīn,名
1498,四级,毛衣,máoyī,名
1499,四级,帽子,màozi,名
1500,四级,美,měi,形
1501,四级,美好,měihǎo,形
1502,四级,美景,měijǐng,名
1503,四级,美丽,měilì,形
1504,四级,美食,měishí,名
1505,四级,梦,mèng,名、动
1506,四级,梦想,mèngxiǎng,动、名
1507,四级,密码,mìmǎ,名
1508,四级,免费,miǎnfèi,动
1509,四级,面对,miànduì,动
1510,四级,面试,miànshì,动
1511,四级,秒,miǎo,量
1512,四级,民族,mínzú,名
1513,四级,末,mò,名
1514,四级,母女,mǔnǚ,名
1515,四级,母亲,mǔqīn,名
1516,四级,母子,mǔzǐ,名
1517,四级,目标,mùbiāo,名
1518,四级,目的,mùdì,名
1519,四级,目的地,mùdìdì,名
1520,四级,目前,mùqián,名
1521,四级,耐心,nàixīn,形、名
1522,四级,南部,nánbù,名
1523,四级,难道,nándào,副
1524,四级,男士,nánshì,名
1525,四级,难受,nánshòu,形
1526,四级,难忘,nánwàng,动
1527,四级,男性,nánxìng,名
1528,四级,内,nèi,名
1529,四级,内容,nèiróng,名
1530,四级,内心,nèixīn,名
1531,四级,能否,néng fǒu,
1532,四级,能够,nénggòu,动
1533,四级,能力,nénglì,名
1534,四级,嗯,ǹg,叹
1535,四级,年底,niándǐ,名
1536,四级,年龄,niánlíng,名
1537,四级,农村,nóngcūn,名
1538,四级,弄,nòng,动
1539,四级,女性,nǚxìng,名
1540,四级,暖和,nuǎnhuo,形、动
1541,四级,偶尔,ǒu’ěr,副、形
1542,四级,拍,pāi,动、名
1543,四级,排,pái,动、名、量
1544,四级,牌,pái,名
1545,四级,排队,páiduì,动
1546,四级,排球,páiqiú,名
1547,四级,牌子,páizi,名
1548,四级,判断,pànduàn,动
1549,四级,陪,péi,动
1550,四级,批评,pīpíng,动
1551,四级,皮肤,pífū,名
1552,四级,脾气,píqi,名
1553,四级,皮鞋,píxié,名
1554,四级,篇,piān,名、量
1555,四级,片,piàn,名、量
1556,四级,乒乓球,pīngpāngqiú,名
1557,四级,平常,píngcháng,形、名
1558,四级,破,pò,动、形
1559,四级,葡萄,pútao,名
1560,四级,葡萄酒,pútaojiǔ,名
1561,四级,普遍,pǔbiàn,形
1562,四级,普通,pǔtōng,形
1563,四级,普通话,pǔtōnghuà,名
1564,四级,期,qī,量
1565,四级,期末,qīmò,名
1566,四级,期中,qīzhōng,名
1567,四级,其次,qícì,代
1568,四级,其中,qízhōng,名
1569,四级,起到,qǐdào,动
1570,四级,气,qì,名、动
1571,四级,气候,qìhòu,名
1572,四级,汽水,qìshuǐ,名
1573,四级,气温,qìwēn,名
1574,四级,千克,qiānkè,量
1575,四级,千万,qiānwàn,副
1576,四级,签证,qiānzhèng,动、名
1577,四级,前方,qiánfāng,名
1578,四级,前后,qiánhòu,名
1579,四级,强,qiáng,形
1580,四级,敲,qiāo,动
1581,四级,桥,qiáo,名
1582,四级,巧,qiǎo,形
1583,四级,巧克力,qiǎokèlì,名
1584,四级,亲戚,qīnqi,名
1585,四级,琴,qín,名
1586,四级,轻,qīng,形
1587,四级,青年,qīngnián,名
1588,四级,轻松,qīngsōng,形
1589,四级,情况,qíngkuàng,名
1590,四级,庆祝,qìngzhù,动
1591,四级,球队,qiúduì,名
1592,四级,球迷,qiúmí,名
1593,四级,区,qū,名
1594,四级,区别,qūbié,动、名
1595,四级,取,qǔ,动
1596,四级,取得,qǔdé,动
1597,四级,取消,qǔxiāo,动
1598,四级,全,quán,形、副
1599,四级,全部,quánbù,名
1600,四级,全都,quándōu,副
1601,四级,全球,quánqiú,名
1602,四级,全身,quánshēn,名
1603,四级,缺,quē,动
1604,四级,缺点,quēdiǎn,名
1605,四级,缺少,quēshǎo,动
1606,四级,却,què,副
1607,四级,确实,quèshí,副
1608,四级,然而,rán’ér,连
1609,四级,热闹,rènao,形、动、名
1610,四级,人生,rénshēng,名
1611,四级,人数,rénshù,名
1612,四级,人员,rényuán,名
1613,四级,任何,rènhé,代
1614,四级,任务,rènwu,名
1615,四级,扔,rēng,动
1616,四级,仍,réng,副
1617,四级,仍然,réngrán,副
1618,四级,日常,rìcháng,形
1619,四级,日记,rìjì,名
1620,四级,日期,rìqī,名
1621,四级,日子,rìzi,名
1622,四级,入,rù,动
1623,四级,入口,rùkǒu,名
1624,四级,入学,rùxué,动
1625,四级,入住,rùzhù,动
1626,四级,散步,sànbù,动
1627,四级,扫码,sǎomǎ,动
1628,四级,森林,sēnlín,名
1629,四级,商量,shāngliang,动
1630,四级,商品,shāngpǐn,名
1631,四级,伤心,shāngxīn,形
1632,四级,上门,shàngmén,动
1633,四级,稍,shāo,副
1634,四级,稍微,shāowēi,副
1635,四级,少见,shǎojiàn,形
1636,四级,少量,shǎoliàng,形
1637,四级,少数,shǎoshù,名
1638,四级,少年,shàonián,名
1639,四级,社会,shèhuì,名
1640,四级,摄氏度,shèshìdù,量
1641,四级,身,shēn,名、量
1642,四级（五级）,深,shēn,形、（副）
1643,四级,身份证,shēnfènzhèng,名
1644,四级,申请,shēnqǐng,动
1645,四级,甚至,shènzhì,连
1646,四级,生1,shēng,动
1647,四级（七-九级）,生2,shēng,形、（副）
1648,四级,生命,shēngmìng,名
1649,四级,生意,shēngyi,名
1650,四级,省1,shěng,名
1651,四级,剩,shèng,动
1652,四级,失败,shībài,动、形
1653,四级,师傅,shīfu,名
1654,四级,失去,shīqù,动
1655,四级,师生,shīshēng,名
1656,四级,失望,shīwàng,动、形
1657,四级,十分,shífēn,副
1658,四级,实际,shíjì,名、形
1659,四级,时间表,shíjiānbiǎo,名
1660,四级,实际上,shíjìshàng,副
1661,四级,食品,shípǐn,名
1662,四级,食堂,shítáng,名
1663,四级,食物,shíwù,名
1664,四级,实在,shízài,形、副
1665,四级,十字路口,shízì lùkǒu,
1666,四级,使,shǐ,动
1667,四级,使馆,shǐguǎn,名
1668,四级,使用,shǐyòng,动
1669,四级,市场,shìchǎng,名
1670,四级,是否,shìfǒu,副
1671,四级,适合,shìhé,动
1672,四级,世纪,shìjì,名
1673,四级,视频,shìpín,名
1674,四级,市区,shìqū,名
1675,四级,试题,shìtí,名
1676,四级,适应,shìyìng,动
1677,四级,收费,shōufèi,动
1678,四级,收入,shōurù,动、名
1679,四级,收拾,shōushi,动
1680,四级,收听,shōutīng,动
1681,四级,首,shǒu,量
1682,四级,首都,shǒudū,名
1683,四级,首先,shǒuxiān,副、代
1684,四级,受不了,shòubuliǎo,动
1685,四级,售票员,shòupiàoyuán,名
1686,四级,受伤,shòushāng,动
1687,四级,输,shū,动
1688,四级,熟,shú/shóu,形
1689,四级,熟悉,shúxi,动
1690,四级,暑假,shǔjià,名
1691,四级,数,shù,名、数
1692,四级,数量,shùliàng,名
1693,四级,树林,shùlín,名
1694,四级,数字,shùzì,名
1695,四级,帅,shuài,形
1696,四级,顺便,shùnbiàn,副
1697,四级,顺利,shùnlì,形
1698,四级,顺序,shùnxù,名
1699,四级,说法,shuōfǎ,名
1700,四级,说明,shuōmíng,动、名
1701,四级,说明书,shuōmíngshū,名
1702,四级,硕士,shuòshì,名
1703,四级（五级）,死,sǐ,动、形、（副）
1704,四级,速度,sùdù,名
1705,四级,塑料,sùliào,名
1706,四级,酸,suān,形
1707,四级,酸奶,suānnǎi,名
1708,四级,算,suàn,动、副
1709,四级,随便,suíbiàn,动、形、连
1710,四级,随着,suízhe,介
1711,四级,孙女,sūnnǚ,名
1712,四级,孙子,sūnzi,名
1713,四级（五级）,所有,suǒyǒu,形、（动、名）
1714,四级（五级）,台,tái,量、（名）
1715,四级,抬,tái,动
1716,四级,抬头,táitóu,动
1717,四级,态度,tàidù,名
1718,四级,弹,tán,动
1719,四级,谈,tán,动
1720,四级,汤,tāng,名
1721,四级,躺,tǎng,动
1722,四级,趟,tàng,量
1723,四级,讨论,tǎolùn,动
1724,四级,讨厌,tǎoyàn,形、动
1725,四级,特点,tèdiǎn,名
1726,四级,提,tí,动
1727,四级,提出,tíchū,动
1728,四级,提到,tídào,动
1729,四级,提供,tígōng,动
1730,四级,提前,tíqián,动
1731,四级,提醒,tíxǐng,动
1732,四级,体检,tǐjiǎn,动
1733,四级,体温,tǐwēn,名
1734,四级,体重,tǐzhòng,名
1735,四级,填写,tiánxiě,动
1736,四级,条件,tiáojiàn,名
1737,四级,听力,tīnglì,名
1738,四级,听众,tīngzhòng,名
1739,四级,停,tíng,动
1740,四级,停车,tíngchē,动
1741,四级,停车场,tíngchēchǎng,名
1742,四级,停止,tíngzhǐ,动
1743,四级（七-九级）,通,tōng,动、形、（量）
1744,四级,通过,tōngguò,动、介
1745,四级,通知,tōngzhī,动、名
1746,四级,童年,tóngnián,名
1747,四级,同时,tóngshí,名、连
1748,四级,同样,tóngyàng,形
1749,四级,桶,tǒng,名
1750,四级（七-九级）,痛,tòng,形、（副）
1751,四级,头痛,tóutòng,形
1752,四级（七-九级）,图,tú,名、（动）
1753,四级,图片,túpiàn,名
1754,四级（六级）,土,tǔ,名、（形）
1755,四级,推,tuī,动
1756,四级,推迟,tuīchí,动
1757,四级,推出,tuīchū,动
1758,四级,脱,tuō,动
1759,四级,袜子,wàzi,名
1760,四级,外出,wàichū,动
1761,四级,外套,wàitào,名
1762,四级,完全,wánquán,形、副
1763,四级,晚安,wǎn’ān,动
1764,四级,晚餐,wǎncān,名
1765,四级,网购,wǎnggòu,动
1766,四级,往往,wǎngwǎng,副
1767,四级,网页,wǎngyè,名
1768,四级,网友,wǎngyǒu,名
1769,四级,网址,wǎngzhǐ,名
1770,四级,危险,wēixiǎn,形、名
1771,四级,为1,wéi,动
1772,四级,味,wèi,名
1773,四级,味道,wèidào,名
1774,四级,卫生,wèishēng,形、名
1775,四级,温度,wēndù,名
1776,四级,闻,wén,动
1777,四级,文件,wénjiàn,名
1778,四级,文章,wénzhāng,名
1779,四级,文字,wénzì,名
1780,四级,污染,wūrǎn,动
1781,四级,无,wú,动
1782,四级,无法,wúfǎ,动
1783,四级,无聊,wúliáo,形
1784,四级,无论,wúlùn,连
1785,四级,午餐,wǔcān,名
1786,四级,误会,wùhuì,动、名
1787,四级,吸,xī,动
1788,四级,西部,xībù,名
1789,四级,西红柿,xīhóngshì,名
1790,四级,吸引,xīyǐn,动
1791,四级,细,xì,形
1792,四级,细心,xìxīn,形
1793,四级,下降,xiàjiàng,动
1794,四级,鲜,xiān,形
1795,四级,鲜花,xiānhuā,名
1796,四级,咸,xián,形
1797,四级,现金,xiànjīn,名
1798,四级,羡慕,xiànmù,动
1799,四级,线上,xiànshàng,名
1800,四级,线下,xiànxià,名
1801,四级,现有,xiànyǒu,动、形
1802,四级,香,xiāng,形
1803,四级,相比,xiāngbǐ,动
1804,四级,相反,xiāngfǎn,形、连
1805,四级,相互,xiānghù,副
1806,四级,相同,xiāngtóng,形
1807,四级,详细,xiángxì,形
1808,四级,响,xiǎng,动、形
1809,四级,想法,xiǎngfǎ,名
1810,四级,项,xiàng,量
1811,四级,消息,xiāoxi,名
1812,四级,小吃,xiǎochī,名
1813,四级,小伙子,xiǎohuǒzi,名
1814,四级,小说,xiǎoshuō,名
1815,四级,小组,xiǎozǔ,名
1816,四级,效果,xiàoguǒ,名
1817,四级,笑话,xiàohua,名、动
1818,四级,血,xiě,名
1819,四级,心,xīn,名
1820,四级,辛苦,xīnkǔ,形、动
1821,四级,心情,xīnqíng,名
1822,四级,信号,xìnhào,名
1823,四级,信息,xìnxī,名
1824,四级,信心,xìnxīn,名
1825,四级,兴奋,xīngfèn,形、动
1826,四级,星星,xīngxing,名
1827,四级,醒,xǐng,动
1828,四级,性,xìng,后缀
1829,四级,性别,xìngbié,名
1830,四级,幸福,xìngfú,名、形
1831,四级,性格,xìnggé,名
1832,四级,兄弟,xiōngdì,名
1833,四级,熊,xióng,名
1834,四级,修,xiū,动
1835,四级,修理,xiūlǐ,动
1836,四级,许多,xǔduō,数
1837,四级,学费,xuéfèi,名
1838,四级,学院,xuéyuàn,名
1839,四级,压,yā,动
1840,四级,压力,yālì,名
1841,四级,牙膏,yágāo,名
1842,四级,亚洲,Yàzhōu,名
1843,四级,烟,yān,名
1844,四级,盐,yán,名
1845,四级,严格,yángé,形、动
1846,四级,研究,yánjiū,动
1847,四级,研究生,yánjiūshēng,名
1848,四级,严重,yánzhòng,形
1849,四级,演,yǎn,动
1850,四级,演唱,yǎnchàng,动
1851,四级,演出,yǎnchū,动
1852,四级,眼镜,yǎnjìng,名
1853,四级,眼前,yǎnqián,名
1854,四级,演员,yǎnyuán,名
1855,四级,阳光,yángguāng,名
1856,四级,养成,yǎngchéng,动
1857,四级,样子,yàngzi,名
1858,四级,邀请,yāoqǐng,动
1859,四级,要是,yàoshi,连
1860,四级,钥匙,yàoshi,名
1861,四级,也许,yěxǔ,副
1862,四级,夜,yè,名、量
1863,四级,夜晚,yèwǎn,名
1864,四级,叶子,yèzi,名
1865,四级,一切,yíqiè,代
1866,四级,已,yǐ,副
1867,四级,以内,yǐnèi,名
1868,四级,意见,yìjiàn,名
1869,四级,一生,yìshēng,名
1870,四级,艺术,yìshù,名
1871,四级,因此,yīncǐ,连
1872,四级,引起,yǐnqǐ,动
1873,四级,印象,yìnxiàng,名
1874,四级,赢,yíng,动
1875,四级,赢得,yíngdé,动
1876,四级,应聘,yìngpìn,动
1877,四级,勇敢,yǒnggǎn,形
1878,四级,永远,yǒngyuǎn,副、名
1879,四级,用来,yònglái,动
1880,四级,用于,yòngyú,动
1881,四级,优点,yōudiǎn,名
1882,四级,幽默,yōumò,形
1883,四级,优秀,yōuxiù,形
1884,四级,由,yóu,介
1885,四级,油,yóu,名
1886,四级,尤其,yóuqí,副
1887,四级,游玩,yóuwán,动
1888,四级,由于,yóuyú,介、连
1889,四级,友好,yǒuhǎo,形
1890,四级,友情,yǒuqíng,名
1891,四级,有趣,yǒuqù,形
1892,四级,有效,yǒuxiào,动
1893,四级,友谊,yǒuyì,名
1894,四级,有着,yǒuzhe,动
1895,四级,愉快,yúkuài,形
1896,四级,于是,yúshì,连
1897,四级,与,yǔ,介、连
1898,四级,语法,yǔfǎ,名
1899,四级,预习,yùxí,动
1900,四级,原来,yuánlái,名、形、副
1901,四级,原谅,yuánliàng,动
1902,四级,原因,yuányīn,名
1903,四级,远离,yuǎnlí,动
1904,四级,院长,yuànzhǎng,名
1905,四级,院子,yuànzi,名
1906,四级,约,yuē,动、副
1907,四级,约会,yuēhuì,动、名
1908,四级,月饼,yuèbing,名
1909,四级,阅读,yuèdú,动
1910,四级,月份,yuèfèn,名
1911,四级,云,yún,名
1912,四级,允许,yǔnxǔ,动
1913,四级,杂志,zázhì,名
1914,四级,再次,zàicì,副
1915,四级,再说,zàishuō,动、连
1916,四级,暂时,zànshí,形
1917,四级,暂停,zàntíng,动
1918,四级,早餐,zǎocān,名
1919,四级,早晨,zǎochen,名
1920,四级,责任,zérèn,名
1921,四级,增加,zēngjiā,动
1922,四级,增长,zēngzhǎng,动
1923,四级,招聘,zhāopìn,动
1924,四级,着,zháo,动
1925,四级,着火,zháohuǒ,动
1926,四级,者,zhě,助
1927,四级,真正,zhēnzhèng,形、副
1928,四级,整,zhěng,形
1929,四级,整个,zhěnggè,形
1930,四级,整理,zhěnglǐ,动
1931,四级,证,zhèng,名
1932,四级,正常,zhèngcháng,形
1933,四级,正好,zhènghǎo,形、副
1934,四级,证件,zhèngjiàn,名
1935,四级,证明,zhèngmíng,动、名
1936,四级,正确,zhèngquè,形
1937,四级,正式,zhèngshì,形
1938,四级,之1,zhī,助
1939,四级,支持,zhīchí,动
1940,四级,支付,zhīfù,动
1941,四级,之后,zhīhòu,名
1942,四级,之间,zhījiān,名
1943,四级,之前,zhīqián,名
1944,四级,知识,zhīshi,名
1945,四级,之中,zhīzhōng,名
1946,四级,值,zhí,动、形
1947,四级,值得,zhídé,动
1948,四级,直接,zhíjiē,形
1949,四级,植物,zhíwù,名
1950,四级,职业,zhíyè,名
1951,四级,指,zhǐ,动
1952,四级,指出,zhǐchū,动
1953,四级,只好,zhǐhǎo,副
1954,四级,纸巾,zhǐjīn,名
1955,四级,质量,zhìliàng,名
1956,四级,至少,zhìshǎo,副
1957,四级,中餐,zhōngcān,名
1958,四级,中年,zhōngnián,名
1959,四级,种,zhòng,动
1960,四级,重,zhòng,名、形
1961,四级,重点,zhòngdiǎn,名、副
1962,四级,重视,zhòngshì,动
1963,四级,周围,zhōuwéi,名
1964,四级,主意,zhǔyi,名
1965,四级,祝,zhù,动
1966,四级,祝贺,zhùhè,动
1967,四级,著名,zhùmíng,形
1968,四级,专门,zhuānmén,副、形
1969,四级,专业,zhuānyè,名、形
1970,四级,转,zhuǎn,动
1971,四级,转发,zhuǎnfā,动
1972,四级,转机1,zhuǎnjī,动
1973,四级,赚,zhuàn,动
1974,四级,装,zhuāng,动
1975,四级（五级）,准,zhǔn,形、（副）
1976,四级,准确,zhǔnquè,形
1977,四级,准时,zhǔnshí,形
1978,四级,资料,zīliào,名
1979,四级,仔细,zǐxì,形
1980,四级,自,zì,介
1981,四级,自然,zìrán,名、形、副
1982,四级,自习,zìxí,动
1983,四级,自信,zìxìn,动、名、形
1984,四级,自学,zìxué,动
1985,四级,总结,zǒngjié,动、名
1986,四级,租,zū,动
1987,四级（五级）,组,zǔ,名、（动、量）
1988,四级,最终,zuìzhōng,名
1989,四级,尊重,zūnzhòng,动、形
1990,四级（七-九级）,左右,zuǒyòu,名、（动）
1991,四级,座,zuò,名、量
1992,四级,做法,zuòfǎ,名
1993,四级,作家,zuòjiā,名
1994,四级,做梦,zuòmèng,动
1995,四级,作品,zuòpǐn,名
1996,四级,作为1,zuòwéi,动、介
1997,四级,座位,zuòwèi,名
1998,四级,作文,zuòwén,动、名
1999,四级（六级）,作用,zuòyòng,名、（动）
2000,四级,作者,zuòzhě,名
2001,五级,哎,āi,叹
2002,五级,哎呀,āiyā,叹
2003,五级,唉,ài,叹
2004,五级,爱护,àihù,动
2005,五级,安,ān,形、动
2006,五级,安全带,ānquándài,名
2007,五级,安慰,ānwèi,动、形
2008,五级,安装,ānzhuāng,动
2009,五级,暗,àn,形
2010,五级,熬夜,áoyè,动
2011,五级,把握,bǎwò,动、名
2012,五级,白,bái,形、副
2013,五级,半夜,bànyè,数量、名
2014,五级,傍晚,bàngwǎn,名
2015,五级,包裹,bāoguǒ,动、名
2016,五级,包含,bāohán,动
2017,五级,包括,bāokuò,动
2018,五级,包装,bāozhuāng,动、名
2019,五级,薄,báo,形
2020,五级,宝,bǎo,名
2021,五级,保,bǎo,动、名
2022,五级,保安,bǎo’ān,动、名
2023,五级,宝贝,bǎobèi,名
2024,五级,保持,bǎochí,动
2025,五级,保存,bǎocún,动
2026,五级,宝贵,bǎoguì,形
2027,五级,保留,bǎoliú,动
2028,五级,保险,bǎoxiǎn,名、形
2029,五级,保质期,bǎozhìqī,名
2030,五级,报到,bàodào,动
2031,五级,报道,bàodào,动、名
2032,五级,报告,bàogào,动、名
2033,五级,报警,bàojǐng,动
2034,五级,暴雨,bàoyǔ,名
2035,五级,抱怨,bàoyuàn,动
2036,五级,背,bèi,名、动、形
2037,五级,背后,bèihòu,名
2038,五级,背景,bèijǐng,名
2039,五级,被子,bèizi,名
2040,五级,本2,běn,副、代
2041,五级,本地,běndì,名
2042,五级,本领,běnlǐng,名
2043,五级,本人,běnrén,代
2044,五级,本质,běnzhì,名
2045,五级,彼此,bǐcǐ,代
2046,五级,比分,bǐfēn,名
2047,五级,比例,bǐlì,名
2048,五级,比喻,bǐyù,动、名
2049,五级,必,bì,副
2050,五级,毕竟,bìjìng,副
2051,五级,避免,bìmiǎn,动
2052,五级,闭幕式,bìmùshì,名
2053,五级,必然,bìrán,形、名
2054,五级,必需,bìxū,动
2055,五级,必要,bìyào,形
2056,五级,便,biàn,副
2057,五级,变动,biàndòng,动
2058,五级,便利,biànlì,形、动
2059,五级,便利店,biànlìdiàn,名
2060,五级,标题,biāotí,名
2061,五级,标志,biāozhì,名、动
2062,五级,表达,biǎodá,动
2063,五级,表面,biǎomiàn,名
2064,五级,表明,biǎomíng,动
2065,五级,表情,biǎoqíng,名
2066,五级,别2,bié,动
2067,五级,饼,bǐng,名
2068,五级,病房,bìngfáng,名
2069,五级,病情,bìngqíng,名
2070,五级,拨打,bōdǎ,动
2071,五级,玻璃,bōli,名
2072,五级,博物馆,bówùguǎn,名
2073,五级,不利,búlì,形
2074,五级,不幸,búxìng,形、名
2075,五级,不要紧,búyàojǐn,形
2076,五级,补充,bǔchōng,动
2077,五级,不得了,bùdéliǎo,形
2078,五级,不符,bùfú,动
2079,五级,不良,bùliáng,形
2080,五级（七-九级）,不然,bùrán,连、（形）
2081,五级,步行,bùxíng,动
2082,五级,不足,bùzú,动、名
2083,五级,才2,cái,名
2084,五级,裁判,cáipàn,动、名
2085,五级,采访,cǎifǎng,动
2086,五级,采取,cǎiqǔ,动
2087,五级,彩色,cǎisè,名
2088,五级,采用,cǎiyòng,动
2089,五级,参考,cānkǎo,动
2090,五级,餐饮,cānyǐn,名
2091,五级,参与,cānyù,动
2092,五级,藏,cáng,动
2093,五级,操作,cāozuò,动
2094,五级,册,cè,量
2095,五级,测,cè,动
2096,五级,测试,cèshì,动
2097,五级,曾,céng,副
2098,五级,曾经,céngjīng,副
2099,五级,插,chā,动
2100,五级,差别,chābié,名
2101,五级,差距,chājù,名
2102,五级,叉子,chāzi,名
2103,五级,拆,chāi,动
2104,五级,产,chǎn,动
2105,五级,产量,chǎnliàng,名
2106,五级,产品,chǎnpǐn,名
2107,五级,产业,chǎnyè,名
2108,五级,长处,chángchù,名
2109,五级,长度,chángdù,名
2110,五级,长久,chángjiǔ,形
2111,五级,长期,chángqī,名、形
2112,五级,常识,chángshí,名
2113,五级,尝试,chángshì,动
2114,五级,长途,chángtú,形
2115,五级,长远,chángyuǎn,形
2116,五级,场所,chǎngsuǒ,名
2117,五级,超,chāo,动
2118,五级,超出,chāochū,动
2119,五级,超级,chāojí,形
2120,五级,超速,chāosù,动
2121,五级,朝,cháo,动、介
2122,五级,吵,chǎo,形、动
2123,五级,炒,chǎo,动
2124,五级,车祸,chēhuò,名
2125,五级,车库,chēkù,名
2126,五级,车辆,chēliàng,名
2127,五级,车厢,chēxiāng,名
2128,五级,车主,chēzhǔ,名
2129,五级,彻底,chèdǐ,形
2130,五级,沉,chén,动、形
2131,五级,沉默,chénmò,动
2132,五级,称1,chēng,动
2133,五级,称2,chēng,动
2134,五级,称为,chēngwéi,动
2135,五级,称赞,chēngzàn,动
2136,五级,成本,chéngběn,名
2137,五级,承担,chéngdān,动
2138,五级,程度,chéngdù,名
2139,五级,成分,chéngfèn,名
2140,五级,成果,chéngguǒ,名
2141,五级,成就,chéngjiù,名、动
2142,五级,成立,chénglì,动
2143,五级,成年1,chéngnián,动
2144,五级,城区,chéngqū,名
2145,五级,成人,chéngrén,动、名
2146,五级,承认,chéngrèn,动
2147,五级,承受,chéngshòu,动
2148,五级,成熟,chéngshú,动、形
2149,五级,乘务员,chéngwùyuán,名
2150,五级,程序,chéngxù,名
2151,五级,成员,chéngyuán,名
2152,五级,成长,chéngzhǎng,动
2153,五级,橙子,chéngzi,名
2154,五级,池,chí,名
2155,五级,持续,chíxù,动
2156,五级,尺子,chǐzi,名
2157,五级,翅膀,chìbǎng,名
2158,五级,冲,chōng,动
2159,五级,充电,chōngdiàn,动
2160,五级,充分,chōngfèn,形
2161,五级,充满,chōngmǎn,动
2162,五级,充值,chōngzhí,动
2163,五级,充足,chōngzú,形
2164,五级,重复,chóngfù,动
2165,五级,虫子,chóngzi,名
2166,五级,宠物,chǒngwù,名
2167,五级,抽,chōu,动
2168,五级,丑,chǒu,形
2169,五级,臭,chòu,形
2170,五级,初,chū,名、副、前缀
2171,五级,出版,chūbǎn,动
2172,五级,初级,chūjí,形
2173,五级,初期,chūqī,名
2174,五级,出色,chūsè,形
2175,五级,出售,chūshòu,动
2176,五级,出席,chūxí,动
2177,五级,出自,chūzì,动
2178,五级,除夕,chúxī,名
2179,五级,处,chǔ,动
2180,五级,处理,chǔlǐ,动
2181,五级,处于,chǔyú,动
2182,五级,处,chù,名
2183,五级,传,chuán,动
2184,五级,传播,chuánbō,动
2185,五级,传递,chuándì,动
2186,五级,传说,chuánshuō,动、名
2187,五级,传统,chuántǒng,名、形
2188,五级,窗台,chuāngtái,名
2189,五级,床单,chuángdān,名
2190,五级,创新,chuàngxīn,动、名
2191,五级,创业,chuàngyè,动
2192,五级,创造,chuàngzào,动
2193,五级,创作,chuàngzuò,动、名
2194,五级,词汇,cíhuì,名
2195,五级,辞职,cízhí,动
2196,五级,此后,cǐhòu,名
2197,五级,此前,cǐqián,名
2198,五级,此时,cǐshí,名
2199,五级,刺激,cìjī,动、名
2200,五级,从不,cóng bù,
2201,五级,从而,cóng’ér,连
2202,五级,从前,cóngqián,名
2203,五级,从事,cóngshì,动
2204,五级,促进,cùjìn,动
2205,五级,促使,cùshǐ,动
2206,五级,促销,cùxiāo,动
2207,五级,催,cuī,动
2208,五级,存放,cúnfàng,动
2209,五级,存款,cúnkuǎn,动、名
2210,五级,存在,cúnzài,动
2211,五级,措施,cuòshī,名
2212,五级,达成,dáchéng,动
2213,五级,打扮,dǎban,动
2214,五级,打包,dǎbāo,动
2215,五级,打断,dǎduàn,动
2216,五级,打破,dǎpò,动
2217,五级,打听,dǎting,动
2218,五级,大胆,dàdǎn,形
2219,五级,大多,dàduō,副
2220,五级,大会,dàhuì,名
2221,五级,大力,dàlì,名、副
2222,五级,大妈,dàmā,名
2223,五级,大米,dàmǐ,名
2224,五级,大脑,dànǎo,名
2225,五级,大批,dàpī,形
2226,五级,大厦,dàshà,名
2227,五级,大事,dàshì,名
2228,五级,大象,dàxiàng,名
2229,五级,大型,dàxíng,形
2230,五级,大爷,dàye,名
2231,五级,大于,dàyú,动
2232,五级,大众,dàzhòng,名
2233,五级,代,dài,动、名
2234,五级,代表,dàibiǎo,名、动
2235,五级,带动,dàidòng,动
2236,五级,代替,dàitì,动
2237,五级,待遇,dàiyù,名
2238,五级,单,dān,形、副、名、量
2239,五级,单独,dāndú,副
2240,五级,担任,dānrèn,动
2241,五级,单一,dānyī,形
2242,五级,单元,dānyuán,名
2243,五级,胆小,dǎnxiǎo,形
2244,五级,淡,dàn,形
2245,五级,当地,dāngdì,名
2246,五级,当年,dāngnián,名
2247,五级,当前,dāngqián,动、名
2248,五级,当中,dāngzhōng,名
2249,五级,挡,dǎng,动
2250,五级,当,dàng,动
2251,五级,当成,dàngchéng,动
2252,五级,当作,dàngzuò,动
2253,五级,倒,dǎo,动
2254,五级,导演,dǎoyǎn,动、名
2255,五级,导致,dǎozhì,动
2256,五级,到达,dàodá,动
2257,五级,道理,dàolǐ,名
2258,五级,到期,dàoqī,动
2259,五级,登,dēng,动
2260,五级,灯光,dēngguāng,名
2261,五级,登记,dēngjì,动
2262,五级,登录,dēnglù,动
2263,五级,等待,děngdài,动
2264,五级,等候,děnghòu,动
2265,五级,等于,děngyú,动
2266,五级,低头,dītóu,动
2267,五级,的确,díquè,副
2268,五级,敌人,dírén,名
2269,五级,递,dì,动
2270,五级,地理,dìlǐ,名
2271,五级,地面,dìmiàn,名
2272,五级,地区,dìqū,名
2273,五级,地位,dìwèi,名
2274,五级,地下,dìxià,名、形
2275,五级,地震,dìzhèn,动
2276,五级,点心,diǎnxin,名
2277,五级,点赞,diǎnzàn,动
2278,五级,电池,diànchí,名
2279,五级,电动,diàndòng,形
2280,五级,电器,diànqì,名
2281,五级,电商,diànshāng,名
2282,五级,电视台,diànshìtái,名
2283,五级,电子版,diànzǐbǎn,名
2284,五级,调1,diào,动
2285,五级,调研,diàoyán,动
2286,五级,定期,dìngqī,动、形
2287,五级,丢失,diūshī,动
2288,五级,冻,dòng,动
2289,五级,洞,dòng,名
2290,五级,动画,dònghuà,名
2291,五级,动人,dòngrén,形
2292,五级,动手,dòngshǒu,动
2293,五级,豆腐,dòufu,名
2294,五级,豆浆,dòujiāng,名
2295,五级,独立,dúlì,动、形
2296,五级,独特,dútè,形
2297,五级,读音,dúyīn,名
2298,五级,独自,dúzì,副
2299,五级,堵,dǔ,动、形、量
2300,五级,度,dù,量、名、动、后缀
2301,五级,短处,duǎnchù,名
2302,五级,短期,duǎnqī,名、形
2303,五级,断,duàn,动
2304,五级,堆,duī,动、名、量
2305,五级,对比,duìbǐ,动、名
2306,五级,对待,duìdài,动
2307,五级,对手,duìshǒu,名
2308,五级,队伍,duìwu,名
2309,五级,对象,duìxiàng,名
2310,五级,吨,dūn,量
2311,五级,朵,duǒ,量
2312,五级,躲,duǒ,动
2313,五级,儿女,érnǚ,名
2314,五级,二手,èrshǒu,形
2315,五级,二维码,èrwéimǎ,名
2316,五级,发表,fābiǎo,动
2317,五级,发布,fābù,动
2318,五级,发达,fādá,形、动
2319,五级,发挥,fāhuī,动
2320,五级,发明,fāmíng,动、名
2321,五级,发起,fāqǐ,动
2322,五级,发言,fāyán,动、名
2323,五级,发音,fāyīn,动、名
2324,五级,罚,fá,动
2325,五级,罚款,fákuǎn,动、名
2326,五级,法院,fǎyuàn,名
2327,五级,翻,fān,动
2328,五级,番茄,fānqié,名
2329,五级,繁荣,fánróng,形、动
2330,五级,反,fǎn,形、动、副
2331,五级,反而,fǎn’ér,副
2332,五级,反复,fǎnfù,副、动、名
2333,五级,返回,fǎnhuí,动
2334,五级,反应,fǎnyìng,动、名
2335,五级,反映,fǎnyìng,动
2336,五级,反正,fǎnzhèng,副
2337,五级,范围,fànwéi,名
2338,五级,方,fāng,形、名
2339,五级,方案,fāng’àn,名
2340,五级,防,fáng,动
2341,五级,房屋,fángwū,名
2342,五级,防止,fángzhǐ,动
2343,五级,仿佛,fǎngfú,副
2344,五级,访问,fǎngwèn,动
2345,五级,飞行,fēixíng,动
2346,五级,飞行员,fēixíngyuán,名
2347,五级,非洲,Fēizhōu,名
2348,五级,分别,fēnbié,动、副、名
2349,五级,分布,fēnbù,动
2350,五级,纷纷,fēnfēn,形、副
2351,五级,分类,fēnlèi,动
2352,五级,分离,fēnlí,动
2353,五级,分配,fēnpèi,动
2354,五级,分手,fēnshǒu,动
2355,五级,分析,fēnxī,动
2356,五级,分享,fēnxiǎng,动
2357,五级,奋斗,fèndòu,动
2358,五级,丰富多彩,fēngfù-duōcǎi,
2359,五级,风格,fēnggé,名
2360,五级,疯狂,fēngkuáng,形
2361,五级,风俗,fēngsú,名
2362,五级,风险,fēngxiǎn,名
2363,五级,否定,fǒudìng,动、形
2364,五级,否认,fǒurèn,动
2365,五级,夫妇,fūfù,名
2366,五级,扶,fú,动
2367,五级,福,fú,名
2368,五级,服装,fúzhuāng,名
2369,五级,副1,fù,量
2370,五级,富,fù,形
2371,五级,付出,fùchū,动
2372,五级,负担,fùdān,动、名
2373,五级,妇女,fùnǚ,名
2374,五级,富有,fùyǒu,形、动
2375,五级,复制,fùzhì,动
2376,五级,改革,gǎigé,动
2377,五级,改进,gǎijìn,动
2378,五级,改善,gǎishàn,动
2379,五级,改天,gǎitiān,副
2380,五级,改正,gǎizhèng,动
2381,五级,盖,gài,名、动
2382,五级,概括,gàikuò,动、形
2383,五级,概念,gàiniàn,名
2384,五级,敢于,gǎnyú,动
2385,五级,刚好,gānghǎo,形、副
2386,五级,高大,gāodà,形
2387,五级,高档,gāodàng,形
2388,五级,高度,gāodù,名、形
2389,五级,高级,gāojí,形
2390,五级,高科技,gāokējì,名
2391,五级,高效,gāoxiào,形
2392,五级,搞,gǎo,动
2393,五级,告别,gàobié,动
2394,五级,歌词,gēcí,名
2395,五级,歌曲,gēqǔ,名
2396,五级,隔,gé,动
2397,五级,格外,géwài,副
2398,五级,个别,gèbié,副、形
2399,五级,各行各业,gèháng-gèyè,
2400,五级,个人,gèrén,名
2401,五级,个性,gèxìng,名
2402,五级,各自,gèzì,代
2403,五级,根,gēn,名、量
2404,五级,根本,gēnběn,名、形、副
2405,五级,更换,gēnghuàn,动
2406,五级,更新,gēngxīn,动
2407,五级,公布,gōngbù,动
2408,五级,工程,gōngchéng,名
2409,五级,工程师,gōngchéngshī,名
2410,五级,工具,gōngjù,名
2411,五级,功能,gōngnéng,名
2412,五级,公平,gōngpíng,形
2413,五级,公务员,gōngwùyuán,名
2414,五级,恭喜,gōngxǐ,动
2415,五级,工业,gōngyè,名
2416,五级,工艺,gōngyì,名
2417,五级,公寓,gōngyù,名
2418,五级,贡献,gòngxiàn,动、名
2419,五级,共享,gòngxiǎng,动
2420,五级,沟通,gōutōng,动
2421,五级,构成,gòuchéng,动、名
2422,五级,古,gǔ,形
2423,五级,鼓,gǔ,名、动、形
2424,五级,古代,gǔdài,名
2425,五级,古老,gǔlǎo,形
2426,五级,鼓掌,gǔzhǎng,动
2427,五级,固定,gùdìng,动
2428,五级,故乡,gùxiāng,名
2429,五级,挂号,guàhào,动
2430,五级,怪,guài,形、动、副
2431,五级,关闭,guānbì,动
2432,五级,观察,guānchá,动
2433,五级,观点,guāndiǎn,名
2434,五级,观念,guānniàn,名
2435,五级,冠军,guànjūn,名
2436,五级,光临,guānglín,动
2437,五级,光明,guāngmíng,名、形
2438,五级,光线,guāngxiàn,名
2439,五级,广,guǎng,形
2440,五级,广场,guǎngchǎng,名
2441,五级,广大,guǎngdà,形
2442,五级,广泛,guǎngfàn,形
2443,五级,规律,guīlǜ,名、形
2444,五级,规模,guīmó,名
2445,五级,规则,guīzé,名、形
2446,五级,贵姓,guìxìng,名
2447,五级,柜子,guìzi,名
2448,五级,滚,gǔn,动
2449,五级,锅,guō,名
2450,五级,国画,guóhuà,名
2451,五级,国庆,guóqìng,名
2452,五级,果然,guǒrán,副
2453,五级,果实,guǒshí,名
2454,五级,过度,guòdù,形
2455,五级,过分,guòfèn,形
2456,五级,过敏,guòmǐn,动
2457,五级,过期,guòqī,动
2458,五级,过于,guòyú,副
2459,五级,哈,hā,拟声、叹
2460,五级,海关,hǎiguān,名
2461,五级,海外,hǎiwài,名
2462,五级,海鲜,hǎixiān,名
2463,五级,含,hán,动
2464,五级,含量,hánliàng,名
2465,五级,含有,hányǒu,动
2466,五级,汗水,hànshuǐ,名
2467,五级,行,háng,名、量
2468,五级,行业,hángyè,名
2469,五级,好评,hǎopíng,名
2470,五级,好运,hǎoyùn,名
2471,五级,好转,hǎozhuǎn,动
2472,五级,好,hào,动
2473,五级,好奇,hàoqí,形
2474,五级,合,hé,动
2475,五级,合法,héfǎ,形
2476,五级,盒饭,héfàn,名
2477,五级,合理,hélǐ,形
2478,五级,河流,héliú,名
2479,五级,合同,hétóng,名
2480,五级,合影,héyǐng,动、名
2481,五级,合作,hézuò,动
2482,五级,黑,hēi,形
2483,五级,红,hóng,形
2484,五级,猴子,hóuzi,名
2485,五级,厚度,hòudù,名
2486,五级,后果,hòuguǒ,名
2487,五级,忽视,hūshì,动
2488,五级,呼吸,hūxī,动
2489,五级,湖,hú,名
2490,五级,蝴蝶,húdié,名
2491,五级,胡同,hútòng,名
2492,五级,互动,hùdòng,动
2493,五级,户外,hùwài,名
2494,五级,花费,huāfèi,动
2495,五级,滑,huá,形、动
2496,五级,划,huá,动
2497,五级（六级）,化,huà,后缀、（动）
2498,五级,话费,huàfèi,名
2499,五级,画面,huàmiàn,名
2500,五级,话题,huàtí,名
2501,五级,化学,huàxué,名
2502,五级,环节,huánjié,名
2503,五级,缓解,huǎnjiě,动
2504,五级,缓慢,huǎnmàn,形
2505,五级,黄瓜,huángguā,名
2506,五级,黄金,huángjīn,名
2507,五级,灰,huī,名、形
2508,五级,挥,huī,动
2509,五级,恢复,huīfù,动
2510,五级,灰色,huīsè,名、形
2511,五级,回收,huíshōu,动
2512,五级,汇率,huìlǜ,名
2513,五级,婚礼,hūnlǐ,名
2514,五级,伙,huǒ,量
2515,五级,伙伴,huǒbàn,名
2516,五级,火锅,huǒguō,名
2517,五级,或是,huòshì,副、连
2518,五级,货物,huòwù,名
2519,五级,或许,huòxǔ,副
2520,五级,机构,jīgòu,名
2521,五级,激烈,jīliè,形
2522,五级,机器,jīqì,名
2523,五级,机器人,jīqìrén,名
2524,五级,肌肉,jīròu,名
2525,五级,及,jí,连
2526,五级,级,jí,名、量
2527,五级,集,jí,名、量
2528,五级,疾病,jíbìng,名
2529,五级,及格,jígé,动
2530,五级,集合,jíhé,动
2531,五级,即将,jíjiāng,副
2532,五级,急忙,jímáng,副
2533,五级,极其,jíqí,副
2534,五级,集体,jítǐ,名
2535,五级,急需,jíxū,动
2536,五级,急诊,jízhěn,动、名
2537,五级,集中,jízhōng,动、形
2538,五级,挤,jǐ,动、形
2539,五级,系,jì,动
2540,五级,季度,jìdù,名
2541,五级,记录,jìlù,动、名
2542,五级,纪录,jìlù,名
2543,五级,纪录片,jìlùpiàn,名
2544,五级,技能,jìnéng,名
2545,五级,纪念,jìniàn,动、名
2546,五级,纪念日,jìniànrì,名
2547,五级,计算,jìsuàn,动
2548,五级,计算机,jìsuànjī,名
2549,五级,记忆,jìyì,动、名
2550,五级,记载,jìzǎi,动
2551,五级,嘉宾,jiābīn,名
2552,五级,家电,jiādiàn,名
2553,五级,加工,jiāgōng,动
2554,五级,加热,jiārè,动
2555,五级,加深,jiāshēn,动
2556,五级,加速,jiāsù,动
2557,五级,家务,jiāwù,名
2558,五级,甲,jiǎ,名
2559,五级,假如,jiǎrú,连
2560,五级,架,jià,名、动、量
2561,五级,驾驶,jiàshǐ,动
2562,五级,驾照,jiàzhào,名
2563,五级,价值,jiàzhí,名
2564,五级,艰苦,jiānkǔ,形
2565,五级,坚强,jiānqiáng,形
2566,五级,捡,jiǎn,动
2567,五级,剪,jiǎn,动
2568,五级,剪刀,jiǎndāo,名
2569,五级,减肥,jiǎnféi,动
2570,五级,简历,jiǎnlì,名
2571,五级,简直,jiǎnzhí,副
2572,五级,建,jiàn,动
2573,五级,键,jiàn,名
2574,五级,渐渐,jiànjiàn,副
2575,五级,建立,jiànlì,动
2576,五级,键盘,jiànpán,名
2577,五级,建设,jiànshè,动
2578,五级,建造,jiànzào,动
2579,五级,建筑,jiànzhù,动、名
2580,五级,将近,jiāngjìn,副
2581,五级,讲话,jiǎnghuà,名
2582,五级,讲究,jiǎngjiu,动、形
2583,五级,奖励,jiǎnglì,动
2584,五级,讲述,jiǎngshù,动
2585,五级,讲座,jiǎngzuò,名
2586,五级,降水,jiàngshuǐ,动
2587,五级,浇,jiāo,动
2588,五级,交换,jiāohuàn,动
2589,五级,交往,jiāowǎng,动
2590,五级,交易,jiāoyì,动、名
2591,五级,脚步,jiǎobù,名
2592,五级,角度,jiǎodù,名
2593,五级,较,jiào,介、副
2594,五级,教材,jiàocái,名
2595,五级,接触,jiēchù,动
2596,五级,接待,jiēdài,动
2597,五级,阶段,jiēduàn,名
2598,五级,接近,jiējìn,动
2599,五级,接收,jiēshōu,动
2600,五级,结,jié,动、名
2601,五级,结构,jiégòu,名
2602,五级,结合,jiéhé,动
2603,五级,结论,jiélùn,名
2604,五级,节省,jiéshěng,动
2605,五级,届,jiè,量
2606,五级,今日,jīnrì,名
2607,五级,紧,jǐn,形、动
2608,五级,紧急,jǐnjí,形
2609,五级,尽快,jǐnkuài,副
2610,五级,尽量,jǐnliàng,副
2611,五级,紧密,jǐnmì,形
2612,五级,谨慎,jǐnshèn,形
2613,五级,进步,jìnbù,动、形
2614,五级,近代,jìndài,名
2615,五级,进口,jìnkǒu,动
2616,五级,尽力,jìnlì,动
2617,五级,近年来,jìnnián lái,
2618,五级,近期,jìnqī,名
2619,五级,近日,jìnrì,名
2620,五级,进一步,jìnyíbù,副
2621,五级,经典,jīngdiǎn,名、形
2622,五级,精力,jīnglì,名
2623,五级,精神,jīngshen,名、形
2624,五级,惊喜,jīngxǐ,形
2625,五级,经营,jīngyíng,动
2626,五级,静,jìng,形、动
2627,五级,酒吧,jiǔbā,名
2628,五级,久远,jiǔyuǎn,形
2629,五级,救,jiù,动
2630,五级,救护车,jiùhùchē,名
2631,五级,就业,jiùyè,动
2632,五级,居民,jūmín,名
2633,五级,居然,jūrán,副
2634,五级,居住,jūzhù,动
2635,五级,橘子,júzi,名
2636,五级,据,jù,介
2637,五级,距,jù,动
2638,五级,具备,jùbèi,动
2639,五级,剧场,jùchǎng,名
2640,五级,巨大,jùdà,形
2641,五级,据说,jùshuō,动
2642,五级,具体,jùtǐ,形、动
2643,五级,具有,jùyǒu,动
2644,五级,捐,juān,动
2645,五级,绝对,juéduì,形、副
2646,五级,决赛,juésài,动、名
2647,五级,角色,juésè,名
2648,五级,决心,juéxīn,名、动
2649,五级,开发,kāifā,动
2650,五级,开放,kāifàng,动、形
2651,五级,开幕,kāimù,动
2652,五级,开幕式,kāimùshì,名
2653,五级,开水,kāishuǐ,名
2654,五级,开通,kāitōng,动
2655,五级,开业,kāiyè,动
2656,五级,开展,kāizhǎn,动
2657,五级,看,kān,动
2658,五级,看望,kànwàng,动
2659,五级,看作,kànzuò,动
2660,五级,靠,kào,动
2661,五级,靠近,kàojìn,动
2662,五级,颗,kē,量
2663,五级,科研,kēyán,动
2664,五级,可见,kějiàn,连
2665,五级,可靠,kěkào,形
2666,五级,可怕,kěpà,形
2667,五级,克服,kèfú,动
2668,五级,客服,kèfú,形
2669,五级,客观,kèguān,形
2670,五级,客户,kèhù,名
2671,五级,空间,kōngjiān,名
2672,五级,空中,kōngzhōng,名、形
2673,五级,控制,kòngzhì,动
2674,五级,口袋,kǒudai,名
2675,五级,口味,kǒuwèi,名
2676,五级,库,kù,名
2677,五级（六级）,宽,kuān,形、名、（动）
2678,五级,宽度,kuāndù,名
2679,五级,亏,kuī,动
2680,五级,昆虫,kūnchóng,名
2681,五级,扩大,kuòdà,动
2682,五级,来源,láiyuán,名、动
2683,五级,劳动,láodòng,名、动
2684,五级,老百姓,lǎobǎixìng,名
2685,五级,老板,lǎobǎn,名
2686,五级,老公,lǎogōng,名
2687,五级,姥姥,lǎolao,名
2688,五级,老婆,lǎopo,名
2689,五级,姥爷,lǎoye,名
2690,五级,乐观,lèguān,形
2691,五级,乐趣,lèqù,名
2692,五级,泪,lèi,名
2693,五级,类,lèi,名、量
2694,五级,泪水,lèishuǐ,名
2695,五级,类似,lèisì,动
2696,五级,类型,lèixíng,名
2697,五级,梨,lí,名
2698,五级,离婚,líhūn,动
2699,五级,厘米,límǐ,量
2700,五级,离职,lízhí,动
2701,五级,理论,lǐlùn,名、动
2702,五级,里头,lǐtou,名
2703,五级,理由,lǐyóu,名
2704,五级,力,lì,名、后缀
2705,五级,立即,lìjí,副
2706,五级,立刻,lìkè,副
2707,五级,力量,lìliàng,名
2708,五级,利润,lìrùn,名
2709,五级,利益,lìyì,名
2710,五级,利用,lìyòng,动
2711,五级,联合,liánhé,动、形
2712,五级,连接,liánjiē,动
2713,五级,连忙,liánmáng,副
2714,五级,连续,liánxù,动
2715,五级,脸色,liǎnsè,名
2716,五级,恋爱,liàn’ài,动、名
2717,五级,良好,liánghǎo,形
2718,五级,粮食,liángshi,名
2719,五级,量,liàng,名
2720,五级,了不起,liǎobuqǐ,形
2721,五级,列车,lièchē,名
2722,五级,临时,línshí,副、形
2723,五级,铃,líng,名
2724,五级,灵活,línghuó,形
2725,五级,领,lǐng,名、动
2726,五级,领带,lǐngdài,名
2727,五级,领导,lǐngdǎo,动、名
2728,五级,领取,lǐngqǔ,动
2729,五级,领先,lǐngxiān,动
2730,五级,领域,lǐngyù,名
2731,五级,令,lìng,动、名
2732,五级,流传,liúchuán,动
2733,五级,流感,liúgǎn,名
2734,五级,浏览,liúlǎn,动
2735,五级,留言,liúyán,动、名
2736,五级,龙,lóng,名
2737,五级,漏,lòu,动
2738,五级,录,lù,动
2739,五级,陆地,lùdì,名
2740,五级,录取,lùqǔ,动
2741,五级,路人,lùrén,名
2742,五级,路线,lùxiàn,名
2743,五级,陆续,lùxù,副
2744,五级,录音,lùyīn,动、名
2745,五级,旅行社,lǚxíngshè,名
2746,五级,论文,lùnwén,名
2747,五级,逻辑,luójí,名
2748,五级,骂,mà,动
2749,五级,买卖,mǎimai,名
2750,五级,满足,mǎnzú,动
2751,五级,忙碌,mánglù,形
2752,五级,毛笔,máobǐ,名
2753,五级,毛病,máobìng,名
2754,五级,矛盾,máodùn,名、动、形
2755,五级,没法儿,méifǎr,动
2756,五级,玫瑰,méigui,名
2757,五级,媒体,méitǐ,名
2758,五级,美术,měishù,名
2759,五级,美味,měiwèi,名
2760,五级,魅力,mèilì,名
2761,五级,门诊,ménzhěn,动
2762,五级,迷,mí,动
2763,五级,迷路,mílù,动
2764,五级,秘密,mìmì,形、名
2765,五级,密切,mìqiè,形、动
2766,五级,秘书,mìshū,名
2767,五级,面2,miàn,名
2768,五级,面积,miànjī,名
2769,五级,面临,miànlín,动
2770,五级,面向,miànxiàng,动
2771,五级,描述,miáoshù,动
2772,五级,敏感,mǐngǎn,形
2773,五级,名称,míngchēng,名
2774,五级,名牌,míngpái,名
2775,五级,名片,míngpiàn,名
2776,五级,明确,míngquè,形、动
2777,五级,明显,míngxiǎn,形
2778,五级,明星,míngxīng,名
2779,五级,命1,mìng,名
2780,五级,命运,mìngyùn,名
2781,五级,摸,mō,动
2782,五级,模糊,móhu,形、动
2783,五级,模式,móshì,名
2784,五级,陌生,mòshēng,形
2785,五级,某,mǒu,代
2786,五级,目光,mùguāng,名
2787,五级,木头,mùtou,名
2788,五级,哪怕,nǎpà,连
2789,五级,难得,nándé,形
2790,五级,难度,nándù,名
2791,五级,难以,nányǐ,动
2792,五级,男子,nánzǐ,名
2793,五级,闹,nào,形、动
2794,五级,闹钟,nàozhōng,名
2795,五级,内部,nèibù,名
2796,五级,能干,nénggàn,形
2797,五级,年初,niánchū,名
2798,五级,年代,niándài,名
2799,五级,年纪,niánjì,名
2800,五级,年夜饭,niányèfàn,名
2801,五级,念,niàn,动
2802,五级,牛仔裤,niúzǎikù,名
2803,五级,浓,nóng,形
2804,五级,农民,nóngmín,名
2805,五级,农业,nóngyè,名
2806,五级,女子,nǚzǐ,名
2807,五级,哦,ò,叹
2808,五级,欧洲,Ōuzhōu,名
2809,五级,偶然,ǒurán,形
2810,五级,拍摄,pāishè,动
2811,五级,排列,páiliè,动
2812,五级（七-九级）,派,pài,动、（名、量）
2813,五级,派出所,pàichūsuǒ,名
2814,五级,跑道,pǎodào,名
2815,五级,赔,péi,动
2816,五级,陪伴,péibàn,动
2817,五级,培训,péixùn,动
2818,五级,培养,péiyǎng,动
2819,五级,配,pèi,动、形
2820,五级,配合,pèihé,动
2821,五级,配送,pèisòng,动
2822,五级,盆,pén,名
2823,五级,碰,pèng,动
2824,五级,碰见,pèngjiàn,动
2825,五级,批1,pī,量
2826,五级,批2,pī,动
2827,五级,批准,pīzhǔn,动
2828,五级,匹,pǐ,量
2829,五级,骗,piàn,动
2830,五级,拼,pīn,动
2831,五级,拼音,pīnyīn,动
2832,五级（七-九级）,品,pǐn,后缀、（动）
2833,五级,品牌,pǐnpái,名
2834,五级,品质,pǐnzhì,名
2835,五级,品种,pǐnzhǒng,名
2836,五级,聘请,pìnqǐng,动
2837,五级（七-九级）,平,píng,形、（动）
2838,五级,评,píng,动
2839,五级,凭,píng,动、介
2840,五级,平安,píng’ān,形
2841,五级,平衡,pínghéng,形、动
2842,五级,评价,píngjià,动、名
2843,五级,凭借,píngjiè,动
2844,五级,平静,píngjìng,形
2845,五级,平均,píngjūn,动、形
2846,五级,屏幕,píngmù,名
2847,五级,平台,píngtái,名
2848,五级,破坏,pòhuài,动
2849,五级,普及,pǔjí,动
2850,五级,期待,qīdài,动
2851,五级,期间,qījiān,名
2852,五级（六级）,齐,qí,形、（动、副）
2853,五级,其,qí,代
2854,五级,奇迹,qíjì,名
2855,五级,其余,qíyú,代
2856,五级,企业,qǐyè,名
2857,五级,气球,qìqiú,名
2858,五级,汽油,qìyóu,名
2859,五级,签1,qiān,动
2860,五级,签订,qiāndìng,动
2861,五级,签名,qiānmíng,动、名
2862,五级,签字,qiānzì,动、名
2863,五级,前进,qiánjìn,动
2864,五级,前来,qiánlái,动
2865,五级,前途,qiántú,名
2866,五级,前往,qiánwǎng,动
2867,五级,浅,qiǎn,形
2868,五级,欠,qiàn,动
2869,五级,墙,qiáng,名
2870,五级,强大,qiángdà,形
2871,五级,强调,qiángdiào,动
2872,五级,强度,qiángdù,名
2873,五级,强烈,qiángliè,形
2874,五级,抢,qiǎng,动
2875,五级,抢救,qiǎngjiù,动
2876,五级,悄悄,qiāoqiāo,副
2877,五级,切,qiē,动
2878,五级,亲,qīn,形、动
2879,五级,亲爱,qīn’ài,形
2880,五级,亲朋好友,qīnpéng-hǎoyǒu,
2881,五级,亲切,qīnqiè,形
2882,五级,亲情,qīnqíng,名
2883,五级,亲人,qīnrén,名
2884,五级,亲自,qīnzì,副
2885,五级,勤奋,qínfèn,形
2886,五级,青,qīng,形
2887,五级,轻易,qīngyì,形、副
2888,五级,轻重,qīngzhòng,名
2889,五级,情感,qínggǎn,名
2890,五级,情景,qíngjǐng,名
2891,五级,情绪,qíngxù,名
2892,五级,请教,qǐngjiào,动
2893,五级,请求,qǐngqiú,动、名
2894,五级,穷,qióng,形
2895,五级,趋势,qūshì,名
2896,五级,区域,qūyù,名
2897,五级,去世,qùshì,动
2898,五级（七-九级）,权,quán,名、（副）
2899,五级,权利,quánlì,名
2900,五级,全力,quánlì,名、副
2901,五级,全面,quánmiàn,形
2902,五级,全体,quántǐ,名
2903,五级,全新,quánxīn,形
2904,五级,劝,quàn,动
2905,五级,缺乏,quēfá,动
2906,五级,确保,quèbǎo,动
2907,五级,确定,quèdìng,形、动
2908,五级,确认,quèrèn,动
2909,五级,群,qún,量、名
2910,五级,群体,qúntǐ,名
2911,五级,燃烧,ránshāo,动
2912,五级,绕,rào,动
2913,五级,热爱,rè’ài,动
2914,五级,热量,rèliàng,名
2915,五级,热烈,rèliè,形
2916,五级,热心,rèxīn,形
2917,五级,人才,réncái,名
2918,五级,人工,réngōng,形、名
2919,五级,人际,rénjì,形
2920,五级,人口,rénkǒu,名
2921,五级,人类,rénlèi,名
2922,五级,人力,rénlì,名
2923,五级,人民,rénmín,名
2924,五级,人民币,rénmínbì,名
2925,五级,人群,rénqún,名
2926,五级,人体,réntǐ,名
2927,五级,人物,rénwù,名
2928,五级,忍,rěn,动
2929,五级,认,rèn,动
2930,五级,日历,rìlì,名
2931,五级,日用品,rìyòngpǐn,名
2932,五级,如,rú,动、连
2933,五级,如此,rúcǐ,代
2934,五级,如何,rúhé,代
2935,五级,如今,rújīn,名
2936,五级,如同,rútóng,动
2937,五级,如下,rúxià,动
2938,五级,软,ruǎn,形
2939,五级,软件,ruǎnjiàn,名
2940,五级,弱,ruò,形
2941,五级,洒,sǎ,动
2942,五级,赛场,sàichǎng,名
2943,五级,色彩,sècǎi,名
2944,五级,沙漠,shāmò,名
2945,五级,沙子,shāzi,名
2946,五级,傻,shǎ,形
2947,五级,晒,shài,动
2948,五级,删,shān,动
2949,五级,扇,shān,动
2950,五级,删除,shānchú,动
2951,五级,山区,shānqū,名
2952,五级,擅长,shàncháng,动
2953,五级,善良,shànliáng,形
2954,五级,善于,shànyú,动
2955,五级,扇子,shànzi,名
2956,五级,伤,shāng,名、动
2957,五级,伤害,shānghài,动
2958,五级,商家,shāngjiā,名
2959,五级,商人,shāngrén,名
2960,五级,商务,shāngwù,名
2961,五级,商业,shāngyè,名
2962,五级,赏,shǎng,动
2963,五级,上传,shàngchuán,动
2964,五级,上升,shàngshēng,动
2965,五级,上下,shàngxià,名
2966,五级,上涨,shàngzhǎng,动
2967,五级,烧,shāo,动、名
2968,五级,烧烤,shāokǎo,名
2969,五级,蛇,shé,名
2970,五级,舍不得,shěbude,动
2971,五级,舍得,shěde,动
2972,五级,设备,shèbèi,名
2973,五级,设计,shèjì,动、名
2974,五级,设立,shèlì,动
2975,五级,社区,shèqū,名
2976,五级,设施,shèshī,名
2977,五级,摄影,shèyǐng,动
2978,五级,设置,shèzhì,动
2979,五级,伸,shēn,动
2980,五级,身材,shēncái,名
2981,五级,深度,shēndù,名、形
2982,五级,身份,shēnfèn,名
2983,五级,深厚,shēnhòu,形
2984,五级,深刻,shēnkè,形
2985,五级,深入,shēnrù,动、形
2986,五级,深远,shēnyuǎn,形
2987,五级,神话,shénhuà,名
2988,五级,神秘,shénmì,形
2989,五级,升1,shēng,动
2990,五级,生产,shēngchǎn,动
2991,五级,生存,shēngcún,动
2992,五级,生动,shēngdòng,形
2993,五级,升级,shēngjí,动
2994,五级,升温,shēngwēn,动
2995,五级,生物,shēngwù,名
2996,五级,生肖,shēngxiào,名
2997,五级,生长,shēngzhǎng,动
2998,五级,省2,shěng,动
2999,五级,省份,shěngfèn,名
3000,五级,省会,shěnghuì,名
3001,五级,胜,shèng,动
3002,五级,胜利,shènglì,动
3003,五级,诗,shī,名
3004,五级,湿,shī,形
3005,五级,失恋,shīliàn,动
3006,五级,失眠,shīmián,动
3007,五级,诗人,shīrén,名
3008,五级,失误,shīwù,动、名
3009,五级,失业,shīyè,动
3010,五级,时差,shíchā,名
3011,五级,时常,shícháng,副
3012,五级,时代,shídài,名
3013,五级,实践,shíjiàn,动
3014,五级,时刻,shíkè,名、副
3015,五级,实力,shílì,名
3016,五级,时期,shíqī,名
3017,五级,实施,shíshī,动
3018,五级,石头,shítou,名
3019,五级,实习,shíxí,动
3020,五级,实现,shíxiàn,动
3021,五级,实行,shíxíng,动
3022,五级,实验,shíyàn,动、名
3023,五级,实验室,shíyànshì,名
3024,五级,实用,shíyòng,形
3025,五级,食用,shíyòng,动
3026,五级,使得,shǐde,动
3027,五级,始终,shǐzhōng,名、副
3028,五级,式,shì,后缀
3029,五级,适当,shìdàng,形
3030,五级,似的,shìde,助
3031,五级,事故,shìgù,名
3032,五级,事件,shìjiàn,名
3033,五级,试卷,shìjuàn,名
3034,五级,市民,shìmín,名
3035,五级,事实,shìshí,名
3036,五级,视为,shìwéi,动
3037,五级,事物,shìwù,名
3038,五级,事先,shìxiān,名
3039,五级,试验,shìyàn,动
3040,五级,事业,shìyè,名
3041,五级,试用,shìyòng,动
3042,五级,适用,shìyòng,形
3043,五级,收获,shōuhuò,动、名
3044,五级,收集,shōují,动
3045,五级,收看,shōukàn,动
3046,五级,守,shǒu,动
3047,五级,首次,shǒucì,数量
3048,五级,手段,shǒuduàn,名
3049,五级,手工,shǒugōng,名
3050,五级,手术,shǒushù,名、动
3051,五级,手套,shǒutào,名
3052,五级,手续,shǒuxù,名
3053,五级,手指,shǒuzhǐ,名
3054,五级,售价,shòujià,名
3055,五级,蔬菜,shūcài,名
3056,五级,书法,shūfǎ,名
3057,五级,书房,shūfáng,名
3058,五级,书架,shūjià,名
3059,五级,输入,shūrù,动
3060,五级,舒适,shūshì,形
3061,五级,熟练,shúliàn,形
3062,五级,熟人,shúrén,名
3063,五级,数,shǔ,动
3064,五级,鼠标,shǔbiāo,名
3065,五级,属于,shǔyú,动
3066,五级,束,shù,量
3067,五级,数据,shùjù,名
3068,五级,树木,shùmù,名
3069,五级,摔,shuāi,动
3070,五级,双方,shuāngfāng,名
3071,五级,水分,shuǐfèn,名
3072,五级,税,shuì,名
3073,五级,睡眠,shuìmián,名
3074,五级,顺,shùn,动、介、形
3075,五级,说不定,shuōbudìng,动、副
3076,五级,说服,shuōfú,动
3077,五级,思考,sīkǎo,动
3078,五级,私人,sīrén,名
3079,五级,思维,sīwéi,名、动
3080,五级,思想,sīxiǎng,名
3081,五级,四处,sìchù,名
3082,五级,似乎,sìhū,副
3083,五级,四周,sìzhōu,名
3084,五级,搜,sōu,动
3085,五级,搜索,sōusuǒ,动
3086,五级,宿舍,sùshè,名
3087,五级,酸甜苦辣,suān-tián-kǔ-là,
3088,五级,随,suí,动
3089,五级,随后,suíhòu,副
3090,五级,随时,suíshí,副
3091,五级,随手,suíshǒu,副
3092,五级,随意,suíyì,形
3093,五级,碎,suì,动、形
3094,五级,损害,sǔnhài,动
3095,五级,损失,sǔnshī,动、名
3096,五级,缩短,suōduǎn,动
3097,五级,缩小,suōxiǎo,动
3098,五级,所1,suǒ,量、名
3099,五级,锁,suǒ,名、动
3100,五级,他人,tārén,代
3101,五级,台灯,táidēng,名
3102,五级,台阶,táijiē,名
3103,五级,太太,tàitai,名
3104,五级,谈话,tánhuà,动
3105,五级,桃,táo,名
3106,五级,套,tào,名、动、量
3107,五级,特产,tèchǎn,名
3108,五级,特色,tèsè,名
3109,五级,特殊,tèshū,形
3110,五级,特有,tèyǒu,形
3111,五级,特征,tèzhēng,名
3112,五级,疼痛,téngtòng,形
3113,五级,提倡,tíchàng,动
3114,五级,提交,tíjiāo,动
3115,五级,题目,tímù,名
3116,五级,提起,tíqǐ,动
3117,五级,提升,tíshēng,动
3118,五级,提问,tíwèn,动
3119,五级,体会,tǐhuì,动、名
3120,五级,体力,tǐlì,名
3121,五级,体现,tǐxiàn,动
3122,五级,体验,tǐyàn,动
3123,五级,替,tì,动、介
3124,五级,天空,tiānkōng,名
3125,五级,天上,tiānshàng,名
3126,五级,填,tián,动
3127,五级,甜品,tiánpǐn,名
3128,五级,挑,tiāo,动
3129,五级,挑选,tiāoxuǎn,动
3130,五级,调,tiáo,动
3131,五级,调皮,tiáopí,形
3132,五级,调整,tiáozhěng,动
3133,五级,挑战,tiǎozhàn,动、名
3134,五级,跳高,tiàogāo,动
3135,五级,跳远,tiàoyuǎn,动
3136,五级,贴,tiē,动
3137,五级,铁路,tiělù,名
3138,五级,停留,tíngliú,动
3139,五级,通常,tōngcháng,形、副
3140,五级,通行,tōngxíng,动
3141,五级,同,tóng,形、动、副、介、连
3142,五级,同情,tóngqíng,动
3143,五级,同一,tóngyī,形
3144,五级,统计,tǒngjì,动
3145,五级,统一,tǒngyī,动、形
3146,五级,痛苦,tòngkǔ,形
3147,五级,投,tóu,动
3148,五级,投入,tóurù,动、形、名
3149,五级,头,tou,后缀
3150,五级,突出,tūchū,动、形
3151,五级,图画,túhuà,名
3152,五级,图书,túshū,名
3153,五级,土地,tǔdì,名
3154,五级,土豆,tǔdòu,名
3155,五级,兔子,tùzi,名
3156,五级,团,tuán,动、名、量
3157,五级,团队,tuánduì,名
3158,五级,推动,tuīdòng,动
3159,五级,推广,tuīguǎng,动
3160,五级,推荐,tuījiàn,动
3161,五级,推进,tuījìn,动
3162,五级,退,tuì,动
3163,五级,退出,tuìchū,动
3164,五级,退还,tuìhuán,动
3165,五级,退休,tuìxiū,动
3166,五级,拖鞋,tuōxié,名
3167,五级,外部,wàibù,名
3168,五级,外公,wàigōng,名
3169,五级,外观,wàiguān,名
3170,五级,外婆,wàipó,名
3171,五级,外形,wàixíng,名
3172,五级,弯,wān,形、动、名
3173,五级,玩具,wánjù,名
3174,五级,完美,wánměi,形
3175,五级,完善,wánshàn,形、动
3176,五级,完整,wánzhěng,形
3177,五级,万一,wànyī,名、连
3178,五级,往返,wǎngfǎn,动
3179,五级,网络,wǎngluò,名
3180,五级,危害,wēihài,动
3181,五级,微笑,wēixiào,动、名
3182,五级,威胁,wēixié,动
3183,五级,围,wéi,动
3184,五级,为2,wéi,介
3185,五级,维持,wéichí,动
3186,五级,违法,wéifǎ,动
3187,五级,违反,wéifǎn,动
3188,五级,围巾,wéijīn,名
3189,五级,围绕,wéirào,动
3190,五级,维修,wéixiū,动
3191,五级,唯一,wéiyī,形
3192,五级,尾巴,wěiba,名
3193,五级,伟大,wěidà,形
3194,五级,胃,wèi,名
3195,五级,喂2,wèi,动
3196,五级,未来,wèilái,形、名
3197,五级,位于,wèiyú,动
3198,五级,位置,wèizhì,名
3199,五级,温暖,wēnnuǎn,形、动
3200,五级,文学,wénxué,名
3201,五级,稳定,wěndìng,形、动
3202,五级,问卷,wènjuàn,名
3203,五级,握,wò,动
3204,五级,卧室,wòshì,名
3205,五级,握手,wòshǒu,动
3206,五级,无关,wúguān,动
3207,五级,无奈,wúnài,动、连
3208,五级,无数,wúshù,形
3209,五级,无限,wúxiàn,形
3210,五级,无效,wúxiào,动
3211,五级,舞蹈,wǔdǎo,名
3212,五级,武术,wǔshù,名
3213,五级,舞台,wǔtái,名
3214,五级,五颜六色,wǔyán-liùsè,
3215,五级,雾,wù,名
3216,五级,物价,wùjià,名
3217,五级,物理,wùlǐ,名
3218,五级,物品,wùpǐn,名
3219,五级,物业,wùyè,名
3220,五级,物质,wùzhì,名
3221,五级,西餐,xīcān,名
3222,五级,吸管,xīguǎn,名
3223,五级,吸收,xīshōu,动
3224,五级,西装,xīzhuāng,名
3225,五级,戏,xì,名
3226,五级,系,xì,名
3227,五级,细节,xìjié,名
3228,五级,戏剧,xìjù,名
3229,五级,系统,xìtǒng,名、形
3230,五级,下载,xiàzài,动
3231,五级,先后,xiānhòu,名、副
3232,五级,先进,xiānjìn,形、名
3233,五级,闲,xián,形
3234,五级,显得,xiǎnde,动
3235,五级,显然,xiǎnrán,形
3236,五级,显示,xiǎnshì,动
3237,五级,县,xiàn,名
3238,五级,现场,xiànchǎng,名
3239,五级,现代,xiàndài,名、形
3240,五级,现代化,xiàndàihuà,动
3241,五级,线路,xiànlù,名
3242,五级,现实,xiànshí,名、形
3243,五级,现象,xiànxiàng,名
3244,五级,限制,xiànzhì,动、名
3245,五级,现状,xiànzhuàng,名
3246,五级,乡,xiāng,名
3247,五级,相处,xiāngchǔ,动
3248,五级,乡村,xiāngcūn,名
3249,五级,相当,xiāngdāng,动、副
3250,五级,相对,xiāngduì,动、形
3251,五级,相关,xiāngguān,动
3252,五级,相似,xiāngsì,形
3253,五级,想念,xiǎngniàn,动
3254,五级,响声,xiǎngshēng,名
3255,五级,享受,xiǎngshòu,动
3256,五级,想象,xiǎngxiàng,动
3257,五级,相册,xiàngcè,名
3258,五级,项目,xiàngmù,名
3259,五级,橡皮,xiàngpí,名
3260,五级,向上,xiàngshàng,动
3261,五级,象征,xiàngzhēng,动、名
3262,五级,消费,xiāofèi,动
3263,五级,消费者,xiāofèizhě,名
3264,五级,消化,xiāohuà,动
3265,五级,消极,xiāojí,形
3266,五级,销量,xiāoliàng,名
3267,五级,消失,xiāoshī,动
3268,五级,销售,xiāoshòu,动
3269,五级,小姐,xiǎojiě,名
3270,五级,小型,xiǎoxíng,形
3271,五级,小于,xiǎoyú,动
3272,五级,效率,xiàolǜ,名
3273,五级,斜,xié,形、动
3274,五级,协议,xiéyì,动、名
3275,五级,写作,xiězuò,动
3276,五级,新郎,xīnláng,名
3277,五级,心理,xīnlǐ,名
3278,五级,新娘,xīnniáng,名
3279,五级,新人,xīnrén,名
3280,五级,欣赏,xīnshǎng,动
3281,五级,心态,xīntài,名
3282,五级,新型,xīnxíng,形
3283,五级,信封,xìnfēng,名
3284,五级,信任,xìnrèn,动
3285,五级,信用,xìnyòng,名
3286,五级,行程,xíngchéng,名
3287,五级,形成,xíngchéng,动
3288,五级,行动,xíngdòng,动、名
3289,五级,行人,xíngrén,名
3290,五级,形容,xíngróng,动
3291,五级,形式,xíngshì,名
3292,五级,形势,xíngshì,名
3293,五级,行驶,xíngshǐ,动
3294,五级,行为,xíngwéi,名
3295,五级,形象,xíngxiàng,名、形
3296,五级,形状,xíngzhuàng,名
3297,五级,行走,xíngzǒu,动
3298,五级,幸运,xìngyùn,名、形
3299,五级,性质,xìngzhì,名
3300,五级,修改,xiūgǎi,动
3301,五级,修建,xiūjiàn,动
3302,五级,休闲,xiūxián,动
3303,五级,需,xū,动
3304,五级,需求,xūqiú,名
3305,五级,虚心,xūxīn,形
3306,五级,宣布,xuānbù,动
3307,五级,宣传,xuānchuán,动
3308,五级,选手,xuǎnshǒu,名
3309,五级,学分,xuéfēn,名
3310,五级,学科,xuékē,名
3311,五级,学历,xuélì,名
3312,五级,学年,xuénián,名
3313,五级,学术,xuéshù,名
3314,五级,学者,xuézhě,名
3315,五级,雪糕,xuěgāo,名
3316,五级,询问,xúnwèn,动
3317,五级,寻找,xúnzhǎo,动
3318,五级,训练,xùnliàn,动
3319,五级,迅速,xùnsù,形
3320,五级,呀,yā,叹
3321,五级,押金,yājīn,名
3322,五级,压岁钱,yāsuìqián,名
3323,五级,鸭子,yāzi,名
3324,五级,牙齿,yáchǐ,名
3325,五级,沿,yán,介、动、名
3326,五级,延长,yáncháng,动
3327,五级,研发,yánfā,动
3328,五级,严肃,yánsù,形、动
3329,五级,研制,yánzhì,动
3330,五级,眼,yǎn,名、量
3331,五级,演讲,yǎnjiǎng,动
3332,五级,眼泪,yǎnlèi,名
3333,五级,阳台,yángtái,名
3334,五级,样式,yàngshì,名
3335,五级,腰,yāo,名
3336,五级,摇,yáo,动
3337,五级,咬,yǎo,动
3338,五级,要不,yàobù,连
3339,五级,要不是,yàobúshì,连
3340,五级,药品,yàopǐn,名
3341,五级,药物,yàowù,名
3342,五级,夜间,yèjiān,名
3343,五级,夜市,yèshì,名
3344,五级,业务,yèwù,名
3345,五级,业余,yèyú,形
3346,五级,依据,yījù,名、动、介
3347,五级,依靠,yīkào,动、名
3348,五级,医疗,yīliáo,动
3349,五级,依然,yīrán,副
3350,五级,医学,yīxué,名
3351,五级,移,yí,动
3352,五级,一次性,yícìxìng,形
3353,五级,一代,yídài,名
3354,五级,一旦,yídàn,副
3355,五级,移动,yídòng,动
3356,五级,遗憾,yíhàn,名、形
3357,五级,一路,yílù,名、副
3358,五级,一路顺风,yílù-shùnfēng,
3359,五级,疑问,yíwèn,名
3360,五级,一致,yízhì,形、副
3361,五级,乙,yǐ,名
3362,五级（七-九级）,以,yǐ,介、（连）
3363,五级,以及,yǐjí,连
3364,五级,以来,yǐlái,名
3365,五级,亿,yì,数
3366,五级,意识,yìshí,动、名
3367,五级,意外,yìwài,形、名
3368,五级,意味着,yìwèizhe,动
3369,五级,义务,yìwù,名、形
3370,五级,意义,yìyì,名
3371,五级,因而,yīn’ér,连
3372,五级,音量,yīnliàng,名
3373,五级,因素,yīnsù,名
3374,五级,引进,yǐnjìn,动
3375,五级,饮食,yǐnshí,名
3376,五级,印刷,yìnshuā,动
3377,五级,应当,yīngdāng,动
3378,五级,迎,yíng,动
3379,五级,迎接,yíngjiē,动
3380,五级,营养,yíngyǎng,名
3381,五级,营业,yíngyè,动
3382,五级,影片,yǐngpiàn,名
3383,五级,影视,yǐngshì,名
3384,五级,硬,yìng,形、副
3385,五级,应对,yìngduì,动
3386,五级,硬件,yìngjiàn,名
3387,五级,应用,yìngyòng,动、形
3388,五级,拥抱,yōngbào,动
3389,五级,拥有,yōngyǒu,动
3390,五级,勇气,yǒngqì,名
3391,五级,用法,yòngfǎ,名
3392,五级,用户,yònghù,名
3393,五级,用力,yònglì,动
3394,五级,用品,yòngpǐn,名
3395,五级,用途,yòngtú,名
3396,五级,优惠,yōuhuì,形
3397,五级,悠久,yōujiǔ,形
3398,五级,优良,yōuliáng,形
3399,五级,优美,yōuměi,形
3400,五级,优势,yōushì,名
3401,五级,优质,yōuzhì,形
3402,五级,由此,yóu cǐ,
3403,五级,邮寄,yóujì,动
3404,五级,邮局,yóujú,名
3405,五级,游览,yóulǎn,动
3406,五级,邮票,yóupiào,名
3407,五级,油条,yóutiáo,名
3408,五级,犹豫,yóuyù,形
3409,五级,有害,yǒu hài,
3410,五级,有力,yǒulì,形
3411,五级,有利,yǒulì,形
3412,五级,有限,yǒuxiàn,形
3413,五级,有益,yǒuyì,形
3414,五级,有助于,yǒuzhùyú,动
3415,五级,幼儿园,yòu’éryuán,名
3416,五级,娱乐,yúlè,动、名
3417,五级,语气,yǔqì,名
3418,五级,雨水,yǔshuǐ,名
3419,五级,语文,yǔwén,名
3420,五级,语音,yǔyīn,名
3421,五级,预报,yùbào,动、名
3422,五级,预测,yùcè,动
3423,五级,预订,yùdìng,动
3424,五级,预防,yùfáng,动
3425,五级,预计,yùjì,动
3426,五级,玉米,yùmǐ,名
3427,五级,预约,yùyuē,动
3428,五级,原,yuán,形
3429,五级,圆,yuán,名、形
3430,五级,原有,yuán yǒu,
3431,五级,元旦,Yuándàn,名
3432,五级,员工,yuángōng,名
3433,五级,原则,yuánzé,名
3434,五级,愿,yuàn,动
3435,五级,愿望,yuànwàng,名
3436,五级,约定,yuēdìng,动
3437,五级,运,yùn,动
3438,五级,运费,yùnfèi,名
3439,五级,运气,yùnqi,名
3440,五级,运输,yùnshū,动
3441,五级,运用,yùnyòng,动
3442,五级,在场,zàichǎng,动
3443,五级,在乎,zàihu,动
3444,五级,在内,zàinèi,名
3445,五级,在线,zàixiàn,动
3446,五级,在于,zàiyú,动
3447,五级,赞成,zànchéng,动
3448,五级,糟,zāo,形
3449,五级,糟糕,zāogāo,形
3450,五级,早期,zǎoqī,名
3451,五级,早晚,zǎowǎn,名、副
3452,五级,早已,zǎoyǐ,副
3453,五级,造,zào,动
3454,五级,造成,zàochéng,动
3455,五级,增,zēng,动
3456,五级,增进,zēngjìn,动
3457,五级,增强,zēngqiáng,动
3458,五级,赠,zèng,动
3459,五级,赠送,zèngsòng,动
3460,五级,炸,zhá,动
3461,五级,摘,zhāi,动
3462,五级,窄,zhǎi,形
3463,五级,展出,zhǎnchū,动
3464,五级,展开,zhǎnkāi,动
3465,五级,展览,zhǎnlǎn,动
3466,五级,展示,zhǎnshì,动
3467,五级,展现,zhǎnxiàn,动
3468,五级,占,zhàn,动
3469,五级,站台,zhàntái,名
3470,五级,占线,zhànxiàn,动
3471,五级,涨,zhǎng,动
3472,五级,涨价,zhǎngjià,动
3473,五级,掌声,zhǎngshēng,名
3474,五级,掌握,zhǎngwò,动
3475,五级,账号,zhànghào,名
3476,五级,账户,zhànghù,名
3477,五级,着凉,zháoliáng,动
3478,五级,召开,zhàokāi,动
3479,五级,折扣,zhékòu,名
3480,五级,哲学,zhéxué,名
3481,五级,真诚,zhēnchéng,形
3482,五级,针对,zhēnduì,动
3483,五级,珍贵,zhēnguì,形
3484,五级,真实,zhēnshí,形
3485,五级,珍惜,zhēnxī,动
3486,五级,诊断,zhěnduàn,动
3487,五级,阵,zhèn,量
3488,五级,争,zhēng,动
3489,五级,争取,zhēngqǔ,动
3490,五级,整齐,zhěngqí,形
3491,五级,整体,zhěngtǐ,名
3492,五级,整整,zhěngzhěng,副
3493,五级,挣,zhèng,动
3494,五级,政府,zhèngfǔ,名
3495,五级,证据,zhèngjù,名
3496,五级,正如,zhèngrú,动
3497,五级,证书,zhèngshū,名
3498,五级,政治,zhèngzhì,名
3499,五级,支1,zhī,量
3500,五级,知名,zhīmíng,形
3501,五级,直,zhí,形、动、副
3502,五级,直播,zhíbō,动
3503,五级,职场,zhíchǎng,名
3504,五级,职工,zhígōng,名
3505,五级,执行,zhíxíng,动、形
3506,五级,止,zhǐ,动
3507,五级,指导,zhǐdǎo,动
3508,五级,至,zhì,动
3509,五级,治,zhì,动
3510,五级,制订,zhìdìng,动
3511,五级,制定,zhìdìng,动
3512,五级,制度,zhìdù,名
3513,五级,智慧,zhìhuì,名
3514,五级,至今,zhìjīn,副
3515,五级,治疗,zhìliáo,动
3516,五级,智能,zhìnéng,名、形
3517,五级,志愿者,zhìyuànzhě,名
3518,五级,制造,zhìzào,动
3519,五级,制作,zhìzuò,动
3520,五级,中华,Zhōnghuá,名
3521,五级,中华民族,Zhōnghuá Mínzú,
3522,五级,中级,zhōngjí,形
3523,五级,中介,zhōngjiè,名
3524,五级,中期,zhōngqī,名
3525,五级,中外,zhōngwài,名
3526,五级,中心,zhōngxīn,名
3527,五级,中药,zhōngyào,名
3528,五级,中医,zhōngyī,名
3529,五级,种类,zhǒnglèi,名
3530,五级,种子,zhǒngzi,名
3531,五级,重大,zhòngdà,形
3532,五级,众多,zhòngduō,形
3533,五级,重量,zhòngliàng,名
3534,五级,种植,zhòngzhí,动
3535,五级,周年,zhōunián,名
3536,五级,猪,zhū,名
3537,五级,逐步,zhúbù,副
3538,五级,逐渐,zhújiàn,副
3539,五级,竹子,zhúzi,名
3540,五级,煮,zhǔ,动
3541,五级,主持,zhǔchí,动
3542,五级,主动,zhǔdòng,形
3543,五级,主观,zhǔguān,形
3544,五级,主人,zhǔrén,名
3545,五级,主任,zhǔrèn,名
3546,五级,主食,zhǔshí,名
3547,五级,主题,zhǔtí,名
3548,五级,主席,zhǔxí,名
3549,五级,注册,zhùcè,动
3550,五级,住房,zhùfáng,名
3551,五级,住宿,zhùsù,动
3552,五级,住址,zhùzhǐ,名
3553,五级,注重,zhùzhòng,动
3554,五级,抓,zhuā,动
3555,五级,抓紧,zhuājǐn,动
3556,五级,专家,zhuānjiā,名
3557,五级,专心,zhuānxīn,形
3558,五级,转变,zhuǎnbiàn,动
3559,五级,转告,zhuǎngào,动
3560,五级,装饰,zhuāngshì,动、名
3561,五级,装修,zhuāngxiū,动
3562,五级,撞,zhuàng,动
3563,五级,状况,zhuàngkuàng,名
3564,五级,状态,zhuàngtài,名
3565,五级,追,zhuī,动
3566,五级,追求,zhuīqiú,动
3567,五级,资格,zīgé,名
3568,五级,资金,zījīn,名
3569,五级,姿势,zīshì,名
3570,五级,咨询,zīxún,动
3571,五级,资源,zīyuán,名
3572,五级,紫,zǐ,形
3573,五级,子女,zǐnǚ,名
3574,五级,自从,zìcóng,介
3575,五级,自动,zìdòng,副、形
3576,五级,自觉,zìjué,动、形
3577,五级,字母,zìmǔ,名
3578,五级,自身,zìshēn,名
3579,五级,自由,zìyóu,形、名
3580,五级,综合,zōnghé,动
3581,五级,总部,zǒngbù,名
3582,五级,总共,zǒnggòng,副
3583,五级,总数,zǒngshù,名
3584,五级,总体,zǒngtǐ,名
3585,五级,总统,zǒngtǒng,名
3586,五级,总之,zǒngzhī,连
3587,五级,租金,zūjīn,名
3588,五级,族,zú,后缀
3589,五级,足够,zúgòu,动
3590,五级,组成,zǔchéng,动
3591,五级,组合,zǔhé,动、名
3592,五级,阻止,zǔzhǐ,动
3593,五级,组织,zǔzhī,动、名
3594,五级,嘴巴,zuǐba,名
3595,五级,醉,zuì,动
3596,五级,最初,zuìchū,名
3597,五级,最佳,zuìjiā,形
3598,五级,尊敬,zūnjìng,动、形
3599,五级,遵守,zūnshǒu,动
3600,五级,作出,zuòchū,动
3601,六级,岸,àn,名
3602,六级,案例,ànlì,名
3603,六级,按摩,ànmó,动
3604,六级,暗示,ànshì,动
3605,六级,昂贵,ángguì,形
3606,六级,白白,báibái,副
3607,六级,白领,báilǐng,名
3608,六级,摆,bǎi,动
3609,六级,摆放,bǎifàng,动
3610,六级,百分点,bǎifēndiǎn,名
3611,六级,百货,bǎihuò,名
3612,六级,摆脱,bǎituō,动
3613,六级,败,bài,动
3614,六级,拜访,bàifǎng,动
3615,六级,拜年,bàinián,动
3616,六级,版,bǎn,名、量
3617,六级,版本,bǎnběn,名
3618,六级,伴随,bànsuí,动
3619,六级,扮演,bànyǎn,动
3620,六级,榜样,bǎngyàng,名
3621,六级,棒球,bàngqiú,名
3622,六级,保管,bǎoguǎn,动
3623,六级,保健,bǎojiàn,动
3624,六级,保暖,bǎonuǎn,动
3625,六级,保修,bǎoxiū,动
3626,六级,保障,bǎozhàng,动、名
3627,六级,爆,bào,动
3628,六级,爆发,bàofā,动
3629,六级,报刊,bàokān,名
3630,六级,暴力,bàolì,名
3631,六级,暴露,bàolù,动
3632,六级,报社,bàoshè,名
3633,六级,爆炸,bàozhà,动
3634,六级,悲观,bēiguān,形
3635,六级,悲剧,bēijù,名
3636,六级,悲伤,bēishāng,形
3637,六级,北极,běijí,名
3638,六级,北美洲,Běiměizhōu,名
3639,六级,被动,bèidòng,形
3640,六级,被迫,bèipò,动
3641,六级,背心,bèixīn,名
3642,六级,备用,bèiyòng,动
3643,六级,倍增,bèizēng,动
3644,六级,奔跑,bēnpǎo,动
3645,六级,本能,běnnéng,名、副
3646,六级,本身,běnshēn,代
3647,六级,本土,běntǔ,名
3648,六级,逼,bī,动
3649,六级,比方,bǐfang,动
3650,六级,比重,bǐzhòng,名
3651,六级,闭,bì,动
3652,六级,避,bì,动
3653,六级,必修,bìxiū,形
3654,六级,编,biān,动
3655,六级,编辑,biānjí,动、名
3656,六级,编写,biānxiě,动
3657,六级,遍地,biàndì,动、副
3658,六级,便捷,biànjié,形
3659,六级,变质,biànzhì,动
3660,六级,兵,bīng,名
3661,六级,病毒,bìngdú,名
3662,六级,播,bō,动
3663,六级,播种,bōzhǒng,动
3664,六级,博览会,bólǎnhuì,名
3665,六级,薄弱,bóruò,形
3666,六级,脖子,bózi,名
3667,六级,不耐烦,bú nàifán,
3668,六级,不顾,búgù,动
3669,六级,不料,búliào,连
3670,六级,不适,búshì,形
3671,六级,不至于,búzhìyú,动
3672,六级,补,bǔ,动
3673,六级,捕,bǔ,动
3674,六级,补偿,bǔcháng,动
3675,六级,补课,bǔkè,动
3676,六级,补贴,bǔtiē,动、名
3677,六级,补习,bǔxí,动
3678,六级,布,bù,名
3679,六级,不安,bù’ān,形
3680,六级,不曾,bùcéng,副
3681,六级,不成,bùchéng,动、形、助
3682,六级,不得,bùdé,动
3683,六级,部队,bùduì,名
3684,六级,不禁,bùjīn,副
3685,六级,不时,bùshí,副、名
3686,六级,部位,bùwèi,名
3687,六级,不许,bùxǔ,动
3688,六级,不宜,bùyí,动
3689,六级,不已,bùyǐ,动
3690,六级,布置,bùzhì,动
3691,六级,不止,bùzhǐ,动、副
3692,六级,步骤,bùzhòu,名
3693,六级,猜测,cāicè,动
3694,六级,财产,cáichǎn,名
3695,六级,财富,cáifù,名
3696,六级,才华,cáihuá,名
3697,六级,才能,cáinéng,名
3698,六级,财务,cáiwù,名
3699,六级,财物,cáiwù,名
3700,六级,材质,cáizhì,名
3701,六级,踩,cǎi,动
3702,六级,采购,cǎigòu,动、名
3703,六级,彩虹,cǎihóng,名
3704,六级,采集,cǎijí,动
3705,六级,采纳,cǎinà,动
3706,六级,彩票,cǎipiào,名
3707,六级,参展,cānzhǎn,动
3708,六级,残疾,cánjí,名
3709,六级,仓库,cāngkù,名
3710,六级,草原,cǎoyuán,名
3711,六级,侧,cè,名、动
3712,六级,策划,cèhuà,动
3713,六级,测量,cèliáng,动
3714,六级,策略,cèlüè,名
3715,六级,层次,céngcì,名
3716,六级,层面,céngmiàn,名
3717,六级,叉,chā,名、动
3718,六级,差异,chāyì,名
3719,六级,插座,chāzuò,名
3720,六级,查询,cháxún,动
3721,六级,拆除,chāichú,动
3722,六级,产出,chǎnchū,动
3723,六级,产地,chǎndì,名
3724,六级,肠,cháng,名
3725,六级,长短,chángduǎn,名
3726,六级,常规,chángguī,名、形
3727,六级,常年,chángnián,副、名
3728,六级,长寿,chángshòu,形
3729,六级,常温,chángwēn,名
3730,六级,场次,chǎngcì,名
3731,六级,场地,chǎngdì,名
3732,六级,场馆,chǎngguǎn,名
3733,六级,场合,chǎnghé,名
3734,六级,厂家,chǎngjiā,名
3735,六级,场景,chǎngjǐng,名
3736,六级,场面,chǎngmiàn,名
3737,六级,厂商,chǎngshāng,名
3738,六级,畅通,chàngtōng,形
3739,六级,畅销,chàngxiāo,动
3740,六级,抄,chāo,动
3741,六级,超越,chāoyuè,动
3742,六级,朝代,cháodài,名
3743,六级,潮流,cháoliú,名
3744,六级,潮湿,cháoshī,形
3745,六级,嘲笑,cháoxiào,动
3746,六级,炒股,chǎogǔ,动
3747,六级,吵架,chǎojià,动
3748,六级,撤回,chèhuí,动
3749,六级,撤销,chèxiāo,动
3750,六级,沉重,chénzhòng,形
3751,六级,趁,chèn,介
3752,六级,撑,chēng,动
3753,六级,称号,chēnghào,名
3754,六级,称呼,chēnghu,动、名
3755,六级,称作,chēngzuò,动
3756,六级,成,chéng,量
3757,六级,乘2,chéng,动
3758,六级,盛,chéng,动
3759,六级,承办,chéngbàn,动
3760,六级,惩罚,chéngfá,动
3761,六级,成交,chéngjiāo,动
3762,六级,承诺,chéngnuò,动
3763,六级,成千上万,chéngqiān-shàngwàn,
3764,六级,呈现,chéngxiàn,动
3765,六级,成效,chéngxiào,名
3766,六级,诚信,chéngxìn,形
3767,六级,成语,chéngyǔ,名
3768,六级,城镇,chéngzhèn,名
3769,六级,持久,chíjiǔ,形
3770,六级,持有,chíyǒu,动
3771,六级,尺,chǐ,量、名
3772,六级,尺寸,chǐcùn,名
3773,六级,冲动,chōngdòng,名、形
3774,六级,冲击,chōngjī,动
3775,六级,充实,chōngshí,形、动
3776,六级,冲突,chōngtū,动
3777,六级,崇拜,chóngbài,动
3778,六级,重建,chóngjiàn,动
3779,六级,冲,chòng,动、介
3780,六级,抽奖,chōujiǎng,动
3781,六级,抽象,chōuxiàng,形
3782,六级,愁,chóu,动
3783,六级,筹备,chóubèi,动
3784,六级,初步,chūbù,形
3785,六级,出场,chūchǎng,动
3786,六级,初等,chūděng,形
3787,六级,出境,chūjìng,动
3788,六级,出力,chūlì,动
3789,六级,出名,chūmíng,形
3790,六级,出入,chūrù,名
3791,六级,出示,chūshì,动
3792,六级,出游,chūyóu,动
3793,六级,出于,chūyú,动
3794,六级,除,chú,动、介
3795,六级,除非,chúfēi,连
3796,六级,储存,chǔcún,动
3797,六级,处罚,chǔfá,动
3798,六级,储蓄,chǔxù,动、名
3799,六级,处处,chùchù,副
3800,六级,穿过,chuānguò,动
3801,六级,传承,chuánchéng,动
3802,六级,传达,chuándá,动
3803,六级,传染,chuánrǎn,动
3804,六级,传染病,chuánrǎnbìng,名
3805,六级,传授,chuánshòu,动
3806,六级,传输,chuánshū,动
3807,六级,传真,chuánzhēn,名
3808,六级,船只,chuánzhī,名
3809,六级,串,chuàn,名、量
3810,六级,窗口,chuāngkǒu,名
3811,六级,闯,chuǎng,动
3812,六级,创办,chuàngbàn,动
3813,六级,创建,chuàngjiàn,动
3814,六级,创立,chuànglì,动
3815,六级,创意,chuàngyì,名、动
3816,六级,垂直,chuízhí,动
3817,六级,纯,chún,形、副
3818,六级,瓷器,cíqì,名
3819,六级,此刻,cǐkè,名
3820,六级,刺,cì,动、名
3821,六级,次数,cìshù,名
3822,六级,匆匆,cōngcōng,形
3823,六级,匆忙,cōngmáng,形
3824,六级,从未,cóngwèi,副
3825,六级,从业,cóngyè,动
3826,六级,醋,cù,名
3827,六级,脆,cuì,形
3828,六级,脆弱,cuìruò,形
3829,六级,村庄,cūnzhuāng,名
3830,六级,存储,cúnchǔ,动
3831,六级,寸,cùn,量
3832,六级,挫折,cuòzhé,动
3833,六级,搭,dā,动
3834,六级,搭配,dāpèi,动、形
3835,六级,答复,dáfù,动
3836,六级,打交道,dǎ jiāodao,
3837,六级,打动,dǎdòng,动
3838,六级,打击,dǎjī,动
3839,六级,打架,dǎjià,动
3840,六级,打卡,dǎkǎ,动
3841,六级,打雷,dǎléi,动
3842,六级,打造,dǎzào,动
3843,六级,打仗,dǎzhàng,动
3844,六级,大臣,dàchén,名
3845,六级,大吃一惊,dàchī-yìjīng,
3846,六级,大地,dàdì,名
3847,六级,大都,dàdū,副
3848,六级,大方,dàfang,形
3849,六级,大幅,dàfú,副
3850,六级,大伙儿,dàhuǒr,代
3851,六级,大使,dàshǐ,名
3852,六级,大师,dàshī,名
3853,六级,大洋洲,Dàyángzhōu,名
3854,六级,大致,dàzhì,形、副
3855,六级,呆,dāi,形
3856,六级,待,dài,动
3857,六级,代价,dàijià,名
3858,六级,贷款,dàikuǎn,动、名
3859,六级,代理,dàilǐ,动
3860,六级,带领,dàilǐng,动
3861,六级,单纯,dānchún,形
3862,六级,单调,dāndiào,形
3863,六级,耽误,dānwu,动
3864,六级,担忧,dānyōu,动
3865,六级,蛋白质,dànbáizhì,名
3866,六级,诞生,dànshēng,动
3867,六级,当场,dāngchǎng,副
3868,六级,当初,dāngchū,名
3869,六级,当代,dāngdài,名
3870,六级,当今,dāngjīn,名
3871,六级,当面,dāngmiàn,副
3872,六级,当下,dāngxià,名、副
3873,六级,当选,dāngxuǎn,动
3874,六级,档案,dàng’àn,名
3875,六级,当天,dàngtiān,名
3876,六级,岛,dǎo,名
3877,六级,倒闭,dǎobì,动
3878,六级,倒车,dǎochē,动
3879,六级,导师,dǎoshī,名
3880,六级,道德,dàodé,名、形
3881,六级,倒是,dàoshì,副
3882,六级,得了,déle,动、助
3883,六级,得以,déyǐ,动
3884,六级,得知,dézhī,动
3885,六级,灯笼,dēnglong,名
3886,六级,等级,děngjí,名
3887,六级,滴,dī,动、量
3888,六级,低碳,dītàn,形
3889,六级,抵达,dǐdá,动
3890,六级,抵抗,dǐkàng,动
3891,六级,地道,dìdao,形
3892,六级,地方,dìfāng,名
3893,六级,地形,dìxíng,名
3894,六级,地域,dìyù,名
3895,六级,地质,dìzhì,名
3896,六级,点击,diǎnjī,动
3897,六级,典礼,diǎnlǐ,名
3898,六级,点燃,diǎnrán,动
3899,六级,典型,diǎnxíng,名、形
3900,六级,电饭锅,diànfànguō,名
3901,六级,电力,diànlì,名
3902,六级,店铺,diànpù,名
3903,六级,电源,diànyuán,名
3904,六级,吊,diào,动
3905,六级,调动,diàodòng,动
3906,六级,钓鱼,diàoyú,动
3907,六级,跌,diē,动
3908,六级,顶,dǐng,名、动、量
3909,六级,订单,dìngdān,名
3910,六级,订婚,dìnghūn,动
3911,六级,定价,dìngjià,动、名
3912,六级,定时,dìngshí,动、名
3913,六级,定位,dìngwèi,动、名
3914,六级,定义,dìngyì,名、动
3915,六级,定制,dìngzhì,动
3916,六级,栋,dòng,量
3917,六级,动机,dòngjī,名
3918,六级,动力,dònglì,名
3919,六级,动漫,dòngmàn,名
3920,六级,动态,dòngtài,名、形
3921,六级,动听,dòngtīng,形
3922,六级,逗,dòu,动、形
3923,六级,斗争,dòuzhēng,动、名
3924,六级,都市,dūshì,名
3925,六级,毒,dú,名、动、形
3926,六级,渡,dù,动
3927,六级,端,duān,动
3928,六级,短缺,duǎnquē,动
3929,六级,对称,duìchèn,形
3930,六级,对接,duìjiē,动
3931,六级,对抗,duìkàng,动
3932,六级,对立,duìlì,动
3933,六级,对应,duìyìng,动、形
3934,六级,蹲,dūn,动
3935,六级,顿时,dùnshí,副
3936,六级,多才多艺,duōcái-duōyì,
3937,六级,多亏,duōkuī,动
3938,六级,多媒体,duōméitǐ,名
3939,六级,多余,duōyú,动、形
3940,六级,多元,duōyuán,形
3941,六级,夺,duó,动
3942,六级,夺取,duóqǔ,动
3943,六级,躲避,duǒbì,动
3944,六级,恶心,ěxin,形、动
3945,六级,恶劣,èliè,形
3946,六级,儿科,érkē,名
3947,六级,耳环,ěrhuán,名
3948,六级,二氧化碳,èryǎnghuàtàn,名
3949,六级,发病,fābìng,动
3950,六级,发愁,fāchóu,动
3951,六级,发电,fādiàn,动
3952,六级,发动,fādòng,动
3953,六级,发放,fāfàng,动
3954,六级,发光,fāguāng,动
3955,六级,发票,fāpiào,名
3956,六级,发行,fāxíng,动
3957,六级,发炎,fāyán,动
3958,六级,发育,fāyù,动
3959,六级,法定,fǎdìng,形
3960,六级,法官,fǎguān,名
3961,六级,法规,fǎguī,名
3962,六级,番,fān,量
3963,六级,繁忙,fánmáng,形
3964,六级,凡是,fánshì,副
3965,六级,繁殖,fánzhí,动
3966,六级,反馈,fǎnkuì,动
3967,六级,反思,fǎnsī,动
3968,六级,犯,fàn,动
3969,六级,方方面面,fāngfāngmiànmiàn,名
3970,六级,方位,fāngwèi,名
3971,六级,方言,fāngyán,名
3972,六级,妨碍,fáng’ài,动
3973,六级,房价,fángjià,名
3974,六级,防治,fángzhì,动
3975,六级,访谈,fǎngtán,动
3976,六级,放大,fàngdà,动
3977,六级,放飞,fàngfēi,动
3978,六级,飞速,fēisù,副
3979,六级,肥,féi,形、动、名
3980,六级,肥胖,féipàng,形
3981,六级,肥沃,féiwò,形
3982,六级,肺,fèi,名
3983,六级,肺炎,fèiyán,名
3984,六级,分工,fēngōng,动
3985,六级,分级,fēnjí,动
3986,六级,分期,fēnqī,动
3987,六级,分散,fēnsàn,形、动
3988,六级,氛围,fēnwéi,名
3989,六级,粉,fěn,名、形
3990,六级,愤怒,fènnù,形
3991,六级,封闭,fēngbì,动
3992,六级,风光,fēngguāng,名
3993,六级,风力,fēnglì,名
3994,六级,丰收,fēngshōu,动
3995,六级,风雨,fēngyǔ,名
3996,六级,奉献,fèngxiàn,动
3997,六级,夫人,fūrén,名
3998,六级,服,fú,动
3999,六级,浮,fú,动
4000,六级,服从,fúcóng,动
4001,六级,幅度,fúdù,名
4002,六级,符号,fúhào,名
4003,六级,福利,fúlì,名、动
4004,六级,服用,fúyòng,动
4005,六级,辅导,fǔdǎo,动
4006,六级,辅助,fǔzhù,动、形
4007,六级,副2,fù,形
4008,六级,覆盖,fùgài,动
4009,六级,附件,fùjiàn,名
4010,六级,负面,fùmiàn,形
4011,六级,富裕,fùyù,形、动
4012,六级,赋予,fùyǔ,动
4013,六级,该2,gāi,代
4014,六级,改编,gǎibiān,动
4015,六级,改造,gǎizào,动
4016,六级,概率,gàilǜ,名
4017,六级,肝,gān,名
4018,六级,干脆,gāncuì,形、副
4019,六级,尴尬,gāngà,形
4020,六级,干旱,gānhàn,形
4021,六级,干扰,gānrǎo,动
4022,六级,干燥,gānzào,形
4023,六级,感激,gǎnjī,动
4024,六级,赶忙,gǎnmáng,副
4025,六级,感染,gǎnrǎn,动
4026,六级,感想,gǎnxiǎng,名
4027,六级,钢笔,gāngbǐ,名
4028,六级,港口,gǎngkǒu,名
4029,六级,岗位,gǎngwèi,名
4030,六级,高层,gāocéng,名、形
4031,六级,高超,gāochāo,形
4032,六级,高等,gāoděng,形
4033,六级,高端,gāoduān,形、名
4034,六级,高峰,gāofēng,名
4035,六级,高尚,gāoshàng,形
4036,六级,高手,gāoshǒu,名
4037,六级,高新技术,gāoxīn-jìshù,
4038,六级,高原,gāoyuán,名
4039,六级,稿件,gǎojiàn,名
4040,六级,稿子,gǎozi,名
4041,六级,割,gē,动
4042,六级,歌唱,gēchàng,动
4043,六级,隔壁,gébì,名
4044,六级,革命,gémìng,动、形
4045,六级,个体,gètǐ,名
4046,六级,给予,jǐyǔ,动
4047,六级,跟前,gēnqián,名
4048,六级,跟随,gēnsuí,动
4049,六级,跟踪,gēnzōng,动
4050,六级,公,gōng,形
4051,六级,宫,gōng,名
4052,六级,公安,gōng’ān,名
4053,六级,工地,gōngdì,名
4054,六级,工夫,gōngfu,名
4055,六级,公告,gōnggào,动、名
4056,六级,供给,gōngjǐ,动
4057,六级,攻击,gōngjī,动
4058,六级,公开,gōngkāi,形、动
4059,六级,公民,gōngmín,名
4060,六级,公认,gōngrèn,动
4061,六级,功效,gōngxiào,名
4062,六级,工序,gōngxù,名
4063,六级,公益,gōngyì,名
4064,六级,供应,gōngyìng,动
4065,六级,公元,gōngyuán,名
4066,六级,公正,gōngzhèng,形
4067,六级,公众,gōngzhòng,名
4068,六级,公主,gōngzhǔ,名
4069,六级,巩固,gǒnggù,形、动
4070,六级,共计,gòngjì,动
4071,六级,沟,gōu,名
4072,六级,构造,gòuzào,动
4073,六级,孤独,gūdú,形
4074,六级,姑姑,gūgu,名
4075,六级,古典,gǔdiǎn,形
4076,六级,古迹,gǔjì,名
4077,六级,股票,gǔpiào,名
4078,六级,古人,gǔrén,名
4079,六级,股市,gǔshì,名
4080,六级,骨头,gǔtou,名
4081,六级,鼓舞,gǔwǔ,动、形
4082,六级,顾,gù,动
4083,六级,固体,gùtǐ,名
4084,六级,顾问,gùwèn,名
4085,六级,故障,gùzhàng,名
4086,六级,拐,guǎi,动
4087,六级,拐弯,guǎiwān,动
4088,六级,官,guān,名
4089,六级,关爱,guān’ài,动
4090,六级,官方,guānfāng,名
4091,六级,观光,guānguāng,动
4092,六级,关怀,guānhuái,动
4093,六级,关联,guānlián,动
4094,六级,观赏,guānshǎng,动
4095,六级,官员,guānyuán,名
4096,六级,管道,guǎndào,名
4097,六级,罐,guàn,名
4098,六级,广阔,guǎngkuò,形
4099,六级,归,guī,动、介
4100,六级,规范,guīfàn,名、形、动
4101,六级,规划,guīhuà,名、动
4102,六级,归还,guīhuán,动
4103,六级,规矩,guīju,名、形
4104,六级,轨道,guǐdào,名
4105,六级,跪,guì,动
4106,六级,贵重,guìzhòng,形
4107,六级,棍,gùn,名
4108,六级,国宝,guóbǎo,名
4109,六级,国产,guóchǎn,形
4110,六级,国歌,guógē,名
4111,六级,国旗,guóqí,名
4112,六级,国情,guóqíng,名
4113,六级,国王,guówáng,名
4114,六级,过渡,guòdù,动
4115,六级,过后,guòhòu,名
4116,六级,过时,guòshí,动、形
4117,六级,海内外,hǎi nèiwài,
4118,六级,海岸,hǎi’àn,名
4119,六级,海拔,hǎibá,名
4120,六级,海面,hǎimiàn,名
4121,六级,海域,hǎiyù,名
4122,六级,害,hài,名、动
4123,六级,寒冬,hándōng,名
4124,六级,含义,hányì,名
4125,六级,罕见,hǎnjiàn,形
4126,六级,旱灾,hànzāi,名
4127,六级,航空,hángkōng,动
4128,六级,毫不,háo bù,
4129,六级,毫无,háo wú,
4130,六级,毫米,háomǐ,量
4131,六级,毫升,háoshēng,量
4132,六级,好不,hǎobù,副
4133,六级,好感,hǎogǎn,名
4134,六级,好容易,hǎoróngyì,形
4135,六级,好客,hàokè,形
4136,六级,好学,hàoxué,动
4137,六级,号召,hàozhào,动
4138,六级,合并,hébìng,动
4139,六级,合成,héchéng,动
4140,六级,和平,hépíng,名
4141,六级,和谐,héxié,形
4142,六级,核心,héxīn,名
4143,六级,嘿,hēi,叹
4144,六级,黑暗,hēi’àn,形
4145,六级,痕迹,hénjì,名
4146,六级,狠,hěn,形、动、副
4147,六级,恨,hèn,动
4148,六级,横,héng,形、动、名
4149,六级,衡量,héngliáng,动
4150,六级,宏大,hóngdà,形
4151,六级,洪水,hóngshuǐ,名
4152,六级,后代,hòudài,名
4153,六级,后期,hòuqī,名
4154,六级,后人,hòurén,名
4155,六级,后退,hòutuì,动
4156,六级,后者,hòuzhě,名
4157,六级,忽略,hūlüè,动
4158,六级,壶,hú,名
4159,六级,胡子,húzi,名
4160,六级,户,hù,量
4161,六级,互助,hùzhù,动
4162,六级,花朵,huāduǒ,名
4163,六级,花生,huāshēng,名
4164,六级,滑冰,huábīng,动
4165,六级,滑行,huáxíng,动
4166,六级,滑雪,huáxuě,动
4167,六级,划,huà,动
4168,六级,划分,huàfēn,动
4169,六级,化石,huàshí,名
4170,六级,话筒,huàtǒng,名
4171,六级,化妆,huàzhuāng,动
4172,六级,怀,huái,名、动
4173,六级,怀念,huáiniàn,动
4174,六级,怀孕,huáiyùn,动
4175,六级,欢乐,huānlè,形
4176,六级,环,huán,名、量、动
4177,六级,还原,huányuán,动
4178,六级,患,huàn,动
4179,六级,幻想,huànxiǎng,动、名
4180,六级,患者,huànzhě,名
4181,六级,黄,huáng,名
4182,六级,皇帝,huángdì,名
4183,六级,灰尘,huīchén,名
4184,六级,灰心,huīxīn,形
4185,六级,回报,huíbào,动
4186,六级,回顾,huígù,动
4187,六级,回头,huítóu,动、副、连
4188,六级,汇,huì,动
4189,六级,汇报,huìbào,动
4190,六级,绘画,huìhuà,动
4191,六级,会见,huìjiàn,动
4192,六级,汇款,huìkuǎn,动、名
4193,六级,婚姻,hūnyīn,名
4194,六级,混,hùn,动、副
4195,六级,混合,hùnhé,动
4196,六级,混乱,hùnluàn,形
4197,六级,活力,huólì,名
4198,六级,活跃,huóyuè,形、动
4199,六级,火柴,huǒchái,名
4200,六级,火灾,huǒzāi,名
4201,六级,货币,huòbì,名
4202,六级,货车,huòchē,名
4203,六级,击败,jībài,动
4204,六级,基地,jīdì,名
4205,六级,机动车,jīdòngchē,名
4206,六级,饥饿,jī’è,形
4207,六级,激发,jīfā,动
4208,六级,基金,jījīn,名
4209,六级,激励,jīlì,动
4210,六级,激情,jīqíng,名
4211,六级,机械,jīxiè,名、形
4212,六级,基因,jīyīn,名
4213,六级,机遇,jīyù,名
4214,六级,机制,jīzhì,名
4215,六级,即便,jíbiàn,连
4216,六级,极端,jíduān,名、副、形
4217,六级,急救,jíjiù,动
4218,六级,急切,jíqiè,形
4219,六级,集团,jítuán,名
4220,六级,极为,jíwéi,副
4221,六级,吉祥,jíxiáng,形
4222,六级,继承,jìchéng,动
4223,六级,季军,jìjūn,名
4224,六级,纪律,jìlǜ,名
4225,六级,寂寞,jìmò,形
4226,六级,技巧,jìqiǎo,名
4227,六级,技艺,jìyì,名
4228,六级,夹,jiā,动
4229,六级,加倍,jiābèi,动、副
4230,六级,家常,jiācháng,名
4231,六级,家家户户,jiājiāhùhù,名
4232,六级,加剧,jiājù,动
4233,六级,家居,jiājū,名
4234,六级,家属,jiāshǔ,名
4235,六级,加以,jiāyǐ,动、连
4236,六级,家园,jiāyuán,名
4237,六级,加重,jiāzhòng,动
4238,六级,假设,jiǎshè,动、名
4239,六级,嫁,jià,动
4240,六级,尖,jiān,形、名
4241,六级,肩膀,jiānbǎng,名
4242,六级,监测,jiāncè,动
4243,六级,坚定,jiāndìng,形、动
4244,六级,监督,jiāndū,动
4245,六级,坚固,jiāngù,形
4246,六级,坚决,jiānjué,形
4247,六级,艰难,jiānnán,形
4248,六级,艰辛,jiānxīn,形
4249,六级,坚硬,jiānyìng,形
4250,六级,兼职,jiānzhí,动、名
4251,六级,检测,jiǎncè,动
4252,六级,简化,jiǎnhuà,动
4253,六级,简介,jiǎnjiè,动、名
4254,六级,减弱,jiǎnruò,动
4255,六级,减压,jiǎnyā,动
4256,六级,检验,jiǎnyàn,动
4257,六级,剑,jiàn,名
4258,六级,箭,jiàn,名
4259,六级,鉴定,jiàndìng,动、名
4260,六级,间隔,jiàngé,名、动
4261,六级,间接,jiànjiē,形
4262,六级,健全,jiànquán,形、动
4263,六级,建筑物,jiànzhùwù,名
4264,六级,将军,jiāngjūn,名
4265,六级,讲解,jiǎngjiě,动
4266,六级,奖牌,jiǎngpái,名
4267,六级,奖品,jiǎngpǐn,名
4268,六级,酱,jiàng,名、动
4269,六级,酱油,jiàngyóu,名
4270,六级,胶带,jiāodài,名
4271,六级,焦点,jiāodiǎn,名
4272,六级,交际,jiāojì,动
4273,六级,焦虑,jiāolǜ,形
4274,六级,胶水,jiāoshuǐ,名
4275,六级,交谈,jiāotán,动
4276,六级,郊外,jiāowài,名
4277,六级,角落,jiǎoluò,名
4278,六级,脚印,jiǎoyìn,名
4279,六级,较为,jiàowéi,副
4280,六级,教训,jiàoxùn,动、名
4281,六级,结,jiē,动
4282,六级,结果,jiēguǒ,动
4283,六级,接连,jiēlián,动、副
4284,六级,结实,jiēshi,形
4285,六级,街头,jiētóu,名
4286,六级,杰出,jiéchū,形
4287,六级,节能,jiénéng,动
4288,六级,结尾,jiéwěi,动、名
4289,六级,截至,jiézhì,动
4290,六级,截止,jiézhǐ,动
4291,六级,节奏,jiézòu,名
4292,六级,解,jiě,动
4293,六级,解答,jiědá,动
4294,六级,解读,jiědú,动
4295,六级,解放,jiěfàng,动
4296,六级,解说,jiěshuō,动
4297,六级,借鉴,jièjiàn,动
4298,六级,戒指,jièzhi,名
4299,六级,借助,jièzhù,动
4300,六级,金额,jīn’é,名
4301,六级,金牌,jīnpái,名
4302,六级,金钱,jīnqián,名
4303,六级,金融,jīnróng,名
4304,六级,金属,jīnshǔ,名
4305,六级,金子,jīnzi,名
4306,六级（七-九级）,尽,jìn,动、（副）
4307,六级,进而,jìn’ér,连
4308,六级,进度,jìndù,名
4309,六级,进化,jìnhuà,动
4310,六级,近来,jìnlái,名
4311,六级,近视,jìnshì,形
4312,六级,进展,jìnzhǎn,动
4313,六级,精美,jīngměi,形
4314,六级,精确,jīngquè,形
4315,六级,惊人,jīngrén,形
4316,六级,经商,jīngshāng,动
4317,六级,精通,jīngtōng,动
4318,六级,精心,jīngxīn,形
4319,六级,惊讶,jīngyà,形
4320,六级,精致,jīngzhì,形
4321,六级,精准,jīngzhǔn,形
4322,六级,井,jǐng,名
4323,六级,警告,jǐnggào,动
4324,六级,景观,jǐngguān,名
4325,六级,景象,jǐngxiàng,名
4326,六级,颈椎,jǐngzhuī,名
4327,六级,净,jìng,形、副
4328,六级,竞赛,jìngsài,动
4329,六级,镜头,jìngtóu,名
4330,六级,纠纷,jiūfēn,名
4331,六级,纠正,jiūzhèng,动
4332,六级,酒精,jiǔjīng,名
4333,六级,酒水,jiǔshuǐ,名
4334,六级,就读,jiùdú,动
4335,六级,舅舅,jiùjiu,名
4336,六级,救命,jiùmìng,动
4337,六级,就算,jiùsuàn,连
4338,六级,救援,jiùyuán,动
4339,六级,救灾,jiùzāi,动
4340,六级,救助,jiùzhù,动
4341,六级,局1,jú,量
4342,六级,局2,jú,名
4343,六级,菊花,júhuā,名
4344,六级,局面,júmiàn,名
4345,六级,局限,júxiàn,动
4346,六级,举动,jǔdòng,名
4347,六级,剧本,jùběn,名
4348,六级,聚集,jùjí,动
4349,六级,俱乐部,jùlèbù,名
4350,六级,剧烈,jùliè,形
4351,六级,捐款,juānkuǎn,动、名
4352,六级,捐赠,juānzèng,动
4353,六级,卷,juǎn,动、名、量
4354,六级,卷,juàn,量、名
4355,六级,决策,juécè,动、名
4356,六级,绝望,juéwàng,动
4357,六级,军队,jūnduì,名
4358,六级,军人,jūnrén,名
4359,六级,均匀,jūnyún,形
4360,六级,卡片,kǎpiàn,名
4361,六级,开创,kāichuàng,动
4362,六级,开关,kāiguān,名
4363,六级,开启,kāiqǐ,动
4364,六级,开设,kāishè,动
4365,六级,开头,kāitóu,动、名
4366,六级,砍,kǎn,动
4367,六级,看不起,kànbuqǐ,动
4368,六级,看待,kàndài,动
4369,六级,看得起,kàndeqǐ,动
4370,六级,看好,kànhǎo,动
4371,六级,看似,kànsì,动
4372,六级,看中,kànzhòng,动
4373,六级,看重,kànzhòng,动
4374,六级,康复,kāngfù,动
4375,六级,考察,kǎochá,动
4376,六级,考古,kǎogǔ,动、名
4377,六级,考核,kǎohé,动
4378,六级,考验,kǎoyàn,动
4379,六级,科,kē,名
4380,六级,科幻,kēhuàn,名
4381,六级,科目,kēmù,名
4382,六级,科普,kēpǔ,动
4383,六级,可口,kěkǒu,形
4384,六级,可怜,kělián,形、动
4385,六级,渴望,kěwàng,动
4386,六级,可行,kěxíng,形
4387,六级,客车,kèchē,名
4388,六级,课题,kètí,名
4389,六级,肯,kěn,动
4390,六级,恐惧,kǒngjù,形
4391,六级,空地,kòngdì,名
4392,六级,空闲,kòngxián,形、名
4393,六级,口感,kǒugǎn,名
4394,六级,口号,kǒuhào,名
4395,六级,口腔,kǒuqiāng,名
4396,六级,口头,kǒutóu,名、形
4397,六级,扣,kòu,动、名
4398,六级,枯燥,kūzào,形
4399,六级,酷,kù,形
4400,六级,夸,kuā,动
4401,六级,夸奖,kuājiǎng,动
4402,六级,夸张,kuāzhāng,形
4403,六级,会计,kuàijì,名
4404,六级,快捷,kuàijié,形
4405,六级,款,kuǎn,名、量
4406,六级,款式,kuǎnshì,名
4407,六级,亏损,kuīsǔn,动
4408,六级,困扰,kùnrǎo,动
4409,六级,扩展,kuòzhǎn,动
4410,六级,落,là,动
4411,六级,辣椒,làjiāo,名
4412,六级,啦,la,助
4413,六级,来临,láilín,动
4414,六级,来往,láiwǎng,动
4415,六级,赖,lài,形、动
4416,六级,拦,lán,动
4417,六级,栏,lán,名
4418,六级,兰花,lánhuā,名
4419,六级,烂,làn,形
4420,六级,狼,láng,名
4421,六级,朗读,lǎngdú,动
4422,六级,牢,láo,名、形
4423,六级,劳动力,láodònglì,名
4424,六级,老实,lǎoshi,形
4425,六级,老鼠,lǎoshǔ,名
4426,六级,老太太,lǎotàitai,名
4427,六级,乐于,lèyú,动
4428,六级,雷,léi,名
4429,六级,类别,lèibié,名
4430,六级,理,lǐ,名、动
4431,六级,理财,lǐcái,动
4432,六级,理科,lǐkē,名
4433,六级,理念,lǐniàn,名
4434,六级,理性,lǐxìng,形、名
4435,六级,立,lì,动
4436,六级,粒,lì,名、量
4437,六级,立场,lìchǎng,名
4438,六级,力度,lìdù,名
4439,六级,历经,lìjīng,动
4440,六级,历年,lìnián,名
4441,六级,例外,lìwài,动、名
4442,六级,利息,lìxī,名
4443,六级,联合国,Liánhéguó,名
4444,六级,联网,liánwǎng,动
4445,六级,联想,liánxiǎng,动
4446,六级,链接,liànjiē,动
4447,六级,两岸,liǎng’àn,名
4448,六级,两极,liǎngjí,名
4449,六级,晾,liàng,动
4450,六级,料1,liào,名
4451,六级,料2,liào,动
4452,六级,淋,lín,动
4453,六级,凌晨,língchén,名
4454,六级,流程,liúchéng,名
4455,六级,流动,liúdòng,动
4456,六级,浏览器,liúlǎnqì,名
4457,六级,流量,liúliàng,名
4458,六级,流入,liúrù,动
4459,六级,流通,liútōng,动
4460,六级,楼道,lóudào,名
4461,六级,露,lòu,动
4462,六级,漏洞,lòudòng,名
4463,六级,露1,lù,动
4464,六级,路程,lùchéng,名
4465,六级,路况,lùkuàng,名
4466,六级,路面,lùmiàn,名
4467,六级,录像,lùxiàng,动、名
4468,六级,录用,lùyòng,动
4469,六级,录制,lùzhì,动
4470,六级,旅程,lǚchéng,名
4471,六级,旅途,lǚtú,名
4472,六级,履行,lǚxíng,动
4473,六级,率,lǜ,后缀
4474,六级,绿化,lǜhuà,动
4475,六级,轮,lún,名、动、量
4476,六级,轮船,lúnchuán,名
4477,六级,轮流,lúnliú,动
4478,六级,轮椅,lúnyǐ,名
4479,六级,轮子,lúnzi,名
4480,六级,论坛,lùntán,名
4481,六级,落地,luòdì,动
4482,六级,落后,luòhòu,动、形
4483,六级,马虎,mǎhu,形
4484,六级,码头,mǎtóu,名
4485,六级,蚂蚁,mǎyǐ,名
4486,六级,嘛,ma,助
4487,六级,埋,mái,动
4488,六级,迈,mài,动
4489,六级,麦克风,màikèfēng,名
4490,六级,漫长,màncháng,形
4491,六级,漫画,mànhuà,名
4492,六级,盲人,mángrén,名
4493,六级,冒,mào,动
4494,六级,冒险,màoxiǎn,动
4495,六级,贸易,màoyì,名
4496,六级,煤,méi,名
4497,六级,梅花,méihuā,名
4498,六级,眉毛,méimao,名
4499,六级,美观,měiguān,形
4500,六级,弥补,míbǔ,动
4501,六级,迷人,mírén,形
4502,六级,密,mì,形
4503,六级,密度,mìdù,名
4504,六级,蜜蜂,mìfēng,名
4505,六级,密集,mìjí,动、形
4506,六级,棉,mián,名
4507,六级,免,miǎn,动
4508,六级,勉强,miǎnqiǎng,形、动
4509,六级,免税,miǎnshuì,动
4510,六级,免疫,miǎnyì,动
4511,六级,面部,miànbù,名
4512,六级,面粉,miànfěn,名
4513,六级,面子,miànzi,名
4514,六级,描绘,miáohuì,动
4515,六级,描写,miáoxiě,动
4516,六级,妙,miào,形
4517,六级,灭,miè,动
4518,六级,民歌,míngē,名
4519,六级,民间,mínjiān,名
4520,六级,民俗,mínsú,名
4521,六级,民宿,mínsù,名
4522,六级,民众,mínzhòng,名
4523,六级,民主,mínzhǔ,名、形
4524,六级,名额,míng’é,名
4525,六级,明亮,míngliàng,形
4526,六级,明明,míngmíng,副
4527,六级,名气,míngqi,名
4528,六级,名胜,míngshèng,名
4529,六级,命令,mìnglìng,动、名
4530,六级,命名,mìngmíng,动
4531,六级,模仿,mófǎng,动
4532,六级,模拟,mónǐ,动
4533,六级,模特儿,mótèr,名
4534,六级,摩托车,mótuōchē,名
4535,六级,模型,móxíng,名
4536,六级,默默,mòmò,副
4537,六级,模样,múyàng,名
4538,六级,母,mǔ,形
4539,六级,母语,mǔyǔ,名
4540,六级,木材,mùcái,名
4541,六级,目录,mùlù,名
4542,六级,奶粉,nǎifěn,名
4543,六级,难点,nándiǎn,名
4544,六级,南极洲,Nánjízhōu,名
4545,六级,南美洲,Nánměizhōu,名
4546,六级,难免,nánmiǎn,形
4547,六级,脑袋,nǎodai,名
4548,六级,脑子,nǎozi,名
4549,六级,内涵,nèihán,名
4550,六级,内科,nèikē,名
4551,六级,内外,nèiwài,名
4552,六级,内衣,nèiyī,名
4553,六级,能量,néngliàng,名
4554,六级,能源,néngyuán,名
4555,六级,泥,ní,名
4556,六级,年度,niándù,名
4557,六级,年终,niánzhōng,名
4558,六级,念书,niànshū,动
4559,六级,扭,niǔ,动
4560,六级,农产品,nóngchǎnpǐn,名
4561,六级,浓厚,nónghòu,形
4562,六级,农田,nóngtián,名
4563,六级,暖,nuǎn,形、动
4564,六级,暖气,nuǎnqì,名
4565,六级,偶像,ǒuxiàng,名
4566,六级,排除,páichú,动
4567,六级,排放,páifàng,动
4568,六级,排练,páiliàn,动
4569,六级,排名,páimíng,动
4570,六级（七-九级）,盘,pán,量、（动）
4571,六级,盼望,pànwàng,动
4572,六级,庞大,pángdà,形
4573,六级,抛,pāo,动
4574,六级,泡,pào,名、动
4575,六级,赔偿,péicháng,动
4576,六级,陪同,péitóng,动
4577,六级,培育,péiyù,动
4578,六级,配备,pèibèi,动、名
4579,六级,佩服,pèifú,动
4580,六级,配套,pèitào,动
4581,六级,喷,pēn,动
4582,六级,捧,pěng,动、量
4583,六级,碰撞,pèngzhuàng,动
4584,六级,披,pī,动
4585,六级,皮,pí,名、形
4586,六级,疲劳,píláo,形
4587,六级,片刻,piànkè,名
4588,六级,片面,piànmiàn,形
4589,六级,骗子,piànzi,名
4590,六级,飘,piāo,动、形
4591,六级,漂,piāo,动
4592,六级,频道,píndào,名
4593,六级,频繁,pínfán,形
4594,六级,贫困,pínkùn,形
4595,六级,频率,pínlǜ,名
4596,六级,品尝,pǐncháng,动
4597,六级,平等,píngděng,形
4598,六级,平凡,píngfán,形
4599,六级,平方,píngfāng,名、量
4600,六级,平方米,píngfāngmǐ,量
4601,六级,评估,pínggū,动
4602,六级,评论,pínglùn,动、名
4603,六级,评选,píngxuǎn,动
4604,六级,坡,pō,名、形
4605,六级,泼,pō,动
4606,六级,破产,pòchǎn,动
4607,六级,迫切,pòqiè,形
4608,六级,扑,pū,动
4609,六级,铺,pū,动
4610,六级,扑灭,pūmiè,动
4611,六级,朴素,pǔsù,形
4612,六级,欺骗,qīpiàn,动
4613,六级,期望,qīwàng,动
4614,六级,期限,qīxiàn,名
4615,六级,其间,qíjiān,名
4616,六级,齐全,qíquán,形
4617,六级,棋子,qízǐ,名
4618,六级,起初,qǐchū,名
4619,六级,起点,qǐdiǎn,名
4620,六级,启动,qǐdòng,动
4621,六级,启发,qǐfā,动
4622,六级,启示,qǐshì,动、名
4623,六级,启事,qǐshì,名
4624,六级,起源,qǐyuán,动、名
4625,六级,气氛,qìfēn,名
4626,六级,气体,qìtǐ,名
4627,六级,气味,qìwèi,名
4628,六级,气质,qìzhì,名
4629,六级,恰当,qiàdàng,形
4630,六级,恰好,qiàhǎo,副
4631,六级,恰恰,qiàqià,副
4632,六级,牵,qiān,动
4633,六级,千家万户,qiānjiā-wànhù,
4634,六级,谦虚,qiānxū,形、动
4635,六级,前景,qiánjǐng,名
4636,六级,潜力,qiánlì,名
4637,六级,前期,qiánqī,名
4638,六级,前提,qiántí,名
4639,六级,前者,qiánzhě,名
4640,六级,枪,qiāng,名
4641,六级,墙壁,qiángbì,名
4642,六级,强化,qiánghuà,动
4643,六级,强壮,qiángzhuàng,形、动
4644,六级,强迫,qiǎngpò,动
4645,六级,瞧,qiáo,动
4646,六级,桥梁,qiáoliáng,名
4647,六级,巧妙,qiǎomiào,形
4648,六级,切实,qièshí,形
4649,六级,亲密,qīnmì,形
4650,六级,亲属,qīnshǔ,名
4651,六级,勤劳,qínláo,形
4652,六级,清,qīng,形、动
4653,六级,清晨,qīngchén,名
4654,六级,青春,qīngchūn,名
4655,六级,青春期,qīngchūnqī,名
4656,六级,清淡,qīngdàn,形
4657,六级,清洁,qīngjié,形
4658,六级,清理,qīnglǐ,动
4659,六级,清扫,qīngsǎo,动
4660,六级,倾听,qīngtīng,动
4661,六级,清洗,qīngxǐ,动
4662,六级,清晰,qīngxī,形
4663,六级,倾向,qīngxiàng,动、名
4664,六级,清醒,qīngxǐng,形、动
4665,六级,情节,qíngjié,名
4666,六级,晴朗,qínglǎng,形
4667,六级,情形,qíngxing,名
4668,六级,求,qiú,动
4669,六级,求婚,qiúhūn,动
4670,六级,求救,qiújiù,动
4671,六级,求职,qiúzhí,动
4672,六级,求助,qiúzhù,动
4673,六级,区分,qūfēn,动
4674,六级,渠道,qúdào,名
4675,六级,曲,qǔ,名
4676,六级,娶,qǔ,动
4677,六级,取代,qǔdài,动
4678,六级,趣味,qùwèi,名
4679,六级,圈,quān,名、动
4680,六级,全程,quánchéng,名
4681,六级,权力,quánlì,名
4682,六级,券,quàn,名
4683,六级,缺陷,quēxiàn,名
4684,六级,确立,quèlì,动
4685,六级,群众,qúnzhòng,名
4686,六级,燃料,ránliào,名
4687,六级,染,rǎn,动
4688,六级,热点,rèdiǎn,名
4689,六级,热度,rèdù,名
4690,六级,热门,rèmén,名
4691,六级,热水器,rèshuǐqì,名
4692,六级,热线,rèxiàn,名
4693,六级,热议,rèyì,动
4694,六级,人工智能,réngōng zhìnéng,
4695,六级,人家,rénjia,代
4696,六级,人均,rénjūn,动
4697,六级,人山人海,rénshān-rénhǎi,
4698,六级,人士,rénshì,名
4699,六级,人事,rénshì,名
4700,六级,人为,rénwéi,形
4701,六级,人行道,rénxíngdào,名
4702,六级,忍受,rěnshòu,动
4703,六级,认错,rèncuò,动
4704,六级,认定,rèndìng,动
4705,六级,认可,rènkě,动
4706,六级,认同,rèntóng,动
4707,六级,认知,rènzhī,动
4708,六级,仍旧,réngjiù,副
4709,六级,日后,rìhòu,名
4710,六级,日前,rìqián,名
4711,六级,日夜,rìyè,名
4712,六级,日益,rìyì,副
4713,六级,融合,rónghé,动
4714,六级,融化,rónghuà,动
4715,六级,容量,róngliàng,名
4716,六级,融入,róngrù,动
4717,六级,荣誉,róngyù,名
4718,六级,柔软,róuruǎn,形
4719,六级,入境,rùjìng,动
4720,六级,入门,rùmén,动、名
4721,六级,入选,rùxuǎn,动
4722,六级,弱点,ruòdiǎn,名
4723,六级,撒,sǎ,动
4724,六级,塞,sāi,动、名
4725,六级,赛事,sàishì,名
4726,六级,散,sǎn,动
4727,六级,散文,sǎnwén,名
4728,六级,散,sàn,动
4729,六级,散发,sànfā,动
4730,六级,嗓子,sǎngzi,名
4731,六级,丧失,sàngshī,动
4732,六级,扫描,sǎomiáo,动
4733,六级,杀,shā,动
4734,六级,刹车,shāchē,动、名
4735,六级,鲨鱼,shāyú,名
4736,六级,筛选,shāixuǎn,动
4737,六级,山顶,shāndǐng,名
4738,六级,山峰,shānfēng,名
4739,六级,山坡,shānpō,名
4740,六级,闪,shǎn,动
4741,六级,闪电,shǎndiàn,名
4742,六级,扇,shàn,量
4743,六级,商标,shāngbiāo,名
4744,六级,伤口,shāngkǒu,名
4745,六级,伤亡,shāngwáng,动、名
4746,六级,伤员,shāngyuán,名
4747,六级,上当,shàngdàng,动
4748,六级,上级,shàngjí,名
4749,六级,上进,shàngjìn,动
4750,六级,上市,shàngshì,动
4751,六级,上述,shàngshù,形
4752,六级,上台,shàngtái,动
4753,六级,上旬,shàngxún,名
4754,六级,少儿,shào’ér,名
4755,六级,舌头,shétou,名
4756,六级,社,shè,名
4757,六级,射,shè,动
4758,六级,涉及,shèjí,动
4759,六级,射击,shèjī,动
4760,六级,摄像,shèxiàng,动
4761,六级,设想,shèxiǎng,动
4762,六级,摄像头,shèxiàngtóu,名
4763,六级,身心,shēnxīn,名
4764,六级,深夜,shēnyè,名
4765,六级,神,shén,名、形
4766,六级,神经,shénjīng,名
4767,六级,神奇,shénqí,形
4768,六级,审美,shěnměi,动
4769,六级,升2,shēng,量
4770,六级,生成,shēngchéng,动
4771,六级,声调,shēngdiào,名
4772,六级,生命力,shēngmìnglì,名
4773,六级,生态,shēngtài,名
4774,六级,升学,shēngxué,动
4775,六级,剩余,shèngyú,动
4776,六级,诗词,shīcí,名
4777,六级,湿度,shīdù,名
4778,六级,师父,shīfu,名
4779,六级,诗歌,shīgē,名
4780,六级,狮子,shīzi,名
4781,六级,识,shí,动
4782,六级,拾,shí,动
4783,六级,识别,shíbié,动
4784,六级,时光,shíguāng,名
4785,六级,实话,shíhuà,名
4786,六级,实惠,shíhuì,名、形
4787,六级,时机,shíjī,名
4788,六级,时尚,shíshàng,名、形
4789,六级,实时,shíshí,副
4790,六级,时速,shísù,名
4791,六级,石油,shíyóu,名
4792,六级,食欲,shíyù,名
4793,六级,实质,shízhì,名
4794,六级,十足,shízú,形
4795,六级,使劲,shǐjìn,动
4796,六级,士兵,shìbīng,名
4797,六级,适度,shìdù,形
4798,六级,示范,shìfàn,动
4799,六级,释放,shìfàng,动
4800,六级,事后,shìhòu,名
4801,六级,视觉,shìjué,名
4802,六级,势力,shìlì,名
4803,六级,视力,shìlì,名
4804,六级,试图,shìtú,动
4805,六级,事务,shìwù,名
4806,六级,事项,shìxiàng,名
4807,六级,适宜,shìyí,形
4808,六级,收藏,shōucáng,动
4809,六级,收购,shōugòu,动
4810,六级,收取,shōuqǔ,动
4811,六级,收益,shōuyì,名
4812,六级,手臂,shǒubì,名
4813,六级,手法,shǒufǎ,名
4814,六级,手势,shǒushì,名
4815,六级,首要,shǒuyào,形
4816,六级,寿命,shòumìng,名
4817,六级,受灾,shòuzāi,动
4818,六级,输出,shūchū,动
4819,六级,书画,shūhuà,名
4820,六级,书籍,shūjí,名
4821,六级,书面,shūmiàn,形
4822,六级,输送,shūsòng,动
4823,六级,书写,shūxiě,动
4824,六级,属,shǔ,动
4825,六级,薯片,shǔpiàn,名
4826,六级,竖,shù,形、动、名
4827,六级,树立,shùlì,动
4828,六级,数目,shùmù,名
4829,六级,数字化,shùzìhuà,动
4830,六级,衰老,shuāilǎo,形
4831,六级,率领,shuàilǐng,动
4832,六级,率先,shuàixiān,副
4833,六级,水稻,shuǐdào,名
4834,六级,水库,shuǐkù,名
4835,六级,水流,shuǐliú,名
4836,六级,水面,shuǐmiàn,名
4837,六级,水泥,shuǐní,名
4838,六级,瞬间,shùnjiān,名
4839,六级,思路,sīlù,名
4840,六级,思念,sīniàn,动
4841,六级,死亡,sǐwáng,动
4842,六级,松,sōng,形、动
4843,六级,艘,sōu,量
4844,六级,搜集,sōují,动
4845,六级,塑造,sùzào,动
4846,六级,素质,sùzhì,名
4847,六级,算了,suànle,动、助
4848,六级,算是,suànshì,动、副
4849,六级,虽,suī,连
4850,六级,岁数,suìshu,名
4851,六级,岁月,suìyuè,名
4852,六级,损坏,sǔnhuài,动
4853,六级,损伤,sǔnshāng,动
4854,六级,所2,suǒ,助
4855,六级,踏实,tāshi,形
4856,六级,塔,tǎ,名
4857,六级,台风,táifēng,名
4858,六级,台球,táiqiú,名
4859,六级,太空,tàikōng,名
4860,六级,太阳能,tàiyángnéng,名
4861,六级,谈论,tánlùn,动
4862,六级,谈判,tánpàn,动
4863,六级,弹性,tánxìng,名
4864,六级,探索,tànsuǒ,动
4865,六级,探讨,tàntǎo,动
4866,六级,汤圆,tāngyuán,名
4867,六级,糖果,tángguǒ,名
4868,六级,烫,tàng,动、形
4869,六级,掏,tāo,动
4870,六级,逃,táo,动
4871,六级,逃跑,táopǎo,动
4872,六级,淘气,táoqì,形
4873,六级,淘汰,táotài,动
4874,六级,套餐,tàocān,名
4875,六级,特,tè,副
4876,六级,特长,tècháng,名
4877,六级,特地,tèdì,副
4878,六级,特定,tèdìng,形
4879,六级,特性,tèxìng,名
4880,六级,特意,tèyì,副
4881,六级,题材,tícái,名
4882,六级,提取,tíqǔ,动
4883,六级,提示,tíshì,动
4884,六级,体操,tǐcāo,名
4885,六级,体积,tǐjī,名
4886,六级,体系,tǐxì,名
4887,六级,添,tiān,动
4888,六级,天才,tiāncái,名
4889,六级,添加,tiānjiā,动
4890,六级,天然,tiānrán,形
4891,六级,天然气,tiānránqì,名
4892,六级,天文,tiānwén,名
4893,六级,天下,tiānxià,名
4894,六级,天真,tiānzhēn,形
4895,六级,田,tián,名
4896,六级,田径,tiánjìng,名
4897,六级,调节,tiáojié,动
4898,六级,跳水,tiàoshuǐ,动
4899,六级,贴近,tiējìn,动、形
4900,六级,听话,tīnghuà,形
4901,六级,听觉,tīngjué,名
4902,六级,听取,tīngqǔ,动
4903,六级,通道,tōngdào,名
4904,六级,通风,tōngfēng,动
4905,六级,通话,tōnghuà,动
4906,六级,通信,tōngxìn,动
4907,六级,通讯,tōngxùn,名
4908,六级,通用,tōngyòng,动
4909,六级,铜,tóng,名
4910,六级,同伴,tóngbàn,名
4911,六级,同行,tóngháng,动、名
4912,六级,童话,tónghuà,名
4913,六级,同类,tónglèi,形、名
4914,六级,铜牌,tóngpái,名
4915,六级,痛快,tòngkuài,形
4916,六级,偷,tōu,动、副
4917,六级,偷偷,tōutōu,副
4918,六级,头脑,tóunǎo,名
4919,六级,投票,tóupiào,动
4920,六级,投诉,tóusù,动
4921,六级,投资,tóuzī,动、名
4922,六级,透,tòu,动、形
4923,六级,透过,tòuguò,动
4924,六级,透露,tòulù,动
4925,六级,透明,tòumíng,形
4926,六级,突发,tūfā,动
4927,六级,突破,tūpò,动
4928,六级,图案,tú’àn,名
4929,六级,图表,túbiǎo,名
4930,六级,徒弟,túdì,名
4931,六级,途径,tújìng,名
4932,六级,图像,túxiàng,名
4933,六级,吐,tǔ,动
4934,六级,土壤,tǔrǎng,名
4935,六级,吐,tù,动
4936,六级,团结,tuánjié,动、形
4937,六级,团体,tuántǐ,名
4938,六级,团圆,tuányuán,动
4939,六级,推测,tuīcè,动
4940,六级,推销,tuīxiāo,动
4941,六级,推行,tuīxíng,动
4942,六级,退税,tuìshuì,动
4943,六级,吞,tūn,动
4944,六级,拖,tuō,动
4945,六级,拖延,tuōyán,动
4946,六级,托运,tuōyùn,动
4947,六级,挖,wā,动
4948,六级,哇,wā,拟声
4949,六级,娃娃,wáwa,名
4950,六级,歪,wāi,形
4951,六级,外表,wàibiǎo,名
4952,六级,外交,wàijiāo,名
4953,六级,外界,wàijiè,名
4954,六级,外科,wàikē,名
4955,六级,外来,wàilái,形
4956,六级,外甥,wàisheng,名
4957,六级,弯曲,wānqū,形
4958,六级,顽强,wánqiáng,形
4959,六级,万物,wànwù,名
4960,六级,王子,wángzǐ,名
4961,六级,网,wǎng,名、动
4962,六级,往后,wǎnghòu,名
4963,六级,往来,wǎnglái,动
4964,六级,往年,wǎngnián,名
4965,六级,望,wàng,动
4966,六级,危机,wēijī,名
4967,六级,微小,wēixiǎo,形
4968,六级,违规,wéiguī,动
4969,六级,维护,wéihù,动
4970,六级,为难,wéinán,形、动
4971,六级,围棋,wéiqí,名
4972,六级,为期,wéiqī,动
4973,六级,维生素,wéishēngsù,名
4974,六级,为止,wéizhǐ,动
4975,六级,委屈,wěiqu,形、动
4976,六级,委托,wěituō,动
4977,六级,未,wèi,副
4978,六级,未必,wèibì,副
4979,六级,未成年人,wèichéngniánrén,名
4980,六级,为此,wèicǐ,连
4981,六级,为何,wèihé,副
4982,六级,味觉,wèijué,名
4983,六级,胃口,wèikǒu,名
4984,六级,温和,wēnhé,形
4985,六级,温柔,wēnróu,形
4986,六级,文档,wéndàng,名
4987,六级,文具,wénjù,名
4988,六级,文科,wénkē,名
4989,六级,文明,wénmíng,名、形
4990,六级,闻名,wénmíng,动
4991,六级,文物,wénwù,名
4992,六级,文献,wénxiàn,名
4993,六级,文艺,wényì,名
4994,六级,乌龟,wūguī,名
4995,六级,污水,wūshuǐ,名
4996,六级,无所谓,wúsuǒwèi,动
4997,六级,无疑,wúyí,动
4998,六级,武器,wǔqì,名
4999,六级,误,wù,动
5000,六级,误解,wùjiě,动、名
5001,六级,物体,wùtǐ,名
5002,六级,吸取,xīqǔ,动
5003,六级,媳妇,xífu,名
5004,六级,习俗,xísú,名
5005,六级,喜剧,xǐjù,名
5006,六级,喜事,xǐshì,名
5007,六级,洗漱,xǐshù,动
5008,六级,细胞,xìbāo,名
5009,六级,细菌,xìjūn,名
5010,六级,系列,xìliè,名
5011,六级,戏曲,xìqǔ,名
5012,六级,细致,xìzhì,形
5013,六级,吓,xià,动
5014,六级,下功夫,xià gōngfu,
5015,六级,下单,xiàdān,动
5016,六级,夏令营,xiàlìngyíng,名
5017,六级,下线,xiàxiàn,动
5018,六级,下旬,xiàxún,名
5019,六级,鲜明,xiānmíng,形
5020,六级,先前,xiānqián,名
5021,六级,鲜艳,xiānyàn,形
5022,六级,嫌,xián,动
5023,六级,显,xiǎn,形、动
5024,六级,险,xiǎn,形、副
5025,六级,显著,xiǎnzhù,形
5026,六级,限,xiàn,动
5027,六级,线,xiàn,名、量
5028,六级,现存,xiàncún,动
5029,六级,限度,xiàndù,名
5030,六级,现货,xiànhuò,名
5031,六级,陷入,xiànrù,动
5032,六级,线索,xiànsuǒ,名
5033,六级,限于,xiànyú,动
5034,六级,相差,xiāngchà,动
5035,六级,香肠,xiāngcháng,名
5036,六级,相传,xiāngchuán,动
5037,六级,相等,xiāngděng,动
5038,六级,相连,xiānglián,动
5039,六级,香水,xiāngshuǐ,名
5040,六级,相应,xiāngyìng,动
5041,六级,项链,xiàngliàn,名
5042,六级,象棋,xiàngqí,名
5043,六级,相声,xiàngsheng,名
5044,六级,向往,xiàngwǎng,动
5045,六级,消除,xiāochú,动
5046,六级,消毒,xiāodú,动
5047,六级,消防,xiāofáng,动
5048,六级,消耗,xiāohào,动
5049,六级,消灭,xiāomiè,动
5050,六级,小麦,xiǎomài,名
5051,六级,小气,xiǎoqi,形
5052,六级,小偷儿,xiǎotōur,名
5053,六级,笑容,xiàoróng,名
5054,六级,效应,xiàoyìng,名
5055,六级,歇,xiē,动
5056,六级,携带,xiédài,动
5057,六级,协会,xiéhuì,名
5058,六级,协调,xiétiáo,形、动
5059,六级,协助,xiézhù,动
5060,六级,心爱,xīn’ài,形
5061,六级,心底,xīndǐ,名
5062,六级,新款,xīnkuǎn,名
5063,六级,心灵,xīnlíng,名
5064,六级,新媒体,xīnméitǐ,名
5065,六级,心目,xīnmù,名
5066,六级,新能源,xīnnéngyuán,名
5067,六级,薪水,xīnshui,名
5068,六级,心疼,xīnténg,动
5069,六级,新兴,xīnxīng,形
5070,六级,新颖,xīnyǐng,形
5071,六级,心愿,xīnyuàn,名
5072,六级,心脏,xīnzàng,名
5073,六级,信赖,xìnlài,动
5074,六级,信念,xìnniàn,名
5075,六级,兴起,xīngqǐ,动
5076,六级,型号,xínghào,名
5077,六级,形态,xíngtài,名
5078,六级,性价比,xìngjiàbǐ,名
5079,六级,性能,xìngnéng,名
5080,六级,胸,xiōng,名
5081,六级,修订,xiūdìng,动
5082,六级,修复,xiūfù,动
5083,六级,袖子,xiùzi,名
5084,六级,许可,xǔkě,动
5085,六级,叙述,xùshù,动
5086,六级,旋转,xuánzhuǎn,动
5087,六级,选拔,xuǎnbá,动
5088,六级,选修,xuǎnxiū,动
5089,六级,学会,xuéhuì,名
5090,六级,学位,xuéwèi,名
5091,六级,学问,xuéwen,名
5092,六级,学员,xuéyuán,名
5093,六级,血管,xuèguǎn,名
5094,六级,血型,xuèxíng,名
5095,六级,血压,xuèyā,名
5096,六级,血液,xuèyè,名
5097,六级,循环,xúnhuán,动
5098,六级,寻求,xúnqiú,动
5099,六级,压缩,yāsuō,动
5100,六级,亚军,yàjūn,名
5101,六级,淹,yān,动
5102,六级,淹没,yānmò,动
5103,六级,严,yán,形
5104,六级,沿海,yánhǎi,名
5105,六级,严寒,yánhán,形
5106,六级,严禁,yánjìn,动
5107,六级,严厉,yánlì,形
5108,六级,延期,yánqī,动
5109,六级,炎热,yánrè,形
5110,六级,延伸,yánshēn,动
5111,六级,研讨,yántǎo,动
5112,六级,延续,yánxù,动
5113,六级,言语,yányǔ,名
5114,六级,炎症,yánzhèng,名
5115,六级,眼光,yǎnguāng,名
5116,六级,眼看,yǎnkàn,副、动
5117,六级,演奏,yǎnzòu,动
5118,六级,宴会,yànhuì,名
5119,六级,验证,yànzhèng,动
5120,六级,仰,yǎng,动
5121,六级,痒,yǎng,形
5122,六级,养老,yǎnglǎo,动
5123,六级,养老院,yǎnglǎoyuàn,名
5124,六级,氧气,yǎngqì,名
5125,六级,样,yàng,量
5126,六级,遥远,yáoyuǎn,形
5127,六级,要点,yàodiǎn,名
5128,六级,要么,yàome,连
5129,六级,要素,yàosù,名
5130,六级,野,yě,形
5131,六级,也好,yěhǎo,助
5132,六级,野生,yěshēng,形
5133,六级,野外,yěwài,名
5134,六级,业,yè,后缀
5135,六级,液体,yètǐ,名
5136,六级,依旧,yījiù,动、副
5137,六级,依赖,yīlài,动
5138,六级,一流,yīliú,形
5139,六级,衣食住行,yī-shí-zhù-xíng,
5140,六级,医药,yīyào,名
5141,六级,一一,yīyī,副
5142,六级,姨,yí,名
5143,六级,一辈子,yíbèizi,名
5144,六级,遗产,yíchǎn,名
5145,六级,遗传,yíchuán,动
5146,六级,一带,yídài,名
5147,六级,一道,yídào,副
5148,六级,一贯,yíguàn,形
5149,六级,疑惑,yíhuò,动、名
5150,六级,一律,yílǜ,副
5151,六级,移民,yímín,动、名
5152,六级,仪器,yíqì,名
5153,六级,仪式,yíshì,名
5154,六级,一向,yíxiàng,副
5155,六级,一系列,yíxìliè,形
5156,六级,一再,yízài,副
5157,六级,一阵,yízhèn,数量
5158,六级,遗址,yízhǐ,名
5159,六级,以便,yǐbiàn,连
5160,六级,以免,yǐmiǎn,连
5161,六级,以往,yǐwǎng,名
5162,六级,异常,yìcháng,形、副
5163,六级,益处,yìchù,名
5164,六级,一帆风顺,yìfān-fēngshùn,
5165,六级,一口气,yìkǒuqì,副
5166,六级,议论,yìlùn,动、名
5167,六级,一模一样,yìmú-yíyàng,
5168,六级,艺人,yìrén,名
5169,六级,一身,yìshēn,名
5170,六级,一时,yìshí,名、副
5171,六级,一同,yìtóng,副
5172,六级,易于,yìyú,动
5173,六级,抑制,yìzhì,动
5174,六级,因,yīn,介、连
5175,六级,音节,yīnjié,名
5176,六级,银,yín,名
5177,六级,银牌,yínpái,名
5178,六级,引,yǐn,动
5179,六级,隐藏,yǐncáng,动
5180,六级,引导,yǐndǎo,动
5181,六级,引发,yǐnfā,动
5182,六级,引入,yǐnrù,动
5183,六级,隐私,yǐnsī,名
5184,六级,饮用水,yǐnyòngshuǐ,名
5185,六级,印,yìn,名、动
5186,六级,婴儿,yīng’ér,名
5187,六级,英雄,yīngxióng,名
5188,六级,影子,yǐngzi,名
5189,六级,拥挤,yōngjǐ,动、形
5190,六级,涌现,yǒngxiàn,动
5191,六级,勇于,yǒngyú,动
5192,六级,用餐,yòngcān,动
5193,六级,用处,yòngchù,名
5194,六级,用功,yònggōng,动、形
5195,六级,用人,yòngrén,动
5196,六级,用心,yòngxīn,形
5197,六级,优化,yōuhuà,动
5198,六级,优先,yōuxiān,动
5199,六级,优异,yōuyì,形
5200,六级,由来,yóulái,名
5201,六级,游人,yóurén,名
5202,六级,犹如,yóurú,动
5203,六级,有机,yǒujī,形
5204,六级,有劲,yǒujìn,动、形
5205,六级,有序,yǒuxù,形
5206,六级,于,yú,介
5207,六级,余额,yú’é,名
5208,六级,与其,yǔqí,连
5209,六级,羽绒服,yǔróngfú,名
5210,六级,预定,yùdìng,动
5211,六级,预料,yùliào,动、名
5212,六级,预期,yùqī,动
5213,六级,浴室,yùshì,名
5214,六级,欲望,yùwàng,名
5215,六级,原本,yuánběn,副
5216,六级,原材料,yuáncáiliào,名
5217,六级,原理,yuánlǐ,名
5218,六级,原料,yuánliào,名
5219,六级,园林,yuánlín,名
5220,六级,圆满,yuánmǎn,形
5221,六级,原始,yuánshǐ,形
5222,六级,元素,yuánsù,名
5223,六级,原先,yuánxiān,名
5224,六级,元宵,yuánxiāo,名
5225,六级,源于,yuányú,动
5226,六级,远程,yuǎnchéng,形
5227,六级,远方,yuǎnfāng,名
5228,六级,约束,yuēshù,动
5229,六级,月光,yuèguāng,名
5230,六级,乐器,yuèqì,名
5231,六级,月球,yuèqiú,名
5232,六级,乐曲,yuèqǔ,名
5233,六级,晕,yūn,形、动
5234,六级,晕车,yùnchē,动
5235,六级,运送,yùnsòng,动
5236,六级,运行,yùnxíng,动
5237,六级,运营,yùnyíng,动
5238,六级,杂,zá,形
5239,六级,灾,zāi,名
5240,六级,灾害,zāihài,名
5241,六级,灾难,zāinàn,名
5242,六级,灾区,zāiqū,名
5243,六级,再三,zàisān,副
5244,六级,再生,zàishēng,动
5245,六级,在意,zàiyì,动
5246,六级,赞赏,zànshǎng,动
5247,六级,赞同,zàntóng,动
5248,六级,遭到,zāodào,动
5249,六级,遭受,zāoshòu,动
5250,六级,遭遇,zāoyù,动、名
5251,六级,噪声,zàoshēng,名
5252,六级,造型,zàoxíng,动、名
5253,六级（七-九级）,则1,zé,连、（助）
5254,六级,扎,zhā,动
5255,六级,炸,zhà,动
5256,六级,粘,zhān,动
5257,六级,粘贴,zhāntiē,动
5258,六级,崭新,zhǎnxīn,形
5259,六级,占比,zhànbǐ,名
5260,六级,战斗,zhàndòu,名、动
5261,六级,占据,zhànjù,动
5262,六级,战胜,zhànshèng,动
5263,六级,占有,zhànyǒu,动
5264,六级,战争,zhànzhēng,名
5265,六级,章,zhāng,量
5266,六级,长辈,zhǎngbèi,名
5267,六级,障碍,zhàng’ài,名、动
5268,六级,账单,zhàngdān,名
5269,六级,招,zhāo,动
5270,六级,招待,zhāodài,动
5271,六级,招生,zhāoshēng,动
5272,六级,招手,zhāoshǒu,动
5273,六级,招收,zhāoshōu,动
5274,六级,照明,zhàomíng,动
5275,六级,折,zhé,动
5276,六级,针,zhēn,名
5277,六级,真相,zhēnxiàng,名
5278,六级,珍珠,zhēnzhū,名
5279,六级,枕头,zhěntou,名
5280,六级,镇,zhèn,动、名
5281,六级,阵雨,zhènyǔ,名
5282,六级,睁,zhēng,动
5283,六级,争吵,zhēngchǎo,动
5284,六级,争夺,zhēngduó,动
5285,六级,争论,zhēnglùn,动
5286,六级,征求,zhēngqiú,动
5287,六级,争议,zhēngyì,动
5288,六级,政策,zhèngcè,名
5289,六级,正规,zhèngguī,形
5290,六级,正面,zhèngmiàn,名、形
5291,六级,证实,zhèngshí,动
5292,六级,正义,zhèngyì,名、形
5293,六级,症状,zhèngzhuàng,名
5294,六级,支2,zhī,动
5295,六级,枝,zhī,名、量
5296,六级,支撑,zhīchēng,动
5297,六级,支出,zhīchū,动、名
5298,六级,脂肪,zhīfáng,名
5299,六级,之所以,zhīsuǒyǐ,连
5300,六级,值班,zhíbān,动
5301,六级,职位,zhíwèi,名
5302,六级,职务,zhíwù,名
5303,六级,职员,zhíyuán,名
5304,六级,职责,zhízé,名
5305,六级,侄子,zhízi,名
5306,六级,只得,zhǐdé,副
5307,六级,指定,zhǐdìng,动
5308,六级,只顾,zhǐgù,副
5309,六级,指挥,zhǐhuī,动、名
5310,六级,指示,zhǐshì,动、名
5311,六级,指责,zhǐzé,动
5312,六级,制,zhì,动
5313,六级,至关重要,zhìguān-zhòngyào,
5314,六级,智力,zhìlì,名
5315,六级,治理,zhìlǐ,动
5316,六级,制品,zhìpǐn,名
5317,六级,秩序,zhìxù,名
5318,六级,质疑,zhìyí,动
5319,六级,至于,zhìyú,动、介
5320,六级,中等,zhōngděng,形
5321,六级,终点,zhōngdiǎn,名
5322,六级,中断,zhōngduàn,动
5323,六级,终身,zhōngshēn,名
5324,六级,钟头,zhōngtóu,名
5325,六级,中旬,zhōngxún,名
5326,六级,中央,zhōngyāng,名
5327,六级,肿,zhǒng,动
5328,六级,中,zhòng,动
5329,六级,种地,zhòngdì,动
5330,六级,中毒,zhòngdú,动
5331,六级,中奖,zhòngjiǎng,动
5332,六级,众人,zhòngrén,名
5333,六级,中暑,zhòngshǔ,名、动
5334,六级,众所周知,zhòngsuǒzhōuzhī,
5335,六级,重心,zhòngxīn,名
5336,六级,州,zhōu,名
5337,六级,粥,zhōu,名
5338,六级,周边,zhōubiān,名
5339,六级,周到,zhōudào,形
5340,六级,周期,zhōuqī,名
5341,六级,株,zhū,量
5342,六级,珠宝,zhūbǎo,名
5343,六级,诸多,zhūduō,形
5344,六级,主办,zhǔbàn,动
5345,六级,主播,zhǔbō,动、名
5346,六级,主导,zhǔdǎo,动、名
5347,六级,主管,zhǔguǎn,动、名
5348,六级,主角,zhǔjué,名
5349,六级,主流,zhǔliú,名
5350,六级,主演,zhǔyǎn,动、名
5351,六级,主张,zhǔzhāng,动、名
5352,六级,祝福,zhùfú,动
5353,六级,助理,zhùlǐ,形、名
5354,六级,助手,zhùshǒu,名
5355,六级,祝愿,zhùyuàn,动
5356,六级,住宅,zhùzhái,名
5357,六级,著作,zhùzuò,名
5358,六级,砖,zhuān,名
5359,六级,专科,zhuānkē,名
5360,六级,专利,zhuānlì,名
5361,六级,专题,zhuāntí,名
5362,六级,专用,zhuānyòng,动
5363,六级,专注,zhuānzhù,形
5364,六级,转换,zhuǎnhuàn,动
5365,六级,转交,zhuǎnjiāo,动
5366,六级,转让,zhuǎnràng,动
5367,六级,转身,zhuǎnshēn,动
5368,六级,转移,zhuǎnyí,动
5369,六级,转,zhuàn,动
5370,六级,转动,zhuàndòng,动
5371,六级,装备,zhuāngbèi,动、名
5372,六级,庄稼,zhuāngjia,名
5373,六级,追究,zhuījiū,动
5374,六级,捉,zhuō,动
5375,六级,资本,zīběn,名
5376,六级,资产,zīchǎn,名
5377,六级,自豪,zìháo,形
5378,六级,自来水,zìláishuǐ,名
5379,六级,自律,zìlǜ,动
5380,六级,字幕,zìmù,名
5381,六级,自杀,zìshā,动
5382,六级,自我,zìwǒ,代
5383,六级,自言自语,zìyán-zìyǔ,
5384,六级,自愿,zìyuàn,动
5385,六级,自助,zìzhù,动
5386,六级,棕色,zōngsè,名
5387,六级,总裁,zǒngcái,名
5388,六级,总计,zǒngjì,动
5389,六级,总理,zǒnglǐ,名
5390,六级,总算,zǒngsuàn,副
5391,六级,粽子,zòngzi,名
5392,六级,走廊,zǒuláng,名
5393,六级,足,zú,形、副
5394,六级,足以,zúyǐ,动
5395,六级,阻碍,zǔ’ài,动、名
5396,六级,阻挡,zǔdǎng,动
5397,六级,祖国,zǔguó,名
5398,六级,祖先,zǔxiān,名
5399,六级,钻,zuān,动
5400,六级,罪,zuì,名
5401,七-九级,挨,āi,动、介
5402,七-九级,挨家挨户,āijiā-āihù,
5403,七-九级,哀求,āiqiú,动
5404,七-九级,挨,ái,动
5405,七-九级,癌,ái,名
5406,七-九级,癌症,áizhèng,名
5407,七-九级,爱不释手,àibúshìshǒu,
5408,七-九级,爱戴,àidài,动
5409,七-九级,暧昧,àimèi,形
5410,七-九级,爱慕,àimù,动
5411,七-九级,碍事,àishì,动、形
5412,七-九级,爱惜,àixī,动
5413,七-九级,艾滋病,àizībìng,名
5414,七-九级,安定,āndìng,形、动
5415,七-九级,安抚,ānfǔ,动
5416,七-九级,安眠药,ānmiányào,名
5417,七-九级,安宁,ānníng,形
5418,七-九级,安稳,ānwěn,形
5419,七-九级,安详,ānxiáng,形
5420,七-九级,安心,ānxīn,形
5421,七-九级,安逸,ānyì,形
5422,七-九级,安置,ānzhì,动
5423,七-九级,暗地里,àndìlǐ,名
5424,七-九级,案件,ànjiàn,名
5425,七-九级,按理,ànlǐ,副
5426,七-九级,按钮,ànniǔ,名
5427,七-九级,按说,ànshuō,副
5428,七-九级,暗中,ànzhōng,名
5429,七-九级,凹,āo,形
5430,七-九级,熬,áo,动
5431,七-九级,傲,ào,形
5432,七-九级,傲慢,àomàn,形
5433,七-九级,奥秘,àomì,名
5434,七-九级,扒,bā,动
5435,七-九级,疤,bā,名
5436,七-九级,巴不得,bābudé,动
5437,七-九级,八成,bāchéng,数量、副
5438,七-九级,八卦,bāguà,名、形
5439,七-九级,巴结,bājie,动
5440,七-九级,芭蕾,bālěi,名
5441,七-九级,巴掌,bāzhang,名
5442,七-九级,拔,bá,动
5443,七-九级,把柄,bǎbǐng,名
5444,七-九级,把关,bǎguān,动
5445,七-九级,把手,bǎshou,名
5446,七-九级,靶子,bǎzi,名
5447,七-九级,坝,bà,名
5448,七-九级,霸道,bàdào,形
5449,七-九级,罢工,bàgōng,动
5450,七-九级,罢了,bàle,助
5451,七-九级,罢免,bàmiǎn,动
5452,七-九级,罢休,bàxiū,动
5453,七-九级,霸占,bàzhàn,动
5454,七-九级,掰,bāi,动
5455,七-九级,百般,bǎibān,副、数量
5456,七-九级,摆动,bǎidòng,动
5457,七-九级,百分比,bǎifēnbǐ,名
5458,七-九级,百合,bǎihé,名
5459,七-九级,百科全书,bǎikē quánshū,
5460,七-九级,摆平,bǎipíng,动
5461,七-九级,摆设,bǎishe,名
5462,七-九级,柏树,bǎishù,名
5463,七-九级,败坏,bàihuài,动、形
5464,七-九级,拜会,bàihuì,动
5465,七-九级,拜见,bàijiàn,动
5466,七-九级,拜托,bàituō,动
5467,七-九级,扳,bān,动
5468,七-九级,颁布,bānbù,动
5469,七-九级,斑点,bāndiǎn,名
5470,七-九级,颁发,bānfā,动
5471,七-九级,颁奖,bānjiǎng,动
5472,七-九级,斑马线,bānmǎxiàn,名
5473,七-九级,搬迁,bānqiān,动
5474,七-九级,板块,bǎnkuài,名
5475,七-九级,版权,bǎnquán,名
5476,七-九级,扮,bàn,动
5477,七-九级,伴,bàn,名、动
5478,七-九级,拌,bàn,动
5479,七-九级,绊,bàn,动
5480,七-九级,半边天,bànbiāntiān,名
5481,七-九级,半岛,bàndǎo,名
5482,七-九级,半导体,bàndǎotǐ,名
5483,七-九级,绊脚石,bànjiǎoshí,名
5484,七-九级,半径,bànjìng,名
5485,七-九级,伴侣,bànlǚ,名
5486,七-九级,办事处,bànshìchù,名
5487,七-九级,半数,bànshù,名
5488,七-九级,半途而废,bàntú’érfèi,
5489,七-九级,半信半疑,bànxìn-bànyí,
5490,七-九级,办学,bànxué,动
5491,七-九级,伴奏,bànzòu,动
5492,七-九级,帮手,bāngshou,名
5493,七-九级,绑,bǎng,动
5494,七-九级,绑架,bǎngjià,动
5495,七-九级,磅,bàng,量、名
5496,七-九级,煲,bāo,名、动
5497,七-九级,剥,bāo,动
5498,七-九级,包庇,bāobì,动
5499,七-九级,褒贬,bāobiǎn,动
5500,七-九级,包袱,bāofu,名
5501,七-九级,包罗万象,bāoluó-wànxiàng,
5502,七-九级,包容,bāoróng,动
5503,七-九级,包围,bāowéi,动
5504,七-九级,包扎,bāozā,动
5505,七-九级,饱和,bǎohé,动
5506,七-九级,饱经沧桑,bǎojīng-cāngsāng,
5507,七-九级,宝库,bǎokù,名
5508,七-九级,堡垒,bǎolěi,名
5509,七-九级,饱满,bǎomǎn,形
5510,七-九级,保密,bǎomì,动
5511,七-九级,保姆,bǎomǔ,名
5512,七-九级,宝石,bǎoshí,名
5513,七-九级,保守,bǎoshǒu,动、形
5514,七-九级,保卫,bǎowèi,动
5515,七-九级,保鲜,bǎoxiān,动
5516,七-九级,保养,bǎoyǎng,动
5517,七-九级,保佑,bǎoyòu,动
5518,七-九级,宝藏,bǎozàng,名
5519,七-九级,保重,bǎozhòng,动
5520,七-九级,报,bào,动
5521,七-九级,豹,bào,名
5522,七-九级,报案,bào’àn,动
5523,七-九级,报酬,bàochou,名
5524,七-九级,报仇,bàochóu,动
5525,七-九级,报答,bàodá,动
5526,七-九级,报废,bàofèi,动
5527,七-九级,暴风骤雨,bàofēng-zhòuyǔ,
5528,七-九级,报复,bàofù,动
5529,七-九级,抱负,bàofù,名
5530,七-九级,曝光,bàoguāng,动
5531,七-九级,暴利,bàolì,名
5532,七-九级,爆满,bàomǎn,动
5533,七-九级,报销,bàoxiāo,动
5534,七-九级,暴躁,bàozào,形
5535,七-九级,爆竹,bàozhú,名
5536,七-九级,碑,bēi,名
5537,七-九级,悲哀,bēi’āi,形
5538,七-九级,卑鄙,bēibǐ,形
5539,七-九级,悲惨,bēicǎn,形
5540,七-九级,背负,bēifù,动
5541,七-九级,悲欢离合,bēihuān-líhé,
5542,七-九级,悲痛,bēitòng,形
5543,七-九级,卑微,bēiwēi,形
5544,七-九级,备,bèi,动、副
5545,七-九级,备份,bèifèn,名、动
5546,七-九级,被告,bèigào,名
5547,七-九级,贝壳,bèiké,名
5548,七-九级,备课,bèikè,动
5549,七-九级,背面,bèimiàn,名
5550,七-九级,背叛,bèipàn,动
5551,七-九级,背诵,bèisòng,动
5552,七-九级,备忘录,bèiwànglù,名
5553,七-九级,背影,bèiyǐng,名
5554,七-九级,备战,bèizhàn,动
5555,七-九级,奔波,bēnbō,动
5556,七-九级,奔驰,bēnchí,动
5557,七-九级,奔赴,bēnfù,动
5558,七-九级,本分,běnfèn,名、形
5559,七-九级,本钱,běnqián,名
5560,七-九级,本色,běnsè,名
5561,七-九级,本事,běnshi,名
5562,七-九级,本性,běnxìng,名
5563,七-九级,本意,běnyì,名
5564,七-九级,本着,běnzhe,介
5565,七-九级,奔,bèn,动
5566,七-九级,笨蛋,bèndàn,名
5567,七-九级,笨重,bènzhòng,形
5568,七-九级,笨拙,bènzhuō,形
5569,七-九级,绷,bēng,动
5570,七-九级,绷带,bēngdài,名
5571,七-九级,崩溃,bēngkuì,动
5572,七-九级,蹦,bèng,动
5573,七-九级,迸发,bèngfā,动
5574,七-九级,逼近,bījìn,动
5575,七-九级,逼迫,bīpò,动
5576,七-九级,逼真,bīzhēn,形
5577,七-九级,鼻涕,bítì,名
5578,七-九级,比比皆是,bǐbǐ-jiēshì,
5579,七-九级,笔墨,bǐmò,名
5580,七-九级,比试,bǐshi,动
5581,七-九级,鄙视,bǐshì,动
5582,七-九级,弊病,bìbìng,名
5583,七-九级,必不可少,bìbùkěshǎo,
5584,七-九级,必定,bìdìng,副
5585,七-九级,弊端,bìduān,名
5586,七-九级,壁画,bìhuà,名
5587,七-九级,必将,bìjiāng,副
5588,七-九级,壁垒,bìlěi,名
5589,七-九级,碧绿,bìlǜ,形
5590,七-九级,避难,bìnàn,动
5591,七-九级,避让,bìràng,动
5592,七-九级,毕生,bìshēng,名
5593,七-九级,避暑,bìshǔ,动
5594,七-九级,鞭策,biāncè,动
5595,七-九级,编程,biānchéng,动
5596,七-九级,编号,biānhào,动、名
5597,七-九级,边疆,biānjiāng,名
5598,七-九级,边界,biānjiè,名
5599,七-九级,边境,biānjìng,名
5600,七-九级,编剧,biānjù,动、名
5601,七-九级,编排,biānpái,动
5602,七-九级,鞭炮,biānpào,名
5603,七-九级,边缘,biānyuán,名、形
5604,七-九级,边远,biānyuǎn,形
5605,七-九级,编造,biānzào,动
5606,七-九级,编制,biānzhì,动
5607,七-九级,编织,biānzhī,动
5608,七-九级,扁,biǎn,形
5609,七-九级,贬低,biǎndī,动
5610,七-九级,贬值,biǎnzhí,动
5611,七-九级,辩,biàn,动
5612,七-九级,辨别,biànbié,动
5613,七-九级,遍布,biànbù,动
5614,七-九级,便饭,biànfàn,名
5615,七-九级,变革,biàngé,动
5616,七-九级,变更,biàngēng,动
5617,七-九级,变故,biàngù,名
5618,七-九级,辩护,biànhù,动
5619,七-九级,变换,biànhuàn,动
5620,七-九级,变幻莫测,biànhuàn-mòcè,
5621,七-九级,辩解,biànjiě,动
5622,七-九级,辩论,biànlùn,动
5623,七-九级,变迁,biànqiān,动
5624,七-九级,辨认,biànrèn,动
5625,七-九级,变通,biàntōng,动
5626,七-九级,便携式,biànxiéshì,形
5627,七-九级,变形,biànxíng,动
5628,七-九级,变异,biànyì,动
5629,七-九级,辩证,biànzhèng,动、形
5630,七-九级,辫子,biànzi,名
5631,七-九级,标,biāo,动
5632,七-九级,标榜,biāobǎng,动
5633,七-九级,标本,biāoběn,名
5634,七-九级,标点,biāodiǎn,名
5635,七-九级,标记,biāojì,动、名
5636,七-九级,标签,biāoqiān,名
5637,七-九级,飙升,biāoshēng,动
5638,七-九级,标识,biāoshí,动、名
5639,七-九级,标示,biāoshì,动
5640,七-九级,标语,biāoyǔ,名
5641,七-九级,标致,biāozhì,形
5642,七-九级,表白,biǎobái,动
5643,七-九级,表决,biǎojué,动
5644,七-九级,表述,biǎoshù,动
5645,七-九级,表率,biǎoshuài,名
5646,七-九级,表态,biǎotài,动
5647,七-九级,表彰,biǎozhāng,动
5648,七-九级,憋,biē,动、形
5649,七-九级,别具匠心,biéjù-jiàngxīn,
5650,七-九级,别看,biékàn,连
5651,七-九级,别墅,biéshù,名
5652,七-九级,别说,biéshuō,连
5653,七-九级,别致,biézhì,形
5654,七-九级,别扭,bièniu,形
5655,七-九级,彬彬有礼,bīnbīn-yǒulǐ,
5656,七-九级,缤纷,bīnfēn,形
5657,七-九级,濒临,bīnlín,动
5658,七-九级,濒危,bīnwēi,动
5659,七-九级,冰雹,bīngbáo,名
5660,七-九级,冰棍儿,bīnggùnr,名
5661,七-九级,冰山一角,bīngshān-yìjiǎo,
5662,七-九级,冰天雪地,bīngtiān-xuědì,
5663,七-九级,丙,bǐng,名
5664,七-九级,秉承,bǐngchéng,动
5665,七-九级,秉持,bǐngchí,动
5666,七-九级,并发症,bìngfāzhèng,名
5667,七-九级,并非,bìngfēi,动
5668,七-九级,并购,bìnggòu,动
5669,七-九级,并肩,bìngjiān,动、副
5670,七-九级,病历,bìnglì,名
5671,七-九级,并列,bìngliè,动
5672,七-九级,并行,bìngxíng,动
5673,七-九级,病症,bìngzhèng,名
5674,七-九级,拨,bō,动、量
5675,七-九级,波动,bōdòng,动
5676,七-九级,剥夺,bōduó,动
5677,七-九级,波及,bōjí,动
5678,七-九级,拨款,bōkuǎn,动、名
5679,七-九级,波澜,bōlán,名
5680,七-九级,波浪,bōlàng,名
5681,七-九级,波涛,bōtāo,名
5682,七-九级,剥削,bōxuē,动
5683,七-九级,波折,bōzhé,名
5684,七-九级,伯伯,bóbo,名
5685,七-九级,博大精深,bódà-jīngshēn,
5686,七-九级,搏斗,bódòu,动
5687,七-九级,伯父,bófù,名
5688,七-九级,驳回,bóhuí,动
5689,七-九级,伯母,bómǔ,名
5690,七-九级,博学,bóxué,形
5691,七-九级,博弈,bóyì,动
5692,七-九级,不算,bú suàn,
5693,七-九级,不当,búdàng,形
5694,七-九级,不定,búdìng,形、副
5695,七-九级,不动产,búdòngchǎn,名
5696,七-九级,不见得,bújiàndé,副
5697,七-九级,不愧,búkuì,副
5698,七-九级,不力,búlì,形
5699,七-九级,不妙,búmiào,形
5700,七-九级,不慎,búshèn,形
5701,七-九级,不下,búxià,动
5702,七-九级,不像话,búxiànghuà,形
5703,七-九级,不肖,búxiào,形
5704,七-九级,不屑,búxiè,动
5705,七-九级,不懈,búxiè,形
5706,七-九级,不厌其烦,búyàn-qífán,
5707,七-九级,不亚于,búyàyú,动
5708,七-九级,不翼而飞,búyì’érfēi,
5709,七-九级,不亦乐乎,búyìlèhū,
5710,七-九级,不正之风,búzhèngzhīfēng,
5711,七-九级,捕获,bǔhuò,动
5712,七-九级,补给,bǔjǐ,动、名
5713,七-九级,补救,bǔjiù,动
5714,七-九级,哺乳,bǔrǔ,动
5715,七-九级,捕食,bǔshí,动
5716,七-九级,哺育,bǔyù,动
5717,七-九级,补助,bǔzhù,动、名
5718,七-九级,捕捉,bǔzhuō,动
5719,七-九级,不经意,bù jīngyì,
5720,七-九级,不予,bù yǔ,
5721,七-九级,不准,bù zhǔn,
5722,七-九级,不耻下问,bùchǐ-xiàwèn,
5723,七-九级,不辞而别,bùcí’érbié,
5724,七-九级,不得而知,bùdé’érzhī,
5725,七-九级,不得已,bùdéyǐ,形
5726,七-九级,不乏,bùfá,动
5727,七-九级,步伐,bùfá,名
5728,七-九级,不法,bùfǎ,形
5729,七-九级,不妨,bùfáng,副
5730,七-九级,不服,bùfú,动
5731,七-九级,不敢当,bùgǎndāng,动
5732,七-九级,不及,bùjí,动
5733,七-九级,部件,bùjiàn,名
5734,七-九级,不假思索,bùjiǎ-sīsuǒ,
5735,七-九级,不解,bùjiě,动
5736,七-九级,不景气,bùjǐngqì,形
5737,七-九级,布局,bùjú,动、名
5738,七-九级,不堪,bùkān,动、形
5739,七-九级,不可或缺,bùkě-huòquē,
5740,七-九级,不可思议,bùkě-sīyì,
5741,七-九级,不了了之,bùliǎo-liǎozhī,
5742,七-九级,不免,bùmiǎn,副
5743,七-九级,不平,bùpíng,形
5744,七-九级,不容,bùróng,动
5745,七-九级,步入,bùrù,动
5746,七-九级,部首,bùshǒu,名
5747,七-九级,部署,bùshǔ,动
5748,七-九级,不惜,bùxī,动
5749,七-九级,不相上下,bùxiāng-shàngxià,
5750,七-九级,不言而喻,bùyán’éryù,
5751,七-九级,不以为然,bùyǐwéirán,
5752,七-九级,不由得,bùyóude,动、副
5753,七-九级,不由自主,bùyóuzìzhǔ,
5754,七-九级,不约而同,bùyuē’értóng,
5755,七-九级,不折不扣,bùzhé-búkòu,
5756,七-九级,不知不觉,bùzhī-bùjué,
5757,七-九级,不知所措,bùzhī-suǒcuò,
5758,七-九级,猜想,cāixiǎng,动
5759,七-九级,裁,cái,动
5760,七-九级,裁定,cáidìng,动
5761,七-九级,裁缝,cáifeng,名
5762,七-九级,才干,cáigàn,名
5763,七-九级,财经,cáijīng,名
5764,七-九级,裁决,cáijué,动
5765,七-九级,财力,cáilì,名
5766,七-九级,裁员,cáiyuán,动
5767,七-九级,财政,cáizhèng,名
5768,七-九级,采,cǎi,动
5769,七-九级,采矿,cǎikuàng,动
5770,七-九级,采摘,cǎizhāi,动
5771,七-九级,菜肴,càiyáo,名
5772,七-九级,参见,cānjiàn,动
5773,七-九级,参谋,cānmóu,名、动
5774,七-九级,参照,cānzhào,动
5775,七-九级,残,cán,动
5776,七-九级,残酷,cánkù,形
5777,七-九级,惭愧,cánkuì,形
5778,七-九级,残留,cánliú,动
5779,七-九级,残缺,cánquē,动
5780,七-九级,残忍,cánrěn,形
5781,七-九级,惨,cǎn,形
5782,七-九级,惨白,cǎnbái,形
5783,七-九级,惨痛,cǎntòng,形
5784,七-九级,惨重,cǎnzhòng,形
5785,七-九级,灿烂,cànlàn,形
5786,七-九级,舱,cāng,名
5787,七-九级,苍白,cāngbái,形
5788,七-九级,仓促,cāngcù,形
5789,七-九级,沧桑,cāngsāng,名
5790,七-九级,苍蝇,cāngying,名
5791,七-九级,藏匿,cángnì,动
5792,七-九级,藏品,cángpǐn,名
5793,七-九级,藏身,cángshēn,动
5794,七-九级,操控,cāokòng,动
5795,七-九级,操劳,cāoláo,动
5796,七-九级,操练,cāoliàn,动
5797,七-九级,操心,cāoxīn,动
5798,七-九级,操纵,cāozòng,动
5799,七-九级,嘈杂,cáozá,形
5800,七-九级,草案,cǎo’àn,名
5801,七-九级,草丛,cǎocóng,名
5802,七-九级,草坪,cǎopíng,名
5803,七-九级,草率,cǎoshuài,形
5804,七-九级,草药,cǎoyào,名
5805,七-九级,测定,cèdìng,动
5806,七-九级,侧面,cèmiàn,名
5807,七-九级,测算,cèsuàn,动
5808,七-九级,测验,cèyàn,动、名
5809,七-九级,侧重,cèzhòng,动
5810,七-九级,层出不穷,céngchū-bùqióng,
5811,七-九级,蹭,cèng,动
5812,七-九级,差错,chācuò,名
5813,七-九级,差额,chā’é,名、形
5814,七-九级,插曲,chāqǔ,名
5815,七-九级,插手,chāshǒu,动
5816,七-九级,插图,chātú,名
5817,七-九级,插嘴,chāzuǐ,动
5818,七-九级,查处,cháchǔ,动
5819,七-九级,查获,cháhuò,动
5820,七-九级,察觉,chájué,动
5821,七-九级,察看,chákàn,动
5822,七-九级,查明,chámíng,动
5823,七-九级,岔,chà,名、动
5824,七-九级,刹那,chànà,名
5825,七-九级,诧异,chàyì,形
5826,七-九级,拆迁,chāiqiān,动
5827,七-九级,柴油,cháiyóu,名
5828,七-九级,掺,chān,动
5829,七-九级,搀,chān,动
5830,七-九级,馋,chán,形、动
5831,七-九级,缠,chán,动
5832,七-九级,缠绕,chánrào,动
5833,七-九级,铲,chǎn,名、动
5834,七-九级,产权,chǎnquán,名
5835,七-九级,阐释,chǎnshì,动
5836,七-九级,阐述,chǎnshù,动
5837,七-九级,产物,chǎnwù,名
5838,七-九级,产业链,chǎnyèliàn,名
5839,七-九级,产值,chǎnzhí,名
5840,七-九级,颤抖,chàndǒu,动
5841,七-九级,猖狂,chāngkuáng,形
5842,七-九级,昌盛,chāngshèng,形
5843,七-九级,偿还,chánghuán,动
5844,七-九级,常理,chánglǐ,名
5845,七-九级,长期以来,chángqī yǐlái,
5846,七-九级,常人,chángrén,名
5847,七-九级,常态,chángtài,名
5848,七-九级,长效,chángxiào,名、形
5849,七-九级,长征,chángzhēng,动、名
5850,七-九级,长足,chángzú,形
5851,七-九级,敞开,chǎngkāi,动、副
5852,七-九级,倡导,chàngdǎo,动
5853,七-九级,唱片,chàngpiàn,名
5854,七-九级,畅谈,chàngtán,动
5855,七-九级,倡议,chàngyì,动、名
5856,七-九级,超标,chāobiāo,动
5857,七-九级,钞票,chāopiào,名
5858,七-九级,超前,chāoqián,形、动
5859,七-九级,抄袭,chāoxí,动
5860,七-九级,潮,cháo,名、形
5861,七-九级,嘲弄,cháonòng,动
5862,七-九级,潮水,cháoshuǐ,名
5863,七-九级,巢穴,cháoxué,名
5864,七-九级,炒作,chǎozuò,动
5865,七-九级,车间,chējiān,名
5866,七-九级,扯,chě,动
5867,七-九级,撤,chè,动
5868,七-九级,撤离,chèlí,动
5869,七-九级,撤退,chètuì,动
5870,七-九级,彻夜,chèyè,副
5871,七-九级,沉淀,chéndiàn,动、名
5872,七-九级,沉甸甸,chéndiàndiàn,形
5873,七-九级,沉浸,chénjìn,动
5874,七-九级,陈旧,chénjiù,形
5875,七-九级,陈列,chénliè,动
5876,七-九级,沉闷,chénmèn,形
5877,七-九级,沉迷,chénmí,动
5878,七-九级,陈述,chénshù,动
5879,七-九级,沉睡,chénshuì,动
5880,七-九级,沉思,chénsī,动
5881,七-九级,沉稳,chénwěn,形
5882,七-九级,沉着,chénzhuó,形
5883,七-九级,趁机,chènjī,副
5884,七-九级,衬托,chèntuō,动
5885,七-九级,称心如意,chènxīn-rúyì,
5886,七-九级,趁早,chènzǎo,副
5887,七-九级,呈,chéng,动
5888,七-九级,承包,chéngbāo,动
5889,七-九级,成才,chéngcái,动
5890,七-九级,成家,chéngjiā,动
5891,七-九级,成家立业,chéngjiā-lìyè,
5892,七-九级,承接,chéngjiē,动
5893,七-九级,诚恳,chéngkěn,形
5894,七-九级,成年2,chéngnián,副
5895,七-九级,成品,chéngpǐn,名
5896,七-九级,城墙,chéngqiáng,名
5897,七-九级,澄清,chéngqīng,形、动
5898,七-九级,成全,chéngquán,动
5899,七-九级,成群结队,chéngqún-jiéduì,
5900,七-九级,成天,chéngtiān,副
5901,七-九级,成心,chéngxīn,副
5902,七-九级,成型,chéngxíng,动
5903,七-九级,诚意,chéngyì,名
5904,七-九级,承载,chéngzài,动
5905,七-九级,诚挚,chéngzhì,形
5906,七-九级,逞强,chěngqiáng,动
5907,七-九级,秤,chèng,名
5908,七-九级,痴呆,chīdāi,形
5909,七-九级,吃喝玩乐,chī-hē-wán-lè,
5910,七-九级,吃苦,chīkǔ,动
5911,七-九级,吃亏,chīkuī,动
5912,七-九级,吃力,chīlì,形
5913,七-九级,痴迷,chīmí,动
5914,七-九级,痴心,chīxīn,名、形
5915,七-九级,持,chí,动
5916,七-九级,迟迟,chíchí,副
5917,七-九级,迟钝,chídùn,形
5918,七-九级,迟缓,chíhuǎn,形
5919,七-九级,驰名,chímíng,动
5920,七-九级,持平,chípíng,动
5921,七-九级,池塘,chítáng,名
5922,七-九级,迟疑,chíyí,形
5923,七-九级,迟早,chízǎo,副
5924,七-九级,持之以恒,chízhī-yǐhéng,
5925,七-九级,尺度,chǐdù,名
5926,七-九级,耻辱,chǐrǔ,名
5927,七-九级,耻笑,chǐxiào,动
5928,七-九级,赤道,chìdào,名
5929,七-九级,赤字,chìzì,名
5930,七-九级,充,chōng,动
5931,七-九级,充斥,chōngchì,动
5932,七-九级,冲刺,chōngcì,动
5933,七-九级,充当,chōngdāng,动
5934,七-九级,憧憬,chōngjǐng,动
5935,七-九级,冲浪,chōnglàng,动
5936,七-九级,充沛,chōngpèi,形
5937,七-九级,冲洗,chōngxǐ,动
5938,七-九级,充裕,chōngyù,形
5939,七-九级,冲撞,chōngzhuàng,动
5940,七-九级,重重,chóngchóng,形
5941,七-九级,重叠,chóngdié,动、名
5942,七-九级,重返,chóngfǎn,动
5943,七-九级,崇高,chónggāo,形
5944,七-九级,重合,chónghé,动
5945,七-九级,崇敬,chóngjìng,动
5946,七-九级,崇尚,chóngshàng,动
5947,七-九级,重申,chóngshēn,动
5948,七-九级,重现,chóngxiàn,动
5949,七-九级,重组,chóngzǔ,动
5950,七-九级,宠,chǒng,动
5951,七-九级,宠爱,chǒng’ài,动
5952,七-九级,抽查,chōuchá,动
5953,七-九级,抽签,chōuqiān,动
5954,七-九级,抽屉,chōuti,名
5955,七-九级,抽样,chōuyàng,动
5956,七-九级,仇,chóu,名
5957,七-九级,稠,chóu,形
5958,七-九级,筹,chóu,动
5959,七-九级,筹办,chóubàn,动
5960,七-九级,筹措,chóucuò,动
5961,七-九级,仇恨,chóuhèn,动、名
5962,七-九级,筹划,chóuhuà,动
5963,七-九级,筹集,chóují,动
5964,七-九级,筹码,chóumǎ,名
5965,七-九级,愁眉苦脸,chóuméi-kǔliǎn,
5966,七-九级,稠密,chóumì,形
5967,七-九级,仇人,chóurén,名
5968,七-九级,瞅,chǒu,动
5969,七-九级,丑恶,chǒu’è,形
5970,七-九级,丑陋,chǒulòu,形
5971,七-九级,丑闻,chǒuwén,名
5972,七-九级,出厂,chūchǎng,动
5973,七-九级,出丑,chūchǒu,动
5974,七-九级,出动,chūdòng,动
5975,七-九级,出发点,chūfādiǎn,名
5976,七-九级,出访,chūfǎng,动
5977,七-九级,出局,chūjú,动
5978,七-九级,出具,chūjù,动
5979,七-九级,出口成章,chūkǒu-chéngzhāng,
5980,七-九级,出路,chūlù,名
5981,七-九级,出卖,chūmài,动
5982,七-九级,出面,chūmiàn,动
5983,七-九级,出任,chūrèn,动
5984,七-九级,出人意料,chūrényìliào,
5985,七-九级,出神,chūshén,动
5986,七-九级,出身,chūshēn,动、名
5987,七-九级,出手,chūshǒu,动、名
5988,七-九级,出台,chūtái,动
5989,七-九级,出头,chūtóu,动
5990,七-九级,出土,chūtǔ,动
5991,七-九级,出息,chūxi,名
5992,七-九级,出征,chūzhēng,动
5993,七-九级,出众,chūzhòng,形
5994,七-九级,初衷,chūzhōng,名
5995,七-九级,出资,chūzī,动
5996,七-九级,出走,chūzǒu,动
5997,七-九级,锄,chú,名、动
5998,七-九级,橱窗,chúchuāng,名
5999,七-九级,除去,chúqù,动、介
6000,七-九级,除外,chúwài,动
6001,七-九级,储备,chǔbèi,动、名
6002,七-九级,处方,chǔfāng,动、名
6003,七-九级,处分,chǔfèn,动、名
6004,七-九级,处境,chǔjìng,名
6005,七-九级,储量,chǔliàng,名
6006,七-九级,处事,chǔshì,动
6007,七-九级,处置,chǔzhì,动
6008,七-九级,触动,chùdòng,动
6009,七-九级,触犯,chùfàn,动
6010,七-九级,触觉,chùjué,名
6011,七-九级,矗立,chùlì,动
6012,七-九级,触摸,chùmō,动
6013,七-九级,触目惊心,chùmù-jīngxīn,
6014,七-九级,揣,chuāi,动
6015,七-九级,揣测,chuǎicè,动
6016,七-九级,揣摩,chuǎimó,动
6017,七-九级,踹,chuài,动
6018,七-九级,川流不息,chuānliú-bùxī,
6019,七-九级,穿梭,chuānsuō,动
6020,七-九级,穿越,chuānyuè,动
6021,七-九级,穿着,chuānzhuó,名
6022,七-九级,船舶,chuánbó,名
6023,七-九级,传单,chuándān,名
6024,七-九级,传媒,chuánméi,名
6025,七-九级,传奇,chuánqí,名
6026,七-九级,传人,chuánrén,动、名
6027,七-九级,传闻,chuánwén,动、名
6028,七-九级,传言,chuányán,名、动
6029,七-九级,喘,chuǎn,动
6030,七-九级,喘息,chuǎnxī,动
6031,七-九级,串门,chuànmén,动
6032,七-九级,窗帘,chuānglián,名
6033,七-九级,创伤,chuāngshāng,名
6034,七-九级,床位,chuángwèi,名
6035,七-九级,创,chuàng,动
6036,七-九级,创始人,chuàngshǐrén,名
6037,七-九级,吹牛,chuīniú,动
6038,七-九级,吹捧,chuīpěng,动
6039,七-九级,炊烟,chuīyān,名
6040,七-九级,垂,chuí,动
6041,七-九级,捶,chuí,动
6042,七-九级,锤,chuí,名、动
6043,七-九级,垂头丧气,chuítóu-sàngqì,
6044,七-九级,纯粹,chúncuì,形、副
6045,七-九级,醇厚,chúnhòu,形
6046,七-九级,纯洁,chúnjié,形、动
6047,七-九级,纯朴,chúnpǔ,形
6048,七-九级,淳朴,chúnpǔ,形
6049,七-九级,蠢,chǔn,形
6050,七-九级,戳,chuō,动、名
6051,七-九级,绰号,chuòhào,名
6052,七-九级,辞,cí,动
6053,七-九级,辞呈,cíchéng,名
6054,七-九级,磁带,cídài,名
6055,七-九级,辞典,cídiǎn,名
6056,七-九级,慈善,císhàn,形
6057,七-九级,磁铁,cítiě,名
6058,七-九级,辞退,cítuì,动
6059,七-九级,慈祥,cíxiáng,形
6060,七-九级,雌性,cíxìng,名
6061,七-九级,此起彼伏,cǐqǐ-bǐfú,
6062,七-九级,此致,cǐzhì,动
6063,七-九级,赐,cì,动
6064,七-九级,刺耳,cì’ěr,形
6065,七-九级,刺骨,cìgǔ,动
6066,七-九级,伺候,cìhou,动
6067,七-九级,赐教,cìjiào,动
6068,七-九级,次品,cìpǐn,名
6069,七-九级,次日,cìrì,名
6070,七-九级,刺绣,cìxiù,动、名
6071,七-九级,次序,cìxù,名
6072,七-九级,刺眼,cìyǎn,形
6073,七-九级,次要,cìyào,形
6074,七-九级,葱,cōng,名
6075,七-九级,丛,cóng,量
6076,七-九级,丛林,cónglín,名
6077,七-九级,从容,cóngróng,形
6078,七-九级,从容不迫,cóngróng-búpò,
6079,七-九级,从头,cóngtóu,副
6080,七-九级,凑,còu,动
6081,七-九级,凑合,còuhe,动
6082,七-九级,凑巧,còuqiǎo,形
6083,七-九级,粗暴,cūbào,形
6084,七-九级,粗糙,cūcāo,形
6085,七-九级,粗鲁,cūlǔ,形
6086,七-九级,粗略,cūlüè,形
6087,七-九级,粗心大意,cūxīn-dàyì,
6088,七-九级,促成,cùchéng,动
6089,七-九级,簇拥,cùyōng,动
6090,七-九级,窜,cuàn,动
6091,七-九级,摧残,cuīcán,动
6092,七-九级,催促,cuīcù,动
6093,七-九级,摧毁,cuīhuǐ,动
6094,七-九级,催眠,cuīmián,动
6095,七-九级,璀璨,cuǐcàn,形
6096,七-九级,翠绿,cuìlǜ,形
6097,七-九级,存活,cúnhuó,动
6098,七-九级,存货,cúnhuò,动、名
6099,七-九级,存心,cúnxīn,动、副
6100,七-九级,存折,cúnzhé,名
6101,七-九级,搓,cuō,动
6102,七-九级,磋商,cuōshāng,动
6103,七-九级,挫败,cuòbài,动
6104,七-九级,错别字,cuòbiézì,名
6105,七-九级,错觉,cuòjué,名
6106,七-九级,措手不及,cuòshǒu-bùjí,
6107,七-九级,错位,cuòwèi,动
6108,七-九级,错综复杂,cuòzōng-fùzá,
6109,七-九级,搭乘,dāchéng,动
6110,七-九级,搭档,dādàng,动、名
6111,七-九级,搭建,dājiàn,动
6112,七-九级,答辩,dábiàn,动
6113,七-九级,达标,dábiāo,动
6114,七-九级,打2,dǎ,介
6115,七-九级,打喷嚏,dǎ pēntì,
6116,七-九级,打下手,dǎ xiàshǒu,
6117,七-九级,打岔,dǎchà,动
6118,七-九级,打倒,dǎdǎo,动
6119,七-九级,打赌,dǎdǔ,动
6120,七-九级,打盹儿,dǎdǔnr,动
6121,七-九级,打发,dǎfa,动
6122,七-九级,打搅,dǎjiǎo,动
6123,七-九级,打捞,dǎlāo,动
6124,七-九级,打量,dǎliang,动
6125,七-九级,打猎,dǎliè,动
6126,七-九级,打磨,dǎmó,动
6127,七-九级,打消,dǎxiāo,动
6128,七-九级,大不了,dàbuliǎo,形、副
6129,七-九级,大大咧咧,dàdaliēliē,形
6130,七-九级,大纲,dàgāng,名
6131,七-九级,大公无私,dàgōng-wúsī,
6132,七-九级,大街小巷,dàjiē-xiǎoxiàng,
6133,七-九级,大惊小怪,dàjīng-xiǎoguài,
6134,七-九级,大局,dàjú,名
6135,七-九级,大陆,dàlù,名
6136,七-九级,大名鼎鼎,dàmíng-dǐngdǐng,
6137,七-九级,大片,dàpiàn,名
6138,七-九级,大气,dàqì,名、形
6139,七-九级,大数据,dàshùjù,名
6140,七-九级,大肆,dàsì,副
6141,七-九级,大体,dàtǐ,名、副
6142,七-九级,大同小异,dàtóng-xiǎoyì,
6143,七-九级,大为,dàwéi,副
6144,七-九级,大雁,dàyàn,名
6145,七-九级,大意,dàyi,形
6146,七-九级,大意,dàyì,名
6147,七-九级,大有可为,dàyǒu-kěwéi,
6148,七-九级,大宗,dàzōng,形、名
6149,七-九级,逮,dǎi,动
6150,七-九级,歹徒,dǎitú,名
6151,七-九级,逮捕,dàibǔ,动
6152,七-九级,带队,dàiduì,动
6153,七-九级,怠工,dàigōng,动
6154,七-九级,代号,dàihào,名
6155,七-九级,代理人,dàilǐrén,名
6156,七-九级,带路,dàilù,动
6157,七-九级,怠慢,dàimàn,动
6158,七-九级,带头,dàitóu,动
6159,七-九级,代言,dàiyán,动
6160,七-九级,担,dān,动
6161,七-九级,担保,dānbǎo,动
6162,七-九级,单边,dānbiān,形
6163,七-九级,单薄,dānbó,形
6164,七-九级,担当,dāndāng,动
6165,七-九级,单方面,dānfāngmiàn,名
6166,七-九级,担负,dānfù,动
6167,七-九级,耽搁,dānge,动
6168,七-九级,单价,dānjià,名
6169,七-九级,单身,dānshēn,动、名、副
6170,七-九级,胆量,dǎnliàng,名
6171,七-九级,胆怯,dǎnqiè,形
6172,七-九级,胆小鬼,dǎnxiǎoguǐ,名
6173,七-九级,担,dàn,名、量
6174,七-九级,诞辰,dànchén,名
6175,七-九级,淡化,dànhuà,动
6176,七-九级,淡季,dànjì,名
6177,七-九级,淡水,dànshuǐ,名
6178,七-九级,但愿,dànyuàn,动
6179,七-九级,担子,dànzi,名
6180,七-九级,当即,dāngjí,副
6181,七-九级,当机立断,dāngjī-lìduàn,
6182,七-九级,当日,dāngrì,名
6183,七-九级,当事人,dāngshìrén,名
6184,七-九级,当务之急,dāngwùzhījí,
6185,七-九级,当心,dāngxīn,动
6186,七-九级,当之无愧,dāngzhīwúkuì,
6187,七-九级,当众,dāngzhòng,副
6188,七-九级,党,dǎng,名
6189,七-九级,档次,dàngcì,名
6190,七-九级,当晚,dàngwǎn,名
6191,七-九级,荡漾,dàngyàng,动
6192,七-九级,当真,dàngzhēn,动、副
6193,七-九级,导弹,dǎodàn,名
6194,七-九级,导航,dǎoháng,动
6195,七-九级,导火索,dǎohuǒsuǒ,名
6196,七-九级,捣乱,dǎoluàn,动
6197,七-九级,倒霉,dǎoméi,形
6198,七-九级,倒塌,dǎotā,动
6199,七-九级,导向,dǎoxiàng,动、名
6200,七-九级,岛屿,dǎoyǔ,名
6201,七-九级,盗,dào,动
6202,七-九级,盗版,dàobǎn,动、名
6203,七-九级,道别,dàobié,动
6204,七-九级,稻草,dàocǎo,名
6205,七-九级,倒计时,dàojìshí,动
6206,七-九级,道具,dàojù,名
6207,七-九级,悼念,dàoniàn,动
6208,七-九级,盗窃,dàoqiè,动
6209,七-九级,倒数,dàoshǔ,动
6210,七-九级,到头来,dàotóulái,副
6211,七-九级,倒退,dàotuì,动
6212,七-九级,到位,dàowèi,动、形
6213,七-九级,得不偿失,débùchángshī,
6214,七-九级,德才兼备,décái-jiānbèi,
6215,七-九级,得当,dédàng,形
6216,七-九级,得力,délì,形
6217,七-九级,得失,déshī,名
6218,七-九级,得手,déshǒu,形
6219,七-九级,得体,détǐ,形
6220,七-九级,得天独厚,détiāndúhòu,
6221,七-九级,得心应手,déxīn-yìngshǒu,
6222,七-九级,得益,déyì,动
6223,七-九级,得意扬扬,déyì-yángyáng,
6224,七-九级,得罪,dézuì,动
6225,七-九级,蹬,dēng,动
6226,七-九级,登场,dēngchǎng,动
6227,七-九级,登顶,dēngdǐng,动
6228,七-九级,登陆,dēnglù,动
6229,七-九级,灯泡,dēngpào,名
6230,七-九级,瞪,dèng,动
6231,七-九级,凳子,dèngzi,名
6232,七-九级,堤,dī,名
6233,七-九级,堤坝,dībà,名
6234,七-九级,低调,dīdiào,名、形
6235,七-九级,提防,dīfang,动
6236,七-九级,低谷,dīgǔ,名
6237,七-九级,低估,dīgū,动
6238,七-九级,低落,dīluò,形
6239,七-九级,低迷,dīmí,形
6240,七-九级,低下,dīxià,形
6241,七-九级,嘀咕,dígu,动
6242,七-九级,敌视,díshì,动
6243,七-九级,笛子,dízi,名
6244,七-九级,抵,dǐ,动
6245,七-九级,底层,dǐcéng,名
6246,七-九级,抵触,dǐchù,动
6247,七-九级,抵挡,dǐdǎng,动
6248,七-九级,底线,dǐxiàn,名
6249,七-九级,抵消,dǐxiāo,动
6250,七-九级,抵押,dǐyā,动
6251,七-九级,抵御,dǐyù,动
6252,七-九级,底蕴,dǐyùn,名
6253,七-九级,抵制,dǐzhì,动
6254,七-九级,底子,dǐzi,名
6255,七-九级,地板,dìbǎn,名
6256,七-九级,地步,dìbù,名
6257,七-九级,地带,dìdài,名
6258,七-九级,地道,dìdào,名
6259,七-九级,地段,dìduàn,名
6260,七-九级,帝国,dìguó,名
6261,七-九级,递交,dìjiāo,动
6262,七-九级,地势,dìshì,名
6263,七-九级,地毯,dìtǎn,名
6264,七-九级,地下水,dìxiàshuǐ,名
6265,七-九级,第一手,dìyīshǒu,形
6266,七-九级,地狱,dìyù,名
6267,七-九级,递增,dìzēng,动
6268,七-九级,弟子,dìzǐ,名
6269,七-九级,颠簸,diānbǒ,动
6270,七-九级,颠倒,diāndǎo,动
6271,七-九级,颠倒黑白,diāndǎo-hēibái,
6272,七-九级,巅峰,diānfēng,名
6273,七-九级,颠覆,diānfù,动
6274,七-九级,典范,diǎnfàn,名
6275,七-九级,点火,diǎnhuǒ,动
6276,七-九级,点评,diǎnpíng,动、名
6277,七-九级,点缀,diǎnzhuì,动
6278,七-九级,点子,diǎnzi,名
6279,七-九级,垫,diàn,动、名
6280,七-九级,垫底,diàndǐ,动
6281,七-九级,奠定,diàndìng,动
6282,七-九级,淀粉,diànfěn,名
6283,七-九级,惦记,diànjì,动
6284,七-九级,电台,diàntái,名
6285,七-九级,殿堂,diàntáng,名
6286,七-九级,电网,diànwǎng,名
6287,七-九级,电线,diànxiàn,名
6288,七-九级,电信,diànxìn,名
6289,七-九级,电讯,diànxùn,名
6290,七-九级,垫子,diànzi,名
6291,七-九级,叼,diāo,动
6292,七-九级,雕,diāo,动
6293,七-九级,雕刻,diāokè,动、名
6294,七-九级,刁难,diāonàn,动
6295,七-九级,雕塑,diāosù,动、名
6296,七-九级,雕像,diāoxiàng,名
6297,七-九级,凋谢,diāoxiè,动
6298,七-九级,调2,diào,名
6299,七-九级,调度,diàodù,动、名
6300,七-九级,掉队,diàoduì,动
6301,七-九级,掉头,diàotóu,动
6302,七-九级,吊销,diàoxiāo,动
6303,七-九级,爹,diē,名
6304,七-九级,跌幅,diēfú,名
6305,七-九级,叠,dié,动
6306,七-九级,碟,dié,名
6307,七-九级,迭起,diéqǐ,动
6308,七-九级,丁,dīng,名
6309,七-九级,盯,dīng,动
6310,七-九级,叮嘱,dīngzhǔ,动
6311,七-九级,钉子,dīngzi,名
6312,七-九级,顶多,dǐngduō,副
6313,七-九级,顶级,dǐngjí,形
6314,七-九级,顶尖,dǐngjiān,名、形
6315,七-九级,钉,dìng,动
6316,七-九级,订购,dìnggòu,动
6317,七-九级,定金,dìngjīn,名
6318,七-九级,定居,dìngjū,动
6319,七-九级,订立,dìnglì,动
6320,七-九级,定律,dìnglǜ,名
6321,七-九级,定论,dìnglùn,名
6322,七-九级,定向,dìngxiàng,动
6323,七-九级,定心丸,dìngxīnwán,名
6324,七-九级,订阅,dìngyuè,动
6325,七-九级,定做,dìngzuò,动
6326,七-九级,丢脸,diūliǎn,动
6327,七-九级,丢弃,diūqì,动
6328,七-九级,丢人,diūrén,动
6329,七-九级,丢三落四,diūsān-làsì,
6330,七-九级,东奔西走,dōngbēn-xīzǒu,
6331,七-九级,东道主,dōngdàozhǔ,名
6332,七-九级,东张西望,dōngzhāng-xīwàng,
6333,七-九级,董事,dǒngshì,名
6334,七-九级,懂事,dǒngshì,形
6335,七-九级,董事会,dǒngshìhuì,名
6336,七-九级,董事长,dǒngshìzhǎng,名
6337,七-九级,动不动,dòngbudòng,副
6338,七-九级,动荡,dòngdàng,动、形
6339,七-九级,动感,dònggǎn,名
6340,七-九级,动工,dònggōng,动
6341,七-九级,冻结,dòngjié,动
6342,七-九级,动静,dòngjing,名
6343,七-九级,栋梁,dòngliáng,名
6344,七-九级,动脉,dòngmài,名
6345,七-九级,动身,dòngshēn,动
6346,七-九级,动弹,dòngtan,动
6347,七-九级,动向,dòngxiàng,名
6348,七-九级,洞穴,dòngxué,名
6349,七-九级,动摇,dòngyáo,形、动
6350,七-九级,动用,dòngyòng,动
6351,七-九级,动员,dòngyuán,动
6352,七-九级,兜,dōu,名、动
6353,七-九级,兜售,dōushòu,动
6354,七-九级,抖,dǒu,动
6355,七-九级,陡,dǒu,形
6356,七-九级,陡峭,dǒuqiào,形
6357,七-九级,斗,dòu,动
6358,七-九级,逗留,dòuliú,动
6359,七-九级,斗志,dòuzhì,名
6360,七-九级,豆子,dòuzi,名
6361,七-九级,督促,dūcù,动
6362,七-九级,都会,dūhuì,名
6363,七-九级,独,dú,副
6364,七-九级,独家,dújiā,名
6365,七-九级,毒品,dúpǐn,名
6366,七-九级,独身,dúshēn,动
6367,七-九级,读物,dúwù,名
6368,七-九级,独一无二,dúyī-wú’èr,
6369,七-九级,赌,dǔ,动
6370,七-九级,赌博,dǔbó,动
6371,七-九级,堵塞,dǔsè,动
6372,七-九级,杜绝,dùjué,动
6373,七-九级,端正,duānzhèng,形、动
6374,七-九级,短暂,duǎnzàn,形
6375,七-九级,断定,duàndìng,动
6376,七-九级,断断续续,duànduànxùxù,形
6377,七-九级,断绝,duànjué,动
6378,七-九级,断裂,duànliè,动
6379,七-九级,段落,duànluò,名
6380,七-九级,断然,duànrán,形、副
6381,七-九级,断章取义,duànzhāng-qǔyì,
6382,七-九级,堆积,duījī,动
6383,七-九级,堆砌,duīqì,动
6384,七-九级,兑,duì,动
6385,七-九级,对岸,duì’àn,名
6386,七-九级,对白,duìbái,名
6387,七-九级,对策,duìcè,名
6388,七-九级,对得起,duìdeqǐ,动
6389,七-九级,对付,duìfu,动
6390,七-九级,兑换,duìhuàn,动
6391,七-九级,对联,duìlián,名
6392,七-九级,对流,duìliú,动
6393,七-九级,对牛弹琴,duìniú-tánqín,
6394,七-九级,兑现,duìxiàn,动
6395,七-九级,队形,duìxíng,名
6396,七-九级,对弈,duìyì,动
6397,七-九级,对照,duìzhào,动
6398,七-九级,对症下药,duìzhèng-xiàyào,
6399,七-九级,对峙,duìzhì,动
6400,七-九级,敦促,dūncù,动
6401,七-九级,敦厚,dūnhòu,形
6402,七-九级,炖,dùn,动
6403,七-九级,多年来,duō nián lái,
6404,七-九级,多半,duōbàn,数、副
6405,七-九级,多边,duōbiān,形
6406,七-九级,哆嗦,duōsuo,动
6407,七-九级,多心,duōxīn,动
6408,七-九级,夺冠,duóguàn,动
6409,七-九级,夺魁,duókuí,动
6410,七-九级,堕落,duòluò,动
6411,七-九级,鹅,é,名
6412,七-九级,额度,édù,名
6413,七-九级,额外,éwài,形
6414,七-九级,讹诈,ézhà,动
6415,七-九级,恶,è,形
6416,七-九级,噩耗,èhào,名
6417,七-九级,恶化,èhuà,动
6418,七-九级,恶性,èxìng,形
6419,七-九级,恶意,èyì,名
6420,七-九级,鳄鱼,èyú,名
6421,七-九级,厄运,èyùn,名
6422,七-九级,遏制,èzhì,动
6423,七-九级,恶作剧,èzuòjù,动、名
6424,七-九级,恩爱,ēn’ài,形
6425,七-九级,恩情,ēnqíng,名
6426,七-九级,恩人,ēnrén,名
6427,七-九级,恩怨,ēnyuàn,名
6428,七-九级,而已,éryǐ,助
6429,七-九级,耳光,ěrguāng,名
6430,七-九级,耳目一新,ěrmù-yìxīn,
6431,七-九级,耳熟能详,ěrshú-néngxiáng,
6432,七-九级,发财,fācái,动
6433,七-九级,发呆,fādāi,动
6434,七-九级,发抖,fādǒu,动
6435,七-九级,发火,fāhuǒ,动
6436,七-九级,发酵,fājiào,动
6437,七-九级,发觉,fājué,动
6438,七-九级,发掘,fājué,动
6439,七-九级,发愣,fālèng,动
6440,七-九级,发怒,fānù,动
6441,七-九级,发热,fārè,动
6442,七-九级,发射,fāshè,动
6443,七-九级,发誓,fāshì,动
6444,七-九级,发泄,fāxiè,动
6445,七-九级,发芽,fāyá,动
6446,七-九级,发扬,fāyáng,动
6447,七-九级,发扬光大,fāyáng-guāngdà,
6448,七-九级,发言人,fāyánrén,名
6449,七-九级,发源,fāyuán,动
6450,七-九级,发源地,fāyuándì,名
6451,七-九级,发作,fāzuò,动
6452,七-九级,乏力,fálì,形、动
6453,七-九级,阀门,fámén,名
6454,七-九级,法人,fǎrén,名
6455,七-九级,法庭,fǎtíng,名
6456,七-九级,法则,fǎzé,名
6457,七-九级,法制,fǎzhì,名
6458,七-九级,法治,fǎzhì,名、动
6459,七-九级,发型,fàxíng,名
6460,七-九级,帆,fān,名
6461,七-九级,帆船,fānchuán,名
6462,七-九级,翻番,fānfān,动
6463,七-九级,翻来覆去,fānlái-fùqù,
6464,七-九级,翻身,fānshēn,动
6465,七-九级,翻天覆地,fāntiān-fùdì,
6466,七-九级,翻新,fānxīn,动
6467,七-九级,繁多,fánduō,形
6468,七-九级,繁华,fánhuá,形
6469,七-九级,烦闷,fánmèn,形
6470,七-九级,繁体字,fántǐzì,名
6471,七-九级,繁衍,fányǎn,动
6472,七-九级,繁杂,fánzá,形
6473,七-九级,烦躁,fánzào,形
6474,七-九级,繁重,fánzhòng,形
6475,七-九级,反驳,fǎnbó,动
6476,七-九级,反差,fǎnchā,名
6477,七-九级,反常,fǎncháng,形
6478,七-九级,反倒,fǎndào,副
6479,七-九级,反感,fǎngǎn,名、形
6480,七-九级,返还,fǎnhuán,动
6481,七-九级,反击,fǎnjī,动
6482,七-九级,反抗,fǎnkàng,动
6483,七-九级,反面,fǎnmiàn,名、形
6484,七-九级,反射,fǎnshè,动
6485,七-九级,反弹,fǎntán,动
6486,七-九级,反问,fǎnwèn,动
6487,七-九级,反响,fǎnxiǎng,名
6488,七-九级,反省,fǎnxǐng,动
6489,七-九级,反之,fǎnzhī,连
6490,七-九级,犯愁,fànchóu,动
6491,七-九级,范畴,fànchóu,名
6492,七-九级,犯规,fànguī,动
6493,七-九级,泛滥,fànlàn,动
6494,七-九级,贩卖,fànmài,动
6495,七-九级,饭碗,fànwǎn,名
6496,七-九级,犯罪,fànzuì,动
6497,七-九级,方向盘,fāngxiàngpán,名
6498,七-九级,方圆,fāngyuán,名
6499,七-九级,方针,fāngzhēn,名
6500,七-九级,防盗,fángdào,动
6501,七-九级,房地产,fángdìchǎn,名
6502,七-九级,防范,fángfàn,动
6503,七-九级,防护,fánghù,动
6504,七-九级,防火墙,fánghuǒqiáng,名
6505,七-九级,防守,fángshǒu,动
6506,七-九级,防卫,fángwèi,动
6507,七-九级,防汛,fángxùn,动
6508,七-九级,防疫,fángyì,动
6509,七-九级,防御,fángyù,动
6510,七-九级,仿,fǎng,动
6511,七-九级,仿真,fǎngzhēn,动、形
6512,七-九级,仿制,fǎngzhì,动
6513,七-九级,纺织,fǎngzhī,动
6514,七-九级,放过,fàngguò,动
6515,七-九级,放宽,fàngkuān,动
6516,七-九级,放射,fàngshè,动
6517,七-九级,放水,fàngshuǐ,动
6518,七-九级,放肆,fàngsì,形
6519,七-九级,放映,fàngyìng,动
6520,七-九级,放置,fàngzhì,动
6521,七-九级,放纵,fàngzòng,动、形
6522,七-九级,非,fēi,动、副、前缀
6523,七-九级,飞船,fēichuán,名
6524,七-九级,非但,fēidàn,连
6525,七-九级,非得,fēiděi,副
6526,七-九级,飞碟,fēidié,名
6527,七-九级,非法,fēifǎ,形
6528,七-九级,非凡,fēifán,形
6529,七-九级,飞禽走兽,fēiqín-zǒushòu,
6530,七-九级,绯闻,fēiwén,名
6531,七-九级,飞翔,fēixiáng,动
6532,七-九级,飞跃,fēiyuè,动
6533,七-九级,肥料,féiliào,名
6534,七-九级,肥皂,féizào,名
6535,七-九级,诽谤,fěibàng,动
6536,七-九级,废,fèi,动、形
6537,七-九级,废除,fèichú,动
6538,七-九级,沸沸扬扬,fèifèiyángyáng,
6539,七-九级,废话,fèihuà,名、动
6540,七-九级,费劲,fèijìn,动
6541,七-九级,费力,fèilì,动
6542,七-九级,废品,fèipǐn,名
6543,七-九级,废弃,fèiqì,动
6544,七-九级,废寝忘食,fèiqǐn-wàngshí,
6545,七-九级,沸腾,fèiténg,动
6546,七-九级,废物,fèiwù,名
6547,七-九级,废墟,fèixū,名
6548,七-九级,分辨,fēnbiàn,动
6549,七-九级,分成,fēnchéng,动
6550,七-九级,分寸,fēncun,名
6551,七-九级,分担,fēndān,动
6552,七-九级,分发,fēnfā,动
6553,七-九级,芬芳,fēnfāng,形、名
6554,七-九级,吩咐,fēnfù,动
6555,七-九级,分割,fēngē,动
6556,七-九级,分红,fēnhóng,动
6557,七-九级,分化,fēnhuà,动
6558,七-九级,分解,fēnjiě,动
6559,七-九级,分裂,fēnliè,动
6560,七-九级,分泌,fēnmì,动
6561,七-九级,分明,fēnmíng,形、副
6562,七-九级,分歧,fēnqí,形、名
6563,七-九级,分支,fēnzhī,名
6564,七-九级,坟,fén,名
6565,七-九级,坟墓,fénmù,名
6566,七-九级,焚烧,fénshāo,动
6567,七-九级,粉末,fěnmò,名
6568,七-九级,粉丝1,fěnsī,名
6569,七-九级,粉丝2,fěnsī,名
6570,七-九级,粉碎,fěnsuì,形、动
6571,七-九级,粪,fèn,名
6572,七-九级,粪便,fènbiàn,名
6573,七-九级,份额,fèn’é,名
6574,七-九级,奋力,fènlì,副
6575,七-九级,分量,fènliàng,名
6576,七-九级,分外,fènwài,副、形
6577,七-九级,奋勇,fènyǒng,动
6578,七-九级,疯,fēng,动、形
6579,七-九级,风暴,fēngbào,名
6580,七-九级,风波,fēngbō,名
6581,七-九级,风采,fēngcǎi,名
6582,七-九级,风餐露宿,fēngcān-lùsù,
6583,七-九级,风吹雨打,fēngchuī-yǔdǎ,
6584,七-九级,封顶,fēngdǐng,动
6585,七-九级,风度,fēngdù,名
6586,七-九级,风范,fēngfàn,名
6587,七-九级,风和日丽,fēnghé-rìlì,
6588,七-九级,丰厚,fēnghòu,形
6589,七-九级,峰会,fēnghuì,名
6590,七-九级,峰回路转,fēnghuí-lùzhuǎn,
6591,七-九级,封建,fēngjiàn,名、形
6592,七-九级,风景线,fēngjǐngxiàn,名
6593,七-九级,风浪,fēnglàng,名
6594,七-九级,锋利,fēnglì,形
6595,七-九级,风流,fēngliú,形
6596,七-九级,丰满,fēngmǎn,形
6597,七-九级,风貌,fēngmào,名
6598,七-九级,蜂蜜,fēngmì,名
6599,七-九级,封面,fēngmiàn,名
6600,七-九级,风气,fēngqì,名
6601,七-九级,风情,fēngqíng,名
6602,七-九级,风趣,fēngqù,形
6603,七-九级,风沙,fēngshā,名
6604,七-九级,风尚,fēngshàng,名
6605,七-九级,丰盛,fēngshèng,形
6606,七-九级,风水,fēngshuǐ,名
6607,七-九级,丰硕,fēngshuò,形
6608,七-九级,封锁,fēngsuǒ,动
6609,七-九级,风土人情,fēngtǔ-rénqíng,
6610,七-九级,风味,fēngwèi,名
6611,七-九级,风云,fēngyún,名
6612,七-九级,风雨无阻,fēngyǔ-wúzǔ,
6613,七-九级,风筝,fēngzheng,名
6614,七-九级,疯子,fēngzi,名
6615,七-九级,逢,féng,动
6616,七-九级,缝,féng,动
6617,七-九级,缝合,fénghé,动
6618,七-九级,讽刺,fěngcì,动
6619,七-九级,缝,fèng,名
6620,七-九级,凤凰,fènghuáng,名
6621,七-九级,凤毛麟角,fèngmáo-línjiǎo,
6622,七-九级,佛,fó,名
6623,七-九级,否决,fǒujué,动
6624,七-九级,敷,fū,动
6625,七-九级,孵化,fūhuà,动
6626,七-九级,肤浅,fūqiǎn,形
6627,七-九级,敷衍,fūyǎn,动
6628,七-九级,扶持,fúchí,动
6629,七-九级,浮动,fúdòng,动
6630,七-九级,俘获,fúhuò,动
6631,七-九级,浮力,fúlì,名
6632,七-九级,俘虏,fúlǔ,动、名
6633,七-九级,福气,fúqi,名
6634,七-九级,服气,fúqì,动
6635,七-九级,辐射,fúshè,动
6636,七-九级,服饰,fúshì,名
6637,七-九级,服务器,fúwùqì,名
6638,七-九级,浮现,fúxiàn,动
6639,七-九级,浮躁,fúzào,形
6640,七-九级,腐败,fǔbài,形、动
6641,七-九级,腐烂,fǔlàn,动、形
6642,七-九级,抚摸,fǔmō,动
6643,七-九级,腐蚀,fǔshí,动
6644,七-九级,俯视,fǔshì,动
6645,七-九级,俯首,fǔshǒu,动
6646,七-九级,腐朽,fǔxiǔ,动、形
6647,七-九级,抚恤,fǔxù,动
6648,七-九级,抚养,fǔyǎng,动
6649,七-九级,斧子,fǔzi,名
6650,七-九级,负,fù,动、形
6651,七-九级,附,fù,动
6652,七-九级,赴,fù,动
6653,七-九级,腹,fù,名
6654,七-九级,副本,fùběn,名
6655,七-九级,复查,fùchá,动
6656,七-九级,附带,fùdài,动、副、形
6657,七-九级,复发,fùfā,动
6658,七-九级,富含,fùhán,动
6659,七-九级,富豪,fùháo,名
6660,七-九级,复合,fùhé,动
6661,七-九级,附和,fùhè,动
6662,七-九级,复活,fùhuó,动
6663,七-九级,附加,fùjiā,动
6664,七-九级,富强,fùqiáng,形
6665,七-九级,附属,fùshǔ,形、动
6666,七-九级,复苏,fùsū,动
6667,七-九级,富翁,fùwēng,名
6668,七-九级,腹泻,fùxiè,动
6669,七-九级,复兴,fùxīng,动
6670,七-九级,复原,fùyuán,动
6671,七-九级,负重,fùzhòng,动
6672,七-九级,富足,fùzú,形
6673,七-九级,副作用,fùzuòyòng,名
6674,七-九级,改版,gǎibǎn,动
6675,七-九级,改动,gǎidòng,动
6676,七-九级,改观,gǎiguān,动
6677,七-九级,改良,gǎiliáng,动
6678,七-九级,改日,gǎirì,副
6679,七-九级,改邪归正,gǎixié-guīzhèng,
6680,七-九级,改装,gǎizhuāng,动
6681,七-九级,钙,gài,名
6682,七-九级,概,gài,副
6683,七-九级,概况,gàikuàng,名
6684,七-九级,概论,gàilùn,名
6685,七-九级,干戈,gāngē,名
6686,七-九级,干枯,gānkū,形
6687,七-九级,干涉,gānshè,动
6688,七-九级,甘心,gānxīn,动
6689,七-九级,干预,gānyù,动
6690,七-九级,杆,gǎn,名、量
6691,七-九级,感触,gǎnchù,名
6692,七-九级,感恩,gǎnēn,动
6693,七-九级,赶赴,gǎnfù,动
6694,七-九级,感慨,gǎnkǎi,动
6695,七-九级,感叹,gǎntàn,动
6696,七-九级,感悟,gǎnwù,动
6697,七-九级,感性,gǎnxìng,形
6698,七-九级,干部,gànbù,名
6699,七-九级,干劲,gànjìn,名
6700,七-九级,干事,gànshi,名
6701,七-九级,缸,gāng,名
6702,七-九级,纲领,gānglǐng,名
6703,七-九级,钢铁,gāngtiě,名、形
6704,七-九级,纲要,gāngyào,名
6705,七-九级,港,gǎng,名
6706,七-九级,港湾,gǎngwān,名
6707,七-九级,杠杆,gànggǎn,名
6708,七-九级,高额,gāo’é,形
6709,七-九级,高昂,gāo’áng,动、形
6710,七-九级,高傲,gāo’ào,形
6711,七-九级,高潮,gāocháo,名
6712,七-九级,高调,gāodiào,名、形
6713,七-九级,高贵,gāoguì,形
6714,七-九级,高见,gāojiàn,名
6715,七-九级,高空,gāokōng,名
6716,七-九级,高龄,gāolíng,名、 形
6717,七-九级,高明,gāomíng,形、名
6718,七-九级,高血压,gāoxuèyā,名
6719,七-九级,高雅,gāoyǎ,形
6720,七-九级,高压,gāoyā,名、形
6721,七-九级,高涨,gāozhǎng,动、形
6722,七-九级,搞鬼,gǎoguǐ,动
6723,七-九级,搞笑,gǎoxiào,动、形
6724,七-九级,告,gào,动
6725,七-九级,告辞,gàocí,动
6726,七-九级,告诫,gàojiè,动
6727,七-九级,告示,gàoshi,名
6728,七-九级,告知,gàozhī,动
6729,七-九级,告状,gàozhuàng,动
6730,七-九级,搁,gē,动
6731,七-九级,戈壁,gēbì,名
6732,七-九级,疙瘩,gēda,名
6733,七-九级,歌剧,gējù,名
6734,七-九级,搁浅,gēqiǎn,动
6735,七-九级,歌颂,gēsòng,动
6736,七-九级,歌舞,gēwǔ,名
6737,七-九级,歌谣,gēyáo,名
6738,七-九级,搁置,gēzhì,动
6739,七-九级,鸽子,gēzi,名
6740,七-九级,格格不入,gégé-búrù,
6741,七-九级,隔阂,géhé,名
6742,七-九级,格局,géjú,名
6743,七-九级,隔离,gélí,动
6744,七-九级,阁楼,gélóu,名
6745,七-九级,格式,géshi,名
6746,七-九级,革新,géxīn,动
6747,七-九级,格子,gézi,名
6748,七-九级,个案,gè’àn,名
6749,七-九级,各抒己见,gèshū-jǐjiàn,
6750,七-九级,个头儿,gètóur,名
6751,七-九级,根基,gēnjī,名
6752,七-九级,跟进,gēnjìn,动
6753,七-九级,根深蒂固,gēnshēn-dìgù,
6754,七-九级,根源,gēnyuán,名、动
6755,七-九级,根治,gēnzhì,动
6756,七-九级,耕,gēng,动
6757,七-九级,耕地,gēngdì,动、名
6758,七-九级,更改,gēnggǎi,动
6759,七-九级,更衣室,gēngyīshì,名
6760,七-九级,耕耘,gēngyún,动
6761,七-九级,更正,gēngzhèng,动
6762,七-九级,哽咽,gěngyè,动
6763,七-九级,耿直,gěngzhí,形
6764,七-九级,弓,gōng,名、动
6765,七-九级,功,gōng,名
6766,七-九级,攻,gōng,动
6767,七-九级,供,gōng,动
6768,七-九级,公办,gōngbàn,形
6769,七-九级,供不应求,gōngbúyìngqiú,
6770,七-九级,功臣,gōngchén,名
6771,七-九级,公道,gōngdao,形
6772,七-九级,功底,gōngdǐ,名
6773,七-九级,宫殿,gōngdiàn,名
6774,七-九级,攻读,gōngdú,动
6775,七-九级,公费,gōngfèi,名
6776,七-九级,公关,gōngguān,名
6777,七-九级,攻关,gōngguān,动
6778,七-九级,工会,gōnghuì,名
6779,七-九级,工匠,gōngjiàng,名
6780,七-九级,恭敬,gōngjìng,形
6781,七-九级,攻克,gōngkè,动
6782,七-九级,工科,gōngkē,名
6783,七-九级,公款,gōngkuǎn,名
6784,七-九级,功劳,gōngláo,名
6785,七-九级,公立,gōnglì,形
6786,七-九级,功力,gōnglì,名
6787,七-九级,功利,gōnglì,名
6788,七-九级,功率,gōnglǜ,名
6789,七-九级,公墓,gōngmù,名
6790,七-九级,供暖,gōngnuǎn,动
6791,七-九级,公仆,gōngpú,名
6792,七-九级,公顷,gōngqǐng,量
6793,七-九级,供求,gōngqiú,名
6794,七-九级,公然,gōngrán,副
6795,七-九级,公示,gōngshì,动
6796,七-九级,公式,gōngshì,名
6797,七-九级,公事,gōngshì,名
6798,七-九级,攻势,gōngshì,名
6799,七-九级,宫廷,gōngtíng,名
6800,七-九级,恭维,gōngwéi,动
6801,七-九级,公务,gōngwù,名
6802,七-九级,供需,gōngxū,名
6803,七-九级,供养,gōngyǎng,动
6804,七-九级,供应链,gōngyìngliàn,名
6805,七-九级,公用,gōngyòng,动
6806,七-九级,公约,gōngyuē,名
6807,七-九级,公证,gōngzhèng,动
6808,七-九级,工整,gōngzhěng,形
6809,七-九级,公职,gōngzhí,名
6810,七-九级,拱,gǒng,动
6811,七-九级,供奉,gòngfèng,动、名
6812,七-九级,共和国,gònghéguó,名
6813,七-九级,共鸣,gòngmíng,动
6814,七-九级,共识,gòngshí,名
6815,七-九级,共同体,gòngtóngtǐ,名
6816,七-九级,共性,gòngxìng,名
6817,七-九级,勾,gōu,动
6818,七-九级,钩,gōu,名、动
6819,七-九级,勾结,gōujié,动
6820,七-九级,勾勒,gōulè,动
6821,七-九级,构建,gòujiàn,动
6822,七-九级,够呛,gòuqiàng,形
6823,七-九级,构思,gòusī,动
6824,七-九级,构想,gòuxiǎng,动、名
6825,七-九级,孤单,gūdān,形
6826,七-九级,孤儿,gū’ér,名
6827,七-九级,辜负,gūfù,动
6828,七-九级,孤立,gūlì,形、动
6829,七-九级,孤零零,gūlínglíng,形
6830,七-九级,孤陋寡闻,gūlòu-guǎwén,
6831,七-九级,姑且,gūqiě,副
6832,七-九级,估算,gūsuàn,动
6833,七-九级,股,gǔ,量
6834,七-九级,鼓动,gǔdòng,动
6835,七-九级,古董,gǔdǒng,名
6836,七-九级,股东,gǔdōng,名
6837,七-九级,股份,gǔfèn,名
6838,七-九级,骨干,gǔgàn,名
6839,七-九级,骨骼,gǔgé,名
6840,七-九级,古怪,gǔguài,形
6841,七-九级,古籍,gǔjí,名
6842,七-九级,骨架,gǔjià,名
6843,七-九级,古今中外,gǔjīn-zhōngwài,
6844,七-九级,股民,gǔmín,名
6845,七-九级,古朴,gǔpǔ,形
6846,七-九级,骨气,gǔqì,名
6847,七-九级,谷物,gǔwù,名
6848,七-九级,骨折,gǔzhé,动
6849,七-九级,故,gù,副、连
6850,七-九级,雇,gù,动
6851,七-九级,固化,gùhuà,动
6852,七-九级,顾及,gùjí,动
6853,七-九级,顾虑,gùlǜ,动、名
6854,七-九级,顾名思义,gùmíng-sīyì,
6855,七-九级,顾全大局,gùquán-dàjú,
6856,七-九级,固然,gùrán,连
6857,七-九级,雇佣,gùyōng,动
6858,七-九级,固有,gùyǒu,形
6859,七-九级,雇员,gùyuán,名
6860,七-九级,固执,gùzhi,形
6861,七-九级,雇主,gùzhǔ,名
6862,七-九级,瓜分,guāfēn,动
6863,七-九级,刮目相看,guāmù-xiāngkàn,
6864,七-九级,瓜子,guāzǐ,名
6865,七-九级,寡妇,guǎfu,名
6866,七-九级,挂钩,guàgōu,动、名
6867,七-九级,挂念,guàniàn,动
6868,七-九级,挂失,guàshī,动
6869,七-九级,乖,guāi,形
6870,七-九级,乖巧,guāiqiǎo,形
6871,七-九级,拐杖,guǎizhàng,名
6872,七-九级,怪不得,guàibude,动、副
6873,七-九级,怪物,guàiwu,名
6874,七-九级,怪异,guàiyì,形、名
6875,七-九级,官兵,guānbīng,名
6876,七-九级,棺材,guāncai,名
6877,七-九级,观测,guāncè,动
6878,七-九级,观感,guāngǎn,名
6879,七-九级,关节,guānjié,名
6880,七-九级,官吏,guānlì,名
6881,七-九级,官僚,guānliáo,名
6882,七-九级,观摩,guānmó,动
6883,七-九级,关切,guānqiè,动
6884,七-九级,关税,guānshuì,名
6885,七-九级,官司,guānsi,名
6886,七-九级,关头,guāntóu,名
6887,七-九级,观望,guānwàng,动
6888,七-九级,关照,guānzhào,动
6889,七-九级,管家,guǎnjiā,名
6890,七-九级,管教,guǎnjiào,动、名
6891,七-九级,管辖,guǎnxiá,动
6892,七-九级,管用,guǎnyòng,形
6893,七-九级,惯,guàn,动
6894,七-九级,灌,guàn,动
6895,七-九级,贯彻,guànchè,动
6896,七-九级,贯穿,guànchuān,动
6897,七-九级,灌溉,guàngài,动
6898,七-九级,惯例,guànlì,名
6899,七-九级,灌输,guànshū,动
6900,七-九级,贯通,guàntōng,动
6901,七-九级,罐头,guàntou,名
6902,七-九级,惯性,guànxìng,名
6903,七-九级,光彩,guāngcǎi,名、形
6904,七-九级,光顾,guānggù,动
6905,七-九级,光滑,guānghuá,形
6906,七-九级,光环,guānghuán,名
6907,七-九级,光辉,guānghuī,名、形
6908,七-九级,光缆,guānglǎn,名
6909,七-九级,光芒,guāngmáng,名
6910,七-九级,光明磊落,guāngmíng-lěiluò,
6911,七-九级,光盘,guāngpán,名
6912,七-九级,光荣,guāngróng,形、名
6913,七-九级,光泽,guāngzé,名
6914,七-九级,广义,guǎngyì,名
6915,七-九级,龟,guī,名
6916,七-九级,瑰宝,guībǎo,名
6917,七-九级,规格,guīgé,名
6918,七-九级,归根到底,guīgēn-dàodǐ,
6919,七-九级,归结,guījié,动
6920,七-九级,归来,guīlái,动
6921,七-九级,归纳,guīnà,动
6922,七-九级,闺女,guīnü,名
6923,七-九级,归属,guīshǔ,动
6924,七-九级,归宿,guīsù,名
6925,七-九级,归于,guīyú,动
6926,七-九级,规章,guīzhāng,名
6927,七-九级,鬼,guǐ,名、形
6928,七-九级,轨迹,guǐjì,名
6929,七-九级,诡计,guǐjì,名
6930,七-九级,贵宾,guìbīn,名
6931,七-九级,桂花,guìhuā,名
6932,七-九级,柜台,guìtái,名
6933,七-九级,贵族,guìzú,名
6934,七-九级,滚动,gǔndòng,动
6935,七-九级,国防,guófáng,名
6936,七-九级,国徽,guóhuī,名
6937,七-九级,国民,guómín,名
6938,七-九级,国土,guótǔ,名
6939,七-九级,国务院,guówùyuàn,名
6940,七-九级,国学,guóxué,名
6941,七-九级,国有,guóyǒu,动
6942,七-九级,裹,guǒ,动
6943,七-九级,果断,guǒduàn,形
6944,七-九级,果真,guǒzhēn,副、连
6945,七-九级,过意不去,guò yì bú qù,
6946,七-九级,过半,guòbàn,动
6947,七-九级,过不去,guòbuqù,动
6948,七-九级,过错,guòcuò,名
6949,七-九级,过道,guòdào,名
6950,七-九级,过关,guòguān,动
6951,七-九级,过奖,guòjiǎng,动
6952,七-九级,过境,guòjìng,动
6953,七-九级,过量,guòliàng,动
6954,七-九级,过滤,guòlǜ,动
6955,七-九级,过剩,guòshèng,动
6956,七-九级,过失,guòshī,名
6957,七-九级,过头,guòtóu,形
6958,七-九级,过往,guòwǎng,动、名
6959,七-九级,过问,guòwèn,动
6960,七-九级,过瘾,guòyǐn,形
6961,七-九级,过硬,guòyìng,形
6962,七-九级,海报,hǎibào,名
6963,七-九级,海滨,hǎibīn,名
6964,七-九级,海盗,hǎidào,名
6965,七-九级,海军,hǎijūn,名
6966,七-九级,海量,hǎiliàng,名、形
6967,七-九级,海绵,hǎimián,名
6968,七-九级,海滩,hǎitān,名
6969,七-九级,海豚,hǎitún,名
6970,七-九级,海湾,hǎiwān,名
6971,七-九级,海峡,hǎixiá,名
6972,七-九级,海啸,hǎixiào,名
6973,七-九级,海运,hǎiyùn,动
6974,七-九级,海藻,hǎizǎo,名
6975,七-九级,害虫,hàichóng,名
6976,七-九级,骇人听闻,hàiréntīngwén,
6977,七-九级,酣畅,hānchàng,形
6978,七-九级,憨厚,hānhòu,形
6979,七-九级,酣睡,hānshuì,动
6980,七-九级,函,hán,名
6981,七-九级,寒带,hándài,名
6982,七-九级,涵盖,hángài,动
6983,七-九级,含糊,hánhu,形
6984,七-九级,含蓄,hánxù,动、形
6985,七-九级,寒暄,hánxuān,动
6986,七-九级,汉服,Hànfú,名
6987,七-九级,汗马功劳,hànmǎ-gōngláo,
6988,七-九级,捍卫,hànwèi,动
6989,七-九级,夯实,hāngshí,动
6990,七-九级,航海,hánghǎi,动
6991,七-九级,行家,hángjia,名
6992,七-九级,行列,hángliè,名
6993,七-九级,行情,hángqíng,名
6994,七-九级,航天,hángtiān,动
6995,七-九级,航天员,hángtiānyuán,名
6996,七-九级,航行,hángxíng,动
6997,七-九级,航运,hángyùn,名
6998,七-九级,豪华,háohuá,形
6999,七-九级,豪迈,háomài,形
7000,七-九级,好比,hǎobǐ,动
7001,七-九级,好歹,hǎodǎi,名、副
7002,七-九级,好受,hǎoshòu,形
7003,七-九级,好说,hǎoshuō,动
7004,七-九级,好似,hǎosì,动
7005,七-九级,好心,hǎoxīn,名
7006,七-九级,好意,hǎoyì,名
7007,七-九级,好在,hǎozài,副
7008,七-九级,耗,hào,动
7009,七-九级,号称,hàochēng,动
7010,七-九级,耗费,hàofèi,动
7011,七-九级,浩瀚,hàohàn,形
7012,七-九级,浩劫,hàojié,名
7013,七-九级,好胜,hàoshèng,形
7014,七-九级,耗时,hàoshí,动
7015,七-九级,呵,hē,动
7016,七-九级,呵护,hēhù,动
7017,七-九级,何,hé,代
7018,七-九级,和2,hé,形
7019,七-九级,核,hé,名
7020,七-九级,和蔼,hé’ǎi,形
7021,七-九级,何必,hébì,副
7022,七-九级,核查,héchá,动
7023,七-九级,合唱,héchàng,动
7024,七-九级,何等,héděng,代、副
7025,七-九级,核电站,hédiànzhàn,名
7026,七-九级,核对,héduì,动
7027,七-九级,和好,héhǎo,形、动
7028,七-九级,合乎,héhū,动
7029,七-九级,荷花,héhuā,名
7030,七-九级,合伙,héhuǒ,动
7031,七-九级,合计,héjì,动
7032,七-九级,和解,héjiě,动
7033,七-九级,何苦,hékǔ,副
7034,七-九级,何况,hékuàng,连
7035,七-九级,禾苗,hémiáo,名
7036,七-九级,和睦,hémù,形
7037,七-九级,核能,hénéng,名
7038,七-九级,河畔,hépàn,名
7039,七-九级,和平共处,hépíng gòngchǔ,
7040,七-九级,和气,héqi,形、名
7041,七-九级,和尚,héshang,名
7042,七-九级,核实,héshí,动
7043,七-九级,核桃,hétao,名
7044,七-九级,核武器,héwǔqì,名
7045,七-九级,合约,héyuē,名
7046,七-九级,何止,hézhǐ,动
7047,七-九级,合资,hézī,动
7048,七-九级,喝彩,hècǎi,动
7049,七-九级,贺电,hèdiàn,名
7050,七-九级,鹤立鸡群,hèlìjīqún,
7051,七-九级,赫然,hèrán,形
7052,七-九级,贺信,hèxìn,名
7053,七-九级,黑客,hēikè,名
7054,七-九级,黑马,hēimǎ,名
7055,七-九级,黑名单,hēimíngdān,名
7056,七-九级,恨不得,hènbude,动
7057,七-九级,哼,hēng,动
7058,七-九级,横,héng,形
7059,七-九级,横向,héngxiàng,形
7060,七-九级,恒星,héngxīng,名
7061,七-九级,轰,hōng,拟声、动
7062,七-九级,烘,hōng,动
7063,七-九级,烘焙,hōngbèi,动
7064,七-九级,轰动,hōngdòng,动
7065,七-九级,烘干,hōnggān,动
7066,七-九级,哄堂大笑,hōngtáng-dàxiào,
7067,七-九级,烘托,hōngtuō,动
7068,七-九级,轰炸,hōngzhà,动
7069,七-九级,宏观,hóngguān,形
7070,七-九级,红火,hónghuo,形
7071,七-九级,红利,hónglì,名
7072,七-九级,洪亮,hóngliàng,形
7073,七-九级,红扑扑,hóngpūpū,形
7074,七-九级,红润,hóngrùn,形
7075,七-九级,红薯,hóngshǔ,名
7076,七-九级,宏伟,hóngwěi,形
7077,七-九级,弘扬,hóngyáng,动
7078,七-九级,哄,hǒng,动
7079,七-九级,喉咙,hóulóng,名
7080,七-九级,吼,hǒu,动
7081,七-九级,后备,hòubèi,形、名
7082,七-九级,后备箱,hòubèixiāng,名
7083,七-九级,厚道,hòudao,形
7084,七-九级,后盾,hòudùn,名
7085,七-九级,后顾之忧,hòugùzhīyōu,
7086,七-九级,后勤,hòuqín,名
7087,七-九级,后世,hòushì,名
7088,七-九级,后台,hòutái,名
7089,七-九级,后续,hòuxù,形
7090,七-九级,候选人,hòuxuǎnrén,名
7091,七-九级,后裔,hòuyì,名
7092,七-九级,后遗症,hòuyízhèng,名
7093,七-九级,呼,hū,动
7094,七-九级,呼唤,hūhuàn,动
7095,七-九级,呼救,hūjiù,动
7096,七-九级,忽冷忽热,hūlěng-hūrè,
7097,七-九级,呼声,hūshēng,名
7098,七-九级,呼啸,hūxiào,动
7099,七-九级,呼应,hūyìng,动
7100,七-九级,忽悠,hūyou,动
7101,七-九级,呼吁,hūyù,动
7102,七-九级,糊,hú,动
7103,七-九级,狐狸,húli,名
7104,七-九级,胡乱,húluàn,副
7105,七-九级,胡闹,húnào,动
7106,七-九级,湖泊,húpō,名
7107,七-九级,胡说,húshuō,动
7108,七-九级,胡思乱想,húsī-luànxiǎng,
7109,七-九级,糊涂,hútu,形
7110,七-九级,护,hù,动
7111,七-九级,互补,hùbǔ,动
7112,七-九级,护理,hùlǐ,动
7113,七-九级,花瓣,huābàn,名
7114,七-九级,花卉,huāhuì,名
7115,七-九级,花蕾,huālěi,名
7116,七-九级,花纹,huāwén,名
7117,七-九级,花样,huāyàng,名
7118,七-九级,划不来,huábulái,形
7119,七-九级,划得来,huádelái,形
7120,七-九级,滑稽,huájī,形
7121,七-九级,华丽,huálì,形
7122,七-九级,华侨,huáqiáo,名
7123,七-九级,哗然,huárán,形
7124,七-九级,华人,huárén,名
7125,七-九级,划算,huásuàn,动、形
7126,七-九级,滑梯,huátī,名
7127,七-九级,华裔,huáyì,名
7128,七-九级,画册,huàcè,名
7129,七-九级,化肥,huàféi,名
7130,七-九级,化解,huàjiě,动
7131,七-九级,画龙点睛,huàlóng-diǎnjīng,
7132,七-九级,化身,huàshēn,名
7133,七-九级,画蛇添足,huàshé-tiānzú,
7134,七-九级,划时代,huàshídài,形
7135,七-九级,化险为夷,huàxiǎnwéiyí,
7136,七-九级,化验,huàyàn,动
7137,七-九级,话语,huàyǔ,名
7138,七-九级,怀抱,huáibào,动、名
7139,七-九级,怀旧,huáijiù,动
7140,七-九级,槐树,huáishù,名
7141,七-九级,欢呼,huānhū,动
7142,七-九级,欢聚,huānjù,动
7143,七-九级,欢快,huānkuài,形
7144,七-九级,欢声笑语,huānshēng-xiàoyǔ,
7145,七-九级,环比,huánbǐ,动
7146,七-九级,环球,huánqiú,动
7147,七-九级,环绕,huánrào,动
7148,七-九级,缓,huǎn,动
7149,七-九级,缓和,huǎnhé,形、动
7150,七-九级,焕发,huànfā,动
7151,七-九级,幻觉,huànjué,名
7152,七-九级,唤起,huànqǐ,动
7153,七-九级,换取,huànqǔ,动
7154,七-九级,焕然一新,huànrán-yìxīn,
7155,七-九级,唤醒,huànxǐng,动
7156,七-九级,幻影,huànyǐng,名
7157,七-九级,荒,huāng,动
7158,七-九级,慌,huāng,形
7159,七-九级,荒诞,huāngdàn,形
7160,七-九级,荒凉,huāngliáng,形
7161,七-九级,慌乱,huāngluàn,形
7162,七-九级,慌忙,huāngmáng,形
7163,七-九级,荒谬,huāngmiù,形
7164,七-九级,荒唐,huāngtáng,形
7165,七-九级,慌张,huāngzhāng,形
7166,七-九级,皇宫,huánggōng,名
7167,七-九级,皇后,huánghòu,名
7168,七-九级,黄昏,huánghūn,名
7169,七-九级,皇上,huángshang,名
7170,七-九级,皇室,huángshì,名
7171,七-九级,晃,huǎng,动
7172,七-九级,谎话,huǎnghuà,名
7173,七-九级,恍然大悟,huǎngrán-dàwù,
7174,七-九级,谎言,huǎngyán,名
7175,七-九级,晃,huàng,动
7176,七-九级,晃荡,huàngdang,动
7177,七-九级,辉煌,huīhuáng,形
7178,七-九级,挥霍,huīhuò,动
7179,七-九级,挥舞,huīwǔ,动
7180,七-九级,回避,huíbì,动
7181,七-九级,回归,huíguī,动
7182,七-九级,回合,huíhé,名
7183,七-九级,回馈,huíkuì,动
7184,七-九级,回落,huíluò,动
7185,七-九级,回升,huíshēng,动
7186,七-九级,回首,huíshǒu,动
7187,七-九级,回味,huíwèi,名、动
7188,七-九级,回想,huíxiǎng,动
7189,七-九级,回忆录,huíyìlù,名
7190,七-九级,回应,huíyìng,动
7191,七-九级,毁,huǐ,动
7192,七-九级,悔恨,huǐhèn,动
7193,七-九级,毁坏,huǐhuài,动
7194,七-九级,毁灭,huǐmiè,动
7195,七-九级,会场,huìchǎng,名
7196,七-九级,汇合,huìhé,动
7197,七-九级,汇集,huìjí,动
7198,七-九级,汇聚,huìjù,动
7199,七-九级,贿赂,huìlù,动、名
7200,七-九级,会面,huìmiàn,动
7201,七-九级,绘声绘色,huìshēng-huìsè,
7202,七-九级,会谈,huìtán,动
7203,七-九级,会晤,huìwù,动
7204,七-九级,会意,huìyì,动
7205,七-九级,会诊,huìzhěn,动
7206,七-九级,绘制,huìzhì,动
7207,七-九级,昏,hūn,动
7208,七-九级,荤,hūn,名
7209,七-九级,昏迷,hūnmí,动
7210,七-九级,婚纱,hūnshā,名
7211,七-九级,浑身,húnshēn,名
7212,七-九级,混淆,hùnxiáo,动
7213,七-九级,混浊,hùnzhuó,形
7214,七-九级,豁,huō,动
7215,七-九级,豁出去,huōchuqu,动
7216,七-九级,活该,huógāi,动
7217,七-九级,活期,huóqī,形
7218,七-九级,火爆,huǒbào,形
7219,七-九级,火候,huǒhou,名
7220,七-九级,火花,huǒhuā,名
7221,七-九级,火箭,huǒjiàn,名
7222,七-九级,火炬,huǒjù,名
7223,七-九级,火辣辣,huǒlàlà,形
7224,七-九级,火热,huǒrè,形
7225,七-九级,火山,huǒshān,名
7226,七-九级,伙食,huǒshí,名
7227,七-九级,火速,huǒsù,副
7228,七-九级,火腿,huǒtuǐ,名
7229,七-九级,火焰,huǒyàn,名
7230,七-九级,豁达,huòdá,形
7231,七-九级,或多或少,huòduō-huòshǎo,
7232,七-九级,祸害,huòhai,名、动
7233,七-九级,获悉,huòxī,动
7234,七-九级,货运,huòyùn,名
7235,七-九级,积,jī,动
7236,七-九级,基本功,jīběngōng,名
7237,七-九级,机舱,jīcāng,名
7238,七-九级,基层,jīcéng,名
7239,七-九级,激荡,jīdàng,动
7240,七-九级,积淀,jīdiàn,动、名
7241,七-九级,机动,jīdòng,形
7242,七-九级,肌肤,jīfū,名
7243,七-九级,机关,jīguān,名、形
7244,七-九级,激光,jīguāng,名
7245,七-九级,激化,jīhuà,动
7246,七-九级,激活,jīhuó,动
7247,七-九级,基建,jījiàn,名
7248,七-九级,基金会,jījīnhuì,名
7249,七-九级,机灵,jīling,形
7250,七-九级,机密,jīmì,形、名
7251,七-九级,激起,jīqǐ,动
7252,七-九级,激素,jīsù,名
7253,七-九级,讥笑,jīxiào,动
7254,七-九级,畸形,jīxíng,形
7255,七-九级,积蓄,jīxù,动、名
7256,七-九级,基于,jīyú,介
7257,七-九级,积攒,jīzǎn,动
7258,七-九级,激增,jīzēng,动
7259,七-九级,机智,jīzhì,形
7260,七-九级,基准,jīzhǔn,名
7261,七-九级,即,jí,副
7262,七-九级,级别,jíbié,名
7263,七-九级,急促,jícù,形
7264,七-九级,极度,jídù,副
7265,七-九级,嫉妒,jídù,动
7266,七-九级,急功近利,jígōng-jìnlì,
7267,七-九级,籍贯,jíguàn,名
7268,七-九级,集会,jíhuì,动、名
7269,七-九级,急剧,jíjù,形
7270,七-九级,即可,jíkě,动
7271,七-九级,吉利,jílì,形
7272,七-九级,极力,jílì,副
7273,七-九级,急迫,jípò,形
7274,七-九级,汲取,jíqǔ,动
7275,七-九级,即日,jírì,名
7276,七-九级,即时,jíshí,副
7277,七-九级,集市,jíshì,名
7278,七-九级,棘手,jíshǒu,形
7279,七-九级,集思广益,jísī-guǎngyì,
7280,七-九级,吉他,jítā,名
7281,七-九级,极限,jíxiàn,名
7282,七-九级,吉祥物,jíxiángwù,名
7283,七-九级,急性,jíxìng,形
7284,七-九级,急于,jíyú,动
7285,七-九级,急于求成,jíyú-qiúchéng,
7286,七-九级,急躁,jízào,形
7287,七-九级,及早,jízǎo,副
7288,七-九级,急中生智,jízhōng-shēngzhì,
7289,七-九级,集装箱,jízhuāngxiāng,名
7290,七-九级,集资,jízī,动
7291,七-九级,脊梁,jǐliáng,名
7292,七-九级,挤压,jǐyā,动
7293,七-九级,计,jì,动、名
7294,七-九级,忌,jì,动
7295,七-九级,剂,jì,名、量
7296,七-九级,继,jì,连
7297,七-九级,祭,jì,动
7298,七-九级,暨,jì,连
7299,七-九级,继而,jì’ér,连
7300,七-九级,计策,jìcè,名
7301,七-九级,祭奠,jìdiàn,动
7302,七-九级,忌妒,jìdu,动
7303,七-九级,继父,jìfù,名
7304,七-九级,记号,jìhao,名
7305,七-九级,忌讳,jìhuì,动、名
7306,七-九级,计较,jìjiào,动
7307,七-九级,寂静,jìjìng,形
7308,七-九级,忌口,jìkǒu,动
7309,七-九级,剂量,jìliàng,名
7310,七-九级,继母,jìmǔ,名
7311,七-九级,纪念碑,jìniànbēi,名
7312,七-九级,纪实,jìshí,动、名
7313,七-九级,祭祀,jìsì,动
7314,七-九级,寄托,jìtuō,动
7315,七-九级,迹象,jìxiàng,名
7316,七-九级,绩效,jìxiào,名
7317,七-九级,记性,jìxing,名
7318,七-九级,纪要,jìyào,名
7319,七-九级,记忆犹新,jìyì-yóuxīn,
7320,七-九级,家伙,jiāhuo,名
7321,七-九级,家教,jiājiào,名
7322,七-九级,佳节,jiājié,名
7323,七-九级,加紧,jiājǐn,动
7324,七-九级,家境,jiājìng,名
7325,七-九级,加盟,jiāméng,动
7326,七-九级,嘉年华,jiāniánhuá,名
7327,七-九级,家禽,jiāqín,名
7328,七-九级,家世,jiāshì,名
7329,七-九级,佳肴,jiāyáo,名
7330,七-九级,家用,jiāyòng,名、形
7331,七-九级,家喻户晓,jiāyù-hùxiǎo,
7332,七-九级,夹杂,jiāzá,动
7333,七-九级,家政,jiāzhèng,名
7334,七-九级,加之,jiāzhī,连
7335,七-九级,夹子,jiāzi,名
7336,七-九级,家族,jiāzú,名
7337,七-九级,假定,jiǎdìng,动
7338,七-九级,假冒,jiǎmào,动
7339,七-九级,假使,jiǎshǐ,连
7340,七-九级,假装,jiǎzhuāng,动
7341,七-九级,驾,jià,动、量
7342,七-九级,架势,jiàshi,名
7343,七-九级,价位,jiàwèi,名
7344,七-九级,驾驭,jiàyù,动
7345,七-九级,价值观,jiàzhíguān,名
7346,七-九级,嫁妆,jiàzhuang,名
7347,七-九级,架子,jiàzi,名
7348,七-九级,兼,jiān,动
7349,七-九级,煎,jiān,动
7350,七-九级,煎熬,jiān’áo,动
7351,七-九级,监察,jiānchá,动
7352,七-九级,尖端,jiānduān,名、形
7353,七-九级,肩负,jiānfù,动
7354,七-九级,兼顾,jiāngù,动
7355,七-九级,监管,jiānguǎn,动
7356,七-九级,坚果,jiānguǒ,名
7357,七-九级,监护,jiānhù,动
7358,七-九级,艰巨,jiānjù,形
7359,七-九级,监控,jiānkòng,动
7360,七-九级,歼灭,jiānmiè,动
7361,七-九级,坚韧,jiānrèn,形
7362,七-九级,兼任,jiānrèn,动
7363,七-九级,兼容,jiānróng,动
7364,七-九级,尖锐,jiānruì,形
7365,七-九级,坚实,jiānshí,形
7366,七-九级,监视,jiānshì,动
7367,七-九级,坚守,jiānshǒu,动
7368,七-九级,艰险,jiānxiǎn,形
7369,七-九级,坚信,jiānxìn,动
7370,七-九级,监狱,jiānyù,名
7371,七-九级,奸诈,jiānzhà,形
7372,七-九级,拣,jiǎn,动
7373,七-九级,剪彩,jiǎncǎi,动
7374,七-九级,检察,jiǎnchá,动
7375,七-九级,简称,jiǎnchēng,名、动
7376,七-九级,简短,jiǎnduǎn,形
7377,七-九级,减负,jiǎnfù,动
7378,七-九级,剪辑,jiǎnjí,动
7379,七-九级,简洁,jiǎnjié,形
7380,七-九级,简练,jiǎnliàn,形
7381,七-九级,简陋,jiǎnlòu,形
7382,七-九级,减免,jiǎnmiǎn,动
7383,七-九级,检讨,jiǎntǎo,动、名
7384,七-九级,简体字,jiǎntǐzì,名
7385,七-九级,减退,jiǎntuì,动
7386,七-九级,简要,jiǎnyào,形
7387,七-九级,简易,jiǎnyì,形
7388,七-九级,贱,jiàn,形
7389,七-九级,溅,jiàn,动
7390,七-九级,鉴别,jiànbié,动
7391,七-九级,间谍,jiàndié,名
7392,七-九级,间断,jiànduàn,动
7393,七-九级,见多识广,jiànduō-shíguǎng,
7394,七-九级,见解,jiànjiě,名
7395,七-九级,见利忘义,jiànlì-wàngyì,
7396,七-九级,健美,jiànměi,形、名
7397,七-九级,见仁见智,jiànrén-jiànzhì,
7398,七-九级,鉴赏,jiànshǎng,动
7399,七-九级,见识,jiànshi,动、名
7400,七-九级,建树,jiànshù,动、名
7401,七-九级,践踏,jiàntà,动
7402,七-九级,见外,jiànwài,形
7403,七-九级,见闻,jiànwén,名
7404,七-九级,间隙,jiànxì,名
7405,七-九级,见效,jiànxiào,动
7406,七-九级,间歇,jiànxiē,动
7407,七-九级,见义勇为,jiànyì-yǒngwéi,
7408,七-九级,鉴于,jiànyú,介、连
7409,七-九级,见证,jiànzhèng,动、名
7410,七-九级,健壮,jiànzhuàng,形
7411,七-九级,姜,jiāng,名
7412,七-九级,僵,jiāng,形
7413,七-九级,僵化,jiānghuà,动
7414,七-九级,将就,jiāngjiu,动
7415,七-九级,僵局,jiāngjú,名
7416,七-九级,江山,jiāngshān,名
7417,七-九级,僵硬,jiāngyìng,形
7418,七-九级,桨,jiǎng,名
7419,七-九级,奖杯,jiǎngbēi,名
7420,七-九级,讲理,jiǎnglǐ,动、形
7421,七-九级,奖赏,jiǎngshǎng,动
7422,七-九级,奖项,jiǎngxiàng,名
7423,七-九级,降临,jiànglín,动
7424,七-九级,焦,jiāo,形
7425,七-九级,交叉,jiāochā,动
7426,七-九级,交代,jiāodài,动
7427,七-九级,交锋,jiāofēng,动
7428,七-九级,交付,jiāofù,动
7429,七-九级,娇惯,jiāoguàn,动
7430,七-九级,交互,jiāohù,副、动
7431,七-九级,交集,jiāojí,动
7432,七-九级,焦急,jiāojí,形
7433,七-九级,交界,jiāojiè,动
7434,七-九级,交接,jiāojiē,动
7435,七-九级,交纳,jiāonà,动
7436,七-九级,胶囊,jiāonáng,名
7437,七-九级,娇气,jiāoqì,形
7438,七-九级,交情,jiāoqing,名
7439,七-九级,交涉,jiāoshè,动
7440,七-九级,礁石,jiāoshí,名
7441,七-九级,交替,jiāotì,动
7442,七-九级,交头接耳,jiāotóu-jiē’ěr,
7443,七-九级,交响乐,jiāoxiǎngyuè,名
7444,七-九级,郊游,jiāoyóu,动
7445,七-九级,焦躁,jiāozào,形
7446,七-九级,交织,jiāozhī,动
7447,七-九级,嚼,jiáo,动
7448,七-九级,绞,jiǎo,动
7449,七-九级,搅,jiǎo,动
7450,七-九级,缴,jiǎo,动
7451,七-九级,搅拌,jiǎobàn,动
7452,七-九级,狡猾,jiǎohuá,形
7453,七-九级,缴纳,jiǎonà,动
7454,七-九级,脚踏实地,jiǎotāshídì,
7455,七-九级,侥幸,jiǎoxìng,形
7456,七-九级,矫正,jiǎozhèng,动
7457,七-九级,叫板,jiàobǎn,动
7458,七-九级,轿车,jiàochē,名
7459,七-九级,叫好,jiàohǎo,动
7460,七-九级,较劲,jiàojìn,动
7461,七-九级,教科书,jiàokēshū,名
7462,七-九级,较量,jiàoliàng,动
7463,七-九级,教条,jiàotiáo,名、形
7464,七-九级,教养,jiàoyǎng,动、名
7465,七-九级,皆,jiē,副
7466,七-九级,揭,jiē,动
7467,七-九级,接二连三,jiē’èr-liánsān,
7468,七-九级,接班,jiēbān,动
7469,七-九级,接班人,jiēbānrén,名
7470,七-九级,阶层,jiēcéng,名
7471,七-九级,皆大欢喜,jiēdàhuānxǐ,
7472,七-九级,揭发,jiēfā,动
7473,七-九级,街坊,jiēfang,名
7474,七-九级,接轨,jiēguǐ,动
7475,七-九级,阶级,jiējí,名
7476,七-九级,接济,jiējì,动
7477,七-九级,接见,jiējiàn,动
7478,七-九级,接力,jiēlì,动
7479,七-九级,揭露,jiēlù,动
7480,七-九级,接纳,jiēnà,动
7481,七-九级,揭示,jiēshì,动
7482,七-九级,接手,jiēshǒu,动
7483,七-九级,接替,jiētì,动
7484,七-九级,阶梯,jiētī,名
7485,七-九级,揭晓,jiēxiǎo,动
7486,七-九级,劫,jié,动
7487,七-九级,截,jié,动、量
7488,七-九级,洁白,jiébái,形
7489,七-九级,劫持,jiéchí,动
7490,七-九级,节俭,jiéjiǎn,形
7491,七-九级,洁净,jiéjìng,形
7492,七-九级,捷径,jiéjìng,名
7493,七-九级,结晶,jiéjīng,动、名
7494,七-九级,竭尽全力,jiéjìn-quánlì,
7495,七-九级,结局,jiéjú,名
7496,七-九级,竭力,jiélì,副
7497,七-九级,节气,jiéqì,名
7498,七-九级,截然不同,jiérán-bùtóng,
7499,七-九级,结识,jiéshí,动
7500,七-九级,结算,jiésuàn,动
7501,七-九级,节衣缩食,jiéyī-suōshí,
7502,七-九级,节制,jiézhì,动
7503,七-九级,解除,jiěchú,动
7504,七-九级,解雇,jiěgù,动
7505,七-九级,解救,jiějiù,动
7506,七-九级,解渴,jiěkě,动
7507,七-九级,解剖,jiěpōu,动
7508,七-九级,解散,jiěsàn,动
7509,七-九级,解体,jiětǐ,动
7510,七-九级,解脱,jiětuō,动
7511,七-九级,解围,jiěwéi,动
7512,七-九级,解析,jiěxī,动
7513,七-九级,解约,jiěyuē,动
7514,七-九级,戒,jiè,动
7515,七-九级,界,jiè,名、后缀
7516,七-九级,戒备,jièbèi,动
7517,七-九级,界定,jièdìng,动
7518,七-九级,借口,jièkǒu,名
7519,七-九级,介入,jièrù,动
7520,七-九级,届时,jièshí,副
7521,七-九级,借条,jiètiáo,名
7522,七-九级,界限,jièxiàn,名
7523,七-九级,界线,jièxiàn,名
7524,七-九级,介意,jièyì,动
7525,七-九级,借用,jièyòng,动
7526,七-九级,介于,jièyú,动
7527,七-九级,筋,jīn,名
7528,七-九级,禁不住,jīnbuzhù,动
7529,七-九级,津津有味,jīnjīn-yǒuwèi,
7530,七-九级,尽,jǐn,动、副
7531,七-九级,紧凑,jǐncòu,形
7532,七-九级,紧迫,jǐnpò,形
7533,七-九级,锦旗,jǐnqí,名
7534,七-九级,紧缺,jǐnquē,形
7535,七-九级,锦上添花,jǐnshàng-tiānhuā,
7536,七-九级,紧缩,jǐnsuō,动
7537,七-九级,尽早,jǐnzǎo,副
7538,七-九级,劲,jìn,名
7539,七-九级,进程,jìnchéng,名
7540,七-九级,进攻,jìngōng,动
7541,七-九级,晋级,jìnjí,动
7542,七-九级,禁忌,jìnjì,名、动
7543,七-九级,进军,jìnjūn,动
7544,七-九级,浸泡,jìnpào,动
7545,七-九级,尽情,jìnqíng,副
7546,七-九级,进取,jìnqǔ,动
7547,七-九级,禁区,jìnqū,名
7548,七-九级,晋升,jìnshēng,动
7549,七-九级,尽头,jìntóu,名
7550,七-九级,劲头,jìntóu,名
7551,七-九级,进修,jìnxiū,动
7552,七-九级,茎,jīng,名
7553,七-九级,经,jīng,动
7554,七-九级,精,jīng,形
7555,七-九级,鲸,jīng,名
7556,七-九级,精彩纷呈,jīngcǎi-fēnchéng,
7557,七-九级,精打细算,jīngdǎ-xìsuàn,
7558,七-九级,惊动,jīngdòng,动
7559,七-九级,经度,jīngdù,名
7560,七-九级,精度,jīngdù,名
7561,七-九级,经费,jīngfèi,名
7562,七-九级,精华,jīnghuá,名
7563,七-九级,惊慌,jīnghuāng,形
7564,七-九级,惊慌失措,jīnghuāng-shīcuò,
7565,七-九级,荆棘,jīngjí,名
7566,七-九级,精简,jīngjiǎn,动
7567,七-九级,兢兢业业,jīngjīngyèyè,形
7568,七-九级,经久不息,jīngjiǔ-bùxī,
7569,七-九级,精练,jīngliàn,形
7570,七-九级,经贸,jīngmào,名
7571,七-九级,精密,jīngmì,形
7572,七-九级,精妙,jīngmiào,形
7573,七-九级,精明,jīngmíng,形
7574,七-九级,精疲力竭,jīngpí-lìjié,
7575,七-九级,精品,jīngpǐn,名
7576,七-九级,惊奇,jīngqí,形
7577,七-九级,精巧,jīngqiǎo,形
7578,七-九级,精神,jīngshén,名
7579,七-九级,精神病,jīngshénbìng,名
7580,七-九级,经受,jīngshòu,动
7581,七-九级,精髓,jīngsuǐ,名
7582,七-九级,惊叹,jīngtàn,动
7583,七-九级,惊天动地,jīngtiān-dòngdì,
7584,七-九级,精细,jīngxì,形
7585,七-九级,惊吓,jīngxià,动
7586,七-九级,惊险,jīngxiǎn,形
7587,七-九级,惊心动魄,jīngxīn-dòngpò,
7588,七-九级,晶莹,jīngyíng,形
7589,七-九级,精英,jīngyīng,名
7590,七-九级,精益求精,jīngyìqiújīng,
7591,七-九级,精湛,jīngzhàn,形
7592,七-九级,警报,jǐngbào,名
7593,七-九级,井底之蛙,jǐngdǐzhīwā,
7594,七-九级,警戒,jǐngjiè,动
7595,七-九级,警犬,jǐngquǎn,名
7596,七-九级,警示,jǐngshì,动
7597,七-九级,警惕,jǐngtì,动
7598,七-九级,警钟,jǐngzhōng,名
7599,七-九级,竟,jìng,副
7600,七-九级,敬,jìng,动
7601,七-九级,敬爱,jìng’ài,动
7602,七-九级,敬而远之,jìng’éryuǎnzhī,
7603,七-九级,境地,jìngdì,名
7604,七-九级,净化,jìnghuà,动
7605,七-九级,竞技,jìngjì,动
7606,七-九级,境界,jìngjiè,名
7607,七-九级,敬礼,jìnglǐ,动
7608,七-九级,境内,jìngnèi,名
7609,七-九级,敬佩,jìngpèi,动
7610,七-九级,敬请,jìngqǐng,动
7611,七-九级,境外,jìngwài,名
7612,七-九级,敬畏,jìngwèi,动
7613,七-九级,竞相,jìngxiāng,副
7614,七-九级,竞选,jìngxuǎn,动
7615,七-九级,敬业,jìngyè,动
7616,七-九级,敬意,jìngyì,名
7617,七-九级,境遇,jìngyù,名
7618,七-九级,径直,jìngzhí,副
7619,七-九级,静止,jìngzhǐ,动
7620,七-九级,敬重,jìngzhòng,动
7621,七-九级,窘迫,jiǒngpò,形
7622,七-九级,揪,jiū,动
7623,七-九级,纠缠,jiūchán,动
7624,七-九级,酒楼,jiǔlóu,名
7625,七-九级,久违,jiǔwéi,动
7626,七-九级,久仰,jiǔyǎng,动
7627,七-九级,就餐,jiùcān,动
7628,七-九级,就此,jiùcǐ,副
7629,七-九级,就地,jiùdì,副
7630,七-九级,救济,jiùjì,动
7631,七-九级,就近,jiùjìn,副
7632,七-九级,就任,jiùrèn,动
7633,七-九级,救死扶伤,jiùsǐ-fúshāng,
7634,七-九级,就绪,jiùxù,动
7635,七-九级,就医,jiùyī,动
7636,七-九级,就诊,jiùzhěn,动
7637,七-九级,就职,jiùzhí,动
7638,七-九级,救治,jiùzhì,动
7639,七-九级,就座,jiùzuò,动
7640,七-九级,居安思危,jū’ān-sīwēi,
7641,七-九级,居高不下,jūgāo bú xià,
7642,七-九级,鞠躬,jūgōng,动
7643,七-九级,拘留,jūliú,动
7644,七-九级,拘束,jūshù,动、形
7645,七-九级,居于,jūyú,动
7646,七-九级,局部,júbù,名
7647,七-九级,局势,júshì,名
7648,七-九级,举报,jǔbào,动
7649,七-九级,举措,jǔcuò,名
7650,七-九级,咀嚼,jǔjué,动
7651,七-九级,举棋不定,jǔqí-búdìng,
7652,七-九级,沮丧,jǔsàng,形
7653,七-九级,举世瞩目,jǔshì-zhǔmù,
7654,七-九级,举一反三,jǔyī-fǎnsān,
7655,七-九级,举止,jǔzhǐ,名
7656,七-九级,举重,jǔzhòng,名
7657,七-九级,举足轻重,jǔzú-qīngzhòng,
7658,七-九级,剧变,jùbiàn,动
7659,七-九级,巨额,jù’é,形
7660,七-九级,聚焦,jùjiāo,动
7661,七-九级,聚精会神,jùjīng-huìshén,
7662,七-九级,剧目,jùmù,名
7663,七-九级,剧情,jùqíng,名
7664,七-九级,巨人,jùrén,名
7665,七-九级,巨头,jùtóu,名
7666,七-九级,据悉,jùxī,动
7667,七-九级,圈,juān,动
7668,七-九级,捐献,juānxiàn,动
7669,七-九级,卷入,juǎnrù,动
7670,七-九级,圈,juàn,名
7671,七-九级,绝,jué,动、形、副
7672,七-九级,绝技,juéjì,名
7673,七-九级,绝迹,juéjì,动
7674,七-九级,倔强,juéjiàng,形
7675,七-九级,崛起,juéqǐ,动
7676,七-九级,诀窍,juéqiào,名
7677,七-九级,觉悟,juéwù,动、名
7678,七-九级,觉醒,juéxǐng,动
7679,七-九级,决议,juéyì,名
7680,七-九级,绝缘,juéyuán,动
7681,七-九级,抉择,juézé,动
7682,七-九级,角逐,juézhú,动
7683,七-九级,倔,juè,形
7684,七-九级,均,jūn,形、动、副
7685,七-九级,军官,jūnguān,名
7686,七-九级,均衡,jūnhéng,形
7687,七-九级,军舰,jūnjiàn,名
7688,七-九级,军事,jūnshì,名
7689,七-九级,君子,jūnzǐ,名
7690,七-九级,俊,jùn,形
7691,七-九级,竣工,jùngōng,动
7692,七-九级,骏马,jùnmǎ,名
7693,七-九级,俊俏,jùnqiào,形
7694,七-九级,卡车,kǎchē,名
7695,七-九级,卡通,kǎtōng,名
7696,七-九级,开办,kāibàn,动
7697,七-九级,开采,kāicǎi,动
7698,七-九级,开场,kāichǎng,动
7699,七-九级,开场白,kāichǎngbái,名
7700,七-九级,开除,kāichú,动
7701,七-九级,开动,kāidòng,动
7702,七-九级,开发区,kāifāqū,名
7703,七-九级,开发商,kāifāshāng,名
7704,七-九级,开工,kāigōng,动
7705,七-九级,开垦,kāikěn,动
7706,七-九级,开阔,kāikuò,形、动
7707,七-九级,开朗,kāilǎng,形
7708,七-九级,开明,kāimíng,形
7709,七-九级,开辟,kāipì,动
7710,七-九级,开天辟地,kāitiān-pìdì,
7711,七-九级,开庭,kāitíng,动
7712,七-九级,开拓,kāituò,动
7713,七-九级,开销,kāixiāo,动、名
7714,七-九级,开张,kāizhāng,动
7715,七-九级,开支,kāizhī,名
7716,七-九级,楷模,kǎimó,名
7717,七-九级,凯旋,kǎixuán,动
7718,七-九级,堪称,kānchēng,动
7719,七-九级,刊登,kāndēng,动
7720,七-九级,看护,kānhù,动
7721,七-九级,看守,kānshǒu,动
7722,七-九级,勘探,kāntàn,动
7723,七-九级,刊物,kānwù,名
7724,七-九级,砍伐,kǎnfá,动
7725,七-九级,侃侃而谈,kǎnkǎn’értán,
7726,七-九级,坎坷,kǎnkě,形
7727,七-九级,看台,kàntái,名
7728,七-九级,慷慨,kāngkǎi,形
7729,七-九级,看管,kānguǎn,动
7730,七-九级,扛,káng,动
7731,七-九级,抗衡,kànghéng,动
7732,七-九级,抗拒,kàngjù,动
7733,七-九级,抗生素,kàngshēngsù,名
7734,七-九级,抗议,kàngyì,动
7735,七-九级,抗争,kàngzhēng,动
7736,七-九级,考查,kǎochá,动
7737,七-九级,考量,kǎoliáng,动
7738,七-九级,靠拢,kàolǒng,动
7739,七-九级,磕,kē,动
7740,七-九级,苛刻,kēkè,形
7741,七-九级,颗粒,kēlì,名
7742,七-九级,壳,ké,名
7743,七-九级,可悲,kěbēi,形
7744,七-九级,可不是,kěbúshi,副
7745,七-九级,可乘之机,kěchéngzhījī,
7746,七-九级,可耻,kěchǐ,形
7747,七-九级,可观,kěguān,形
7748,七-九级,可贵,kěguì,形
7749,七-九级,可谓,kěwèi,动
7750,七-九级,可恶,kěwù,形
7751,七-九级,可想而知,kěxiǎng’érzhī,
7752,七-九级,可笑,kěxiào,形
7753,七-九级,可疑,kěyí,形
7754,七-九级,刻不容缓,kèbùrónghuǎn,
7755,七-九级,客房,kèfáng,名
7756,七-九级,刻画,kèhuà,动
7757,七-九级,客机,kèjī,名
7758,七-九级,刻苦,kèkǔ,形
7759,七-九级,客流,kèliú,名
7760,七-九级,克隆,kèlóng,动
7761,七-九级,刻意,kèyì,副
7762,七-九级,客运,kèyùn,名
7763,七-九级,克制,kèzhì,动
7764,七-九级,刻舟求剑,kèzhōu-qiújiàn,
7765,七-九级,啃,kěn,动
7766,七-九级,恳切,kěnqiè,形
7767,七-九级,恳求,kěnqiú,动
7768,七-九级,坑,kēng,名、动
7769,七-九级,空荡荡,kōngdàngdàng,形
7770,七-九级,空洞,kōngdòng,名、形
7771,七-九级,空间站,kōngjiānzhàn,名
7772,七-九级,空军,kōngjūn,名
7773,七-九级,空难,kōngnàn,名
7774,七-九级,空前,kōngqián,动
7775,七-九级,空想,kōngxiǎng,动、名
7776,七-九级,空虚,kōngxū,形
7777,七-九级,孔,kǒng,名
7778,七-九级,恐怖,kǒngbù,形
7779,七-九级,恐吓,kǒnghè,动
7780,七-九级,恐慌,kǒnghuāng,形
7781,七-九级,恐龙,kǒnglóng,名
7782,七-九级,空白,kòngbái,名
7783,七-九级,控告,kònggào,动
7784,七-九级,空隙,kòngxì,名
7785,七-九级,抠,kōu,动、形
7786,七-九级,口岸,kǒu’àn,名
7787,七-九级,口碑,kǒubēi,名
7788,七-九级,口才,kǒucái,名
7789,七-九级,口吃,kǒuchī,动
7790,七-九级,口径,kǒujìng,名
7791,七-九级,口令,kǒulìng,名
7792,七-九级,口气,kǒuqì,名
7793,七-九级,口哨儿,kǒushàor,名
7794,七-九级,口水,kǒushuǐ,名
7795,七-九级,口头禅,kǒutóuchán,名
7796,七-九级,口香糖,kǒuxiāngtáng,名
7797,七-九级,口音,kǒuyīn,名
7798,七-九级,口罩,kǒuzhào,名
7799,七-九级,口子,kǒuzi,名
7800,七-九级,扣除,kòuchú,动
7801,七-九级,扣留,kòuliú,动
7802,七-九级,扣人心弦,kòurénxīnxián,
7803,七-九级,扣押,kòuyā,动
7804,七-九级,枯竭,kūjié,形
7805,七-九级,窟窿,kūlong,名
7806,七-九级,哭泣,kūqì,动
7807,七-九级,枯萎,kūwěi,形
7808,七-九级,哭笑不得,kūxiào-bùdé,
7809,七-九级,苦尽甘来,kǔjìn-gānlái,
7810,七-九级,苦难,kǔnàn,名
7811,七-九级,苦恼,kǔnǎo,形
7812,七-九级,苦涩,kǔsè,形
7813,七-九级,苦笑,kǔxiào,动
7814,七-九级,苦心,kǔxīn,名、副
7815,七-九级,库存,kùcún,名
7816,七-九级,酷似,kùsì,动
7817,七-九级,夸大,kuādà,动
7818,七-九级,夸夸其谈,kuākuā-qítán,
7819,七-九级,夸耀,kuāyào,动
7820,七-九级,垮,kuǎ,动
7821,七-九级,挎,kuà,动
7822,七-九级,跨,kuà,动
7823,七-九级,跨度,kuàdù,名
7824,七-九级,跨国,kuàguó,动
7825,七-九级,跨越,kuàyuè,动
7826,七-九级,快活,kuàihuo,形
7827,七-九级,宽敞,kuānchang,形
7828,七-九级,宽泛,kuānfàn,形
7829,七-九级,宽广,kuānguǎng,形
7830,七-九级,宽厚,kuānhòu,形
7831,七-九级,宽阔,kuānkuò,形
7832,七-九级,宽容,kuānróng,动
7833,七-九级,宽恕,kuānshù,动
7834,七-九级,宽松,kuānsōng,形
7835,七-九级,款待,kuǎndài,动
7836,七-九级,款项,kuǎnxiàng,名
7837,七-九级,筐,kuāng,名
7838,七-九级,狂,kuáng,形
7839,七-九级,狂欢,kuánghuān,动
7840,七-九级,狂热,kuángrè,形
7841,七-九级,矿,kuàng,名
7842,七-九级,框,kuàng,名、动
7843,七-九级,矿藏,kuàngcáng,名
7844,七-九级,矿产,kuàngchǎn,名
7845,七-九级,框架,kuàngjià,名
7846,七-九级,旷课,kuàngkè,动
7847,七-九级,况且,kuàngqiě,连
7848,七-九级,亏本,kuīběn,动
7849,七-九级,亏待,kuīdài,动
7850,七-九级,捆,kǔn,动、名、量
7851,七-九级,困惑,kùnhuò,形、动
7852,七-九级,困境,kùnjìng,名
7853,七-九级,扩,kuò,动
7854,七-九级,扩充,kuòchōng,动
7855,七-九级,阔绰,kuòchuò,形
7856,七-九级,括号,kuòhào,名
7857,七-九级,扩建,kuòjiàn,动
7858,七-九级,扩散,kuòsàn,动
7859,七-九级,扩张,kuòzhāng,动
7860,七-九级,拉动,lādòng,动
7861,七-九级,啦啦队,lālāduì,名
7862,七-九级,拉链,lāliàn,名
7863,七-九级,拉拢,lālǒng,动
7864,七-九级,喇叭,lǎba,名
7865,七-九级,蜡,là,名
7866,七-九级,腊月,làyuè,名
7867,七-九级,蜡烛,làzhú,名
7868,七-九级,来宾,láibīn,名
7869,七-九级,来电,láidiàn,动、名
7870,七-九级,来访,láifǎng,动
7871,七-九级,来回,láihuí,动、名、副
7872,七-九级,来历,láilì,名
7873,七-九级,来龙去脉,láilóng-qùmài,
7874,七-九级,来年,láinián,名
7875,七-九级,来之不易,láizhī-búyì,
7876,七-九级,栏杆,lángān,名
7877,七-九级,栏目,lánmù,名
7878,七-九级,蓝图,lántú,名
7879,七-九级,揽,lǎn,动
7880,七-九级,缆车,lǎnchē,名
7881,七-九级,懒得,lǎnde,动
7882,七-九级,懒惰,lǎnduò,形
7883,七-九级,滥用,lànyòng,动
7884,七-九级,狼狈,lángbèi,形
7885,七-九级,狼吞虎咽,lángtūn-hǔyàn,
7886,七-九级,朗诵,lǎngsòng,动
7887,七-九级,捞,lāo,动
7888,七-九级,唠叨,láodao,动
7889,七-九级,牢固,láogù,形
7890,七-九级,牢记,láojì,动
7891,七-九级,劳驾,láojià,动
7892,七-九级,牢牢,láoláo,副
7893,七-九级,劳累,láolèi,形
7894,七-九级,牢骚,láosāo,名
7895,七-九级,劳务,láowù,名
7896,七-九级,老伴儿,lǎobànr,名
7897,七-九级,老大,lǎodà,形、副
7898,七-九级,老化,lǎohuà,动
7899,七-九级,老人家,lǎorenjia,名
7900,七-九级,老乡,lǎoxiāng,名
7901,七-九级,老字号,lǎozìhao,名
7902,七-九级,涝,lào,形
7903,七-九级,乐此不疲,lècǐ-bùpí,
7904,七-九级,乐意,lèyì,动、形
7905,七-九级,乐园,lèyuán,名
7906,七-九级,勒,lēi,动
7907,七-九级,雷达,léidá,名
7908,七-九级,雷同,léitóng,形
7909,七-九级,累赘,léizhui,形、动、名
7910,七-九级,累计,lěijì,动
7911,七-九级,累积,lěijī,动
7912,七-九级,棱角,léngjiǎo,名
7913,七-九级,冷淡,lěngdàn,形、动
7914,七-九级,冷冻,lěngdòng,动
7915,七-九级,冷酷,lěngkù,形
7916,七-九级,冷落,lěngluò,形、动
7917,七-九级,冷门,lěngmén,名
7918,七-九级,冷漠,lěngmò,形
7919,七-九级,冷气,lěngqì,名
7920,七-九级,冷却,lěngquè,动
7921,七-九级,冷战,lěngzhàn,名
7922,七-九级,愣,lèng,动、形、副
7923,七-九级,黎明,límíng,名
7924,七-九级,离谱儿,lípǔr,形
7925,七-九级,离奇,líqí,形
7926,七-九级,理睬,lǐcǎi,动
7927,七-九级,里程碑,lǐchéngbēi,名
7928,七-九级,礼服,lǐfú,名
7929,七-九级,理会,lǐhuì,动
7930,七-九级,礼节,lǐjié,名
7931,七-九级,礼品,lǐpǐn,名
7932,七-九级,礼尚往来,lǐshàngwǎnglái,
7933,七-九级,理事,lǐshì,动、名
7934,七-九级,理所当然,lǐsuǒdāngrán,
7935,七-九级,礼堂,lǐtáng,名
7936,七-九级,礼仪,lǐyí,名
7937,七-九级,鲤鱼,lǐyú,名
7938,七-九级,理智,lǐzhì,名、形
7939,七-九级,理直气壮,lǐzhí-qìzhuàng,
7940,七-九级,立案,lì’àn,动
7941,七-九级,利弊,lìbì,名
7942,七-九级,力不从心,lìbùcóngxīn,
7943,七-九级,历程,lìchéng,名
7944,七-九级,历代,lìdài,名
7945,七-九级,立法,lìfǎ,动
7946,七-九级,立方,lìfāng,名、量
7947,七-九级,立方米,lìfāngmǐ,量
7948,七-九级,立功,lìgōng,动
7949,七-九级,利害,lìhài,名
7950,七-九级,立交桥,lìjiāoqiáo,名
7951,七-九级,历届,lìjiè,形
7952,七-九级,历来,lìlái,副
7953,七-九级,莅临,lìlín,动
7954,七-九级,利率,lìlǜ,名
7955,七-九级,力求,lìqiú,动
7956,七-九级,历时,lìshí,动、形
7957,七-九级,利索,lìsuo,形
7958,七-九级,力所能及,lìsuǒnéngjí,
7959,七-九级,立体,lìtǐ,形、名
7960,七-九级,力争,lìzhēng,动
7961,七-九级,励志,lìzhì,动
7962,七-九级,立足,lìzú,动
7963,七-九级,连贯,liánguàn,动
7964,七-九级,联欢,liánhuān,动
7965,七-九级,廉价,liánjià,形
7966,七-九级,廉洁,liánjié,形
7967,七-九级,连连,liánlián,副
7968,七-九级,联络,liánluò,动
7969,七-九级,联盟,liánméng,名
7970,七-九级,连绵,liánmián,动
7971,七-九级,连年,liánnián,动
7972,七-九级,连任,liánrèn,动
7973,七-九级,联赛,liánsài,名
7974,七-九级,联手,liánshǒu,动
7975,七-九级,连锁,liánsuǒ,形
7976,七-九级,连同,liántóng,连
7977,七-九级,怜惜,liánxī,动
7978,七-九级,连夜,liányè,副、动
7979,七-九级,廉正,liánzhèng,形
7980,七-九级,帘子,liánzi,名
7981,七-九级,莲子,liánzǐ,名
7982,七-九级,脸颊,liǎnjiá,名
7983,七-九级,炼,liàn,动
7984,七-九级,恋恋不舍,liànliàn-bùshě,
7985,七-九级,良,liáng,副
7986,七-九级,凉爽,liángshuǎng,形
7987,七-九级,良心,liángxīn,名
7988,七-九级,良性,liángxìng,形
7989,七-九级,两口子,liǎngkǒuzi,名
7990,七-九级,两栖,liǎngqī,动
7991,七-九级,两手,liǎngshǒu,名
7992,七-九级,两下子,liǎngxiàzi,数量、名
7993,七-九级,两翼,liǎngyì,名
7994,七-九级,亮点,liàngdiǎn,名
7995,七-九级,量化,liànghuà,动
7996,七-九级,谅解,liàngjiě,动
7997,七-九级,亮丽,liànglì,形
7998,七-九级,亮相,liàngxiàng,动
7999,七-九级,潦草,liáocǎo,形
8000,七-九级,疗法,liáofǎ,名
8001,七-九级,辽阔,liáokuò,形
8002,七-九级,寥寥无几,liáoliáo-wújǐ,
8003,七-九级,疗效,liáoxiào,名
8004,七-九级,疗养,liáoyǎng,动
8005,七-九级,了结,liǎojié,动
8006,七-九级,料理,liàolǐ,动、名
8007,七-九级,咧嘴,liězuǐ,动
8008,七-九级,裂,liè,动
8009,七-九级,裂缝,lièfèng,动、名
8010,七-九级,裂痕,lièhén,名
8011,七-九级,列举,lièjǔ,动
8012,七-九级,猎人,lièrén,名
8013,七-九级,烈日,lièrì,名
8014,七-九级,劣势,lièshì,名
8015,七-九级,烈士,lièshì,名
8016,七-九级,猎物,lièwù,名
8017,七-九级,劣质,lièzhì,形
8018,七-九级,拎,līn,动
8019,七-九级,临,lín,动、介
8020,七-九级,临床,línchuáng,动
8021,七-九级,临街,línjiē,动
8022,七-九级,临近,línjìn,动
8023,七-九级,吝啬,lìnsè,形
8024,七-九级,灵,líng,形、名
8025,七-九级,灵感,línggǎn,名
8026,七-九级,灵魂,línghún,名
8027,七-九级,零件,língjiàn,名
8028,七-九级,灵机一动,língjī-yídòng,
8029,七-九级,灵敏,língmǐn,形
8030,七-九级,灵巧,língqiǎo,形
8031,七-九级,零售,língshòu,动
8032,七-九级,零碎,língsuì,形、名
8033,七-九级,聆听,língtīng,动
8034,七-九级,灵通,língtōng,形
8035,七-九级,零星,língxīng,形
8036,七-九级,领队,lǐngduì,动、名
8037,七-九级,领会,lǐnghuì,动
8038,七-九级,领军,lǐngjūn,动
8039,七-九级,领略,lǐnglüè,动
8040,七-九级,领事,lǐngshì,名
8041,七-九级,领事馆,lǐngshìguǎn,名
8042,七-九级,领土,lǐngtǔ,名
8043,七-九级,领悟,lǐngwù,动
8044,七-九级,领袖,lǐngxiù,名
8045,七-九级,领养,lǐngyǎng,动
8046,七-九级,溜,liū,动
8047,七-九级,溜达,liūda,动
8048,七-九级,流畅,liúchàng,形
8049,七-九级,流浪,liúlàng,动
8050,七-九级,留恋,liúliàn,动
8051,七-九级,流露,liúlù,动
8052,七-九级,流氓,liúmáng,名
8053,七-九级,留念,liúniàn,动
8054,七-九级,流派,liúpài,名
8055,七-九级,留神,liúshén,动
8056,七-九级,流逝,liúshì,动
8057,七-九级,流失,liúshī,动
8058,七-九级,流水,liúshuǐ,名
8059,七-九级,流淌,liútǎng,动
8060,七-九级,流向,liúxiàng,名
8061,七-九级,留心,liúxīn,动
8062,七-九级,流血,liúxuè,动
8063,七-九级,留意,liúyì,动
8064,七-九级,流域,liúyù,名
8065,七-九级,流转,liúzhuǎn,动
8066,七-九级,柳树,liǔshù,名
8067,七-九级,遛,liù,动
8068,七-九级,聋,lóng,形
8069,七-九级,龙头,lóngtóu,名
8070,七-九级,隆重,lóngzhòng,形
8071,七-九级,笼子,lóngzi,名
8072,七-九级,垄断,lǒngduàn,动
8073,七-九级,笼统,lǒngtǒng,形
8074,七-九级,笼罩,lǒngzhào,动
8075,七-九级,搂,lǒu,动
8076,七-九级,露面,lòumiàn,动
8077,七-九级,炉子,lúzi,名
8078,七-九级,鲁莽,lǔmǎng,形
8079,七-九级,卤味,lǔwèi,名
8080,七-九级,鹿,lù,名
8081,七-九级,露2,lù,名
8082,七-九级,路段,lùduàn,名
8083,七-九级,路径,lùjìng,名
8084,七-九级,陆军,lùjūn,名
8085,七-九级,露天,lùtiān,名、形
8086,七-九级,路途,lùtú,名
8087,七-九级,露营,lùyíng,动
8088,七-九级,路子,lùzi,名
8089,七-九级,屡,lǚ,副
8090,七-九级,缕,lǚ,量
8091,七-九级,屡次,lǚcì,副
8092,七-九级,屡屡,lǚlǚ,副
8093,七-九级,绿地,lǜdì,名
8094,七-九级,绿洲,lǜzhōu,名
8095,七-九级,孪生,luánshēng,形
8096,七-九级,卵,luǎn,名
8097,七-九级,乱七八糟,luànqībāzāo,
8098,七-九级,略,lüè,形、动、副
8099,七-九级,掠夺,lüèduó,动
8100,七-九级,略微,lüèwēi,副
8101,七-九级,抡,lūn,动
8102,七-九级,轮换,lúnhuàn,动
8103,七-九级,轮廓,lúnkuò,名
8104,七-九级,伦理,lúnlǐ,名
8105,七-九级,轮胎,lúntāi,名
8106,七-九级,论述,lùnshù,动
8107,七-九级,论证,lùnzhèng,动、名
8108,七-九级,啰唆,luōsuo,形、动
8109,七-九级,萝卜,luóbo,名
8110,七-九级,螺丝,luósī,名
8111,七-九级,裸,luǒ,动
8112,七-九级,裸露,luǒlù,动
8113,七-九级,裸体,luǒtǐ,动、名
8114,七-九级,落差,luòchā,名
8115,七-九级,落成,luòchéng,动
8116,七-九级,落户,luòhù,动
8117,七-九级,落实,luòshí,动
8118,七-九级,络绎不绝,luòyì-bùjué,
8119,七-九级,麻1,má,形
8120,七-九级,麻2,má,名
8121,七-九级,麻痹,mábì,动、形
8122,七-九级,麻将,májiàng,名
8123,七-九级,麻辣,málà,形
8124,七-九级,麻木,mámù,形
8125,七-九级,麻醉,mázuì,动
8126,七-九级,码1,mǎ,量
8127,七-九级,码2,mǎ,动
8128,七-九级,马后炮,mǎhòupào,名
8129,七-九级,马力,mǎlì,量
8130,七-九级,马桶,mǎtǒng,名
8131,七-九级,埋藏,máicáng,动
8132,七-九级,埋伏,máifú,动
8133,七-九级,埋没,máimò,动
8134,七-九级,埋头苦干,máitóu-kǔgàn,
8135,七-九级,埋葬,máizàng,动
8136,七-九级,脉搏,màibó,名
8137,七-九级,脉络,màiluò,名
8138,七-九级,瞒,mán,动
8139,七-九级,埋怨,mányuàn,动
8140,七-九级,满怀,mǎnhuái,动、名
8141,七-九级,漫,màn,动
8142,七-九级,慢性,mànxìng,形
8143,七-九级,蔓延,mànyán,动
8144,七-九级,漫游,mànyóu,动
8145,七-九级,忙活,mánghuo,动
8146,七-九级,忙乱,mángluàn,形
8147,七-九级,茫茫,mángmáng,形
8148,七-九级,盲目,mángmù,形
8149,七-九级,茫然,mángrán,形
8150,七-九级,矛头,máotóu,名
8151,七-九级,冒充,màochōng,动
8152,七-九级,冒犯,màofàn,动
8153,七-九级,冒昧,màomèi,形
8154,七-九级,茂密,màomì,形
8155,七-九级,茂盛,màoshèng,形
8156,七-九级,枚,méi,量
8157,七-九级,媒介,méijiè,名
8158,七-九级,没劲,méijìn,动、形
8159,七-九级,眉开眼笑,méikāi-yǎnxiào,
8160,七-九级,煤气,méiqì,名
8161,七-九级,煤炭,méitàn,名
8162,七-九级,没完没了,méiwán-méiliǎo,
8163,七-九级,没辙,méizhé,动
8164,七-九级,没准儿,méizhǔnr,动
8165,七-九级,美德,měidé,名
8166,七-九级,美化,měihuà,动
8167,七-九级,美满,měimǎn,形
8168,七-九级,美妙,měimiào,形
8169,七-九级,美容,měiróng,动
8170,七-九级,美学,měixué,名
8171,七-九级,美誉,měiyù,名
8172,七-九级,美中不足,měizhōng-bùzú,
8173,七-九级,美滋滋,měizīzī,形
8174,七-九级,闷,mēn,形、动
8175,七-九级,闷热,mēnrè,形
8176,七-九级,门槛,ménkǎn,名
8177,七-九级,门路,ménlu,名
8178,七-九级,闷,mèn,形
8179,七-九级,蒙,mēng,动
8180,七-九级,蒙,méng,动
8181,七-九级,萌发,méngfā,动
8182,七-九级,朦胧,ménglóng,形
8183,七-九级,萌芽,méngyá,动、名
8184,七-九级,盟友,méngyǒu,名
8185,七-九级,猛,měng,形
8186,七-九级,猛烈,měngliè,形
8187,七-九级,猛然,měngrán,副
8188,七-九级,梦幻,mènghuàn,名
8189,七-九级,梦寐以求,mèngmèiyǐqiú,
8190,七-九级,眯,mī,动
8191,七-九级,谜,mí,名
8192,七-九级,谜底,mídǐ,名
8193,七-九级,迷惑,míhuò,形、动
8194,七-九级,迷恋,míliàn,动
8195,七-九级,弥漫,mímàn,动
8196,七-九级,迷失,míshī,动
8197,七-九级,谜团,mítuán,名
8198,七-九级,迷信,míxìn,动
8199,七-九级,谜语,míyǔ,名
8200,七-九级,密布,mìbù,动
8201,七-九级,秘方,mìfāng,名
8202,七-九级,密封,mìfēng,动
8203,七-九级,秘诀,mìjué,名
8204,七-九级,蜜月,mìyuè,名
8205,七-九级,棉花,miánhuā,名
8206,七-九级,免不了,miǎnbuliǎo,动
8207,七-九级,免除,miǎnchú,动
8208,七-九级,免得,miǎnde,连
8209,七-九级,缅怀,miǎnhuái,动
8210,七-九级,勉励,miǎnlì,动
8211,七-九级,腼腆,miǎntiǎn,形
8212,七-九级,免职,miǎnzhí,动
8213,七-九级,面红耳赤,miànhóng-ěrchì,
8214,七-九级,面孔,miànkǒng,名
8215,七-九级,面貌,miànmào,名
8216,七-九级,面面俱到,miànmiàn-jùdào,
8217,七-九级,面目全非,miànmù-quánfēi,
8218,七-九级,苗,miáo,名
8219,七-九级,苗条,miáotiao,形
8220,七-九级,苗头,miáotou,名
8221,七-九级,瞄准,miáozhǔn,动
8222,七-九级,藐视,miǎoshì,动
8223,七-九级,渺小,miǎoxiǎo,形
8224,七-九级,庙,miào,名
8225,七-九级,庙会,miàohuì,名
8226,七-九级,灭绝,mièjué,动
8227,七-九级,蔑视,mièshì,动
8228,七-九级,灭亡,mièwáng,动
8229,七-九级,民办,mínbàn,形
8230,七-九级,民居,mínjū,名
8231,七-九级,民生,mínshēng,名
8232,七-九级,民事,mínshì,形
8233,七-九级,民意,mínyì,名
8234,七-九级,民营,mínyíng,形
8235,七-九级,民用,mínyòng,形
8236,七-九级,敏捷,mǐnjié,形
8237,七-九级,敏锐,mǐnruì,形
8238,七-九级,鸣,míng,动
8239,七-九级,名次,míngcì,名
8240,七-九级,名副其实,míngfùqíshí,
8241,七-九级,名贵,míngguì,形
8242,七-九级,铭记,míngjì,动
8243,七-九级,明朗,mínglǎng,形
8244,七-九级,名利,mínglì,名
8245,七-九级,明媚,míngmèi,形
8246,七-九级,名声,míngshēng,名
8247,七-九级,名言,míngyán,名
8248,七-九级,名义,míngyì,名
8249,七-九级,名誉,míngyù,名、形
8250,七-九级,明智,míngzhì,形
8251,七-九级,名著,míngzhù,名
8252,七-九级,命2,mìng,动
8253,七-九级,摸索,mōsuǒ,动
8254,七-九级,膜,mó,名
8255,七-九级,磨,mó,动
8256,七-九级,摩擦,mócā,动、名
8257,七-九级,魔法,mófǎ,名
8258,七-九级,模范,mófàn,名、形
8259,七-九级,蘑菇,mógu,名
8260,七-九级,魔鬼,móguǐ,名
8261,七-九级,磨合,móhé,动
8262,七-九级,魔力,mólì,名
8263,七-九级,磨炼,móliàn,动
8264,七-九级,磨难,mónàn,名
8265,七-九级,魔术,móshù,名
8266,七-九级,磨损,mósǔn,动
8267,七-九级,抹,mǒ,动、量
8268,七-九级,抹杀,mǒshā,动
8269,七-九级,墨,mò,名
8270,七-九级,莫大,mòdà,形
8271,七-九级,莫非,mòfēi,副
8272,七-九级,茉莉,mòlì,名
8273,七-九级,没落,mòluò,动
8274,七-九级,莫名其妙,mòmíngqímiào,
8275,七-九级,默默无闻,mòmò-wúwén,
8276,七-九级,默契,mòqì,形、名
8277,七-九级,漠然,mòrán,形
8278,七-九级,末日,mòrì,名
8279,七-九级,没收,mòshōu,动
8280,七-九级,墨水,mòshuǐ,名
8281,七-九级,谋害,móuhài,动
8282,七-九级,谋划,móuhuà,动
8283,七-九级,谋求,móuqiú,动
8284,七-九级,谋取,móuqǔ,动
8285,七-九级,谋生,móushēng,动
8286,七-九级,亩,mǔ,量
8287,七-九级,牡丹,mǔdan,名
8288,七-九级,拇指,mǔzhǐ,名
8289,七-九级,墓,mù,名
8290,七-九级,幕,mù,量
8291,七-九级,墓碑,mùbēi,名
8292,七-九级,目不转睛,mùbùzhuǎnjīng,
8293,七-九级,牧场,mùchǎng,名
8294,七-九级,目瞪口呆,mùdèng-kǒudāi,
8295,七-九级,墓地,mùdì,名
8296,七-九级,目睹,mùdǔ,动
8297,七-九级,幕后,mùhòu,名
8298,七-九级,木匠,mùjiàng,名
8299,七-九级,募捐,mùjuān,动
8300,七-九级,牧民,mùmín,名
8301,七-九级,木偶,mù’ǒu,名
8302,七-九级,沐浴,mùyù,动
8303,七-九级,目中无人,mùzhōng-wúrén,
8304,七-九级,拿手,náshǒu,形
8305,七-九级,呐喊,nàhǎn,动
8306,七-九级,纳闷儿,nàmènr,动
8307,七-九级,纳入,nàrù,动
8308,七-九级,纳税,nàshuì,动
8309,七-九级,纳税人,nàshuìrén,名
8310,七-九级,乃,nǎi,副
8311,七-九级,奶酪,nǎilào,名
8312,七-九级,乃至,nǎizhì,连
8313,七-九级,耐,nài,动
8314,七-九级,耐人寻味,nàirénxúnwèi,
8315,七-九级,耐用,nàiyòng,形
8316,七-九级,难处,nánchù,名
8317,七-九级,难得一见,nándé yí jiàn,
8318,七-九级,男方,nánfāng,名
8319,七-九级,南瓜,nánguā,名
8320,七-九级,难怪,nánguài,动、副
8321,七-九级,难关,nánguān,名
8322,七-九级,难堪,nánkān,动、形
8323,七-九级,难能可贵,nánnéng-kěguì,
8324,七-九级,难为情,nánwéiqíng,形
8325,七-九级,难以置信,nányǐ-zhìxìn,
8326,七-九级,南辕北辙,nányuán-běizhé,
8327,七-九级,挠,náo,动
8328,七-九级,脑海,nǎohǎi,名
8329,七-九级,恼火,nǎohuǒ,形
8330,七-九级,恼羞成怒,nǎoxiū-chéngnù,
8331,七-九级,闹事,nàoshì,动
8332,七-九级,内存,nèicún,名
8333,七-九级,内地,nèidì,名
8334,七-九级,内行,nèiháng,形、名
8335,七-九级,内幕,nèimù,名
8336,七-九级,内向,nèixiàng,形
8337,七-九级,内需,nèixū,名
8338,七-九级,内在,nèizài,形
8339,七-九级,内脏,nèizàng,名
8340,七-九级,嫩,nèn,形
8341,七-九级,能耗,nénghào,名
8342,七-九级,能耐,néngnai,名、形
8343,七-九级,能人,néngrén,名
8344,七-九级,泥泞,nínìng,形
8345,七-九级,泥潭,nítán,名
8346,七-九级,泥土,nítǔ,名
8347,七-九级,拟,nǐ,动
8348,七-九级,拟定,nǐdìng,动
8349,七-九级,逆,nì,动
8350,七-九级,逆境,nìjìng,名
8351,七-九级,匿名,nìmíng,动
8352,七-九级,溺水,nìshuǐ,动
8353,七-九级,逆行,nìxíng,动
8354,七-九级,黏,nián,形
8355,七-九级,年报,niánbào,名
8356,七-九级,年画,niánhuà,名
8357,七-九级,年均,niánjūn,动
8358,七-九级,年轮,niánlún,名
8359,七-九级,年迈,niánmài,形
8360,七-九级,年限,niánxiàn,名
8361,七-九级,年薪,niánxīn,名
8362,七-九级,撵,niǎn,动
8363,七-九级,念念不忘,niànniàn-búwàng,
8364,七-九级,念头,niàntou,名
8365,七-九级,娘,niáng,名
8366,七-九级,酿造,niàngzào,动
8367,七-九级,鸟巢,niǎocháo,名
8368,七-九级,尿,niào,名、动
8369,七-九级,捏,niē,动
8370,七-九级,拧,níng,动
8371,七-九级,凝固,nínggù,动
8372,七-九级,凝结,níngjié,动
8373,七-九级,宁静,níngjìng,形
8374,七-九级,凝聚,níngjù,动
8375,七-九级,凝视,níngshì,动
8376,七-九级,拧,nǐng,动
8377,七-九级,宁可,nìngkě,副
8378,七-九级,宁愿,nìngyuàn,副
8379,七-九级,纽带,niǔdài,名
8380,七-九级,纽扣,niǔkòu,名
8381,七-九级,扭曲,niǔqū,动
8382,七-九级,扭头,niǔtóu,动
8383,七-九级,扭转,niǔzhuǎn,动
8384,七-九级,农场,nóngchǎng,名
8385,七-九级,农历,nónglì,名
8386,七-九级,农民工,nóngmíngōng,名
8387,七-九级,浓缩,nóngsuō,动
8388,七-九级,浓郁,nóngyù,形
8389,七-九级,浓重,nóngzhòng,形
8390,七-九级,弄虚作假,nòngxū-zuòjiǎ,
8391,七-九级,奴隶,núlì,名
8392,七-九级,女方,nǚfāng,名
8393,七-九级,女婿,nǚxu,名
8394,七-九级,暖烘烘,nuǎnhōnghōng,形
8395,七-九级,虐待,nüèdài,动
8396,七-九级,挪,nuó,动
8397,七-九级,诺言,nuòyán,名
8398,七-九级,殴打,ōudǎ,动
8399,七-九级,呕吐,ǒutù,动
8400,七-九级,趴,pā,动
8401,七-九级,拍板,pāibǎn,动
8402,七-九级,拍卖,pāimài,动
8403,七-九级,排查,páichá,动
8404,七-九级,排斥,páichì,动
8405,七-九级,排行榜,páihángbǎng,名
8406,七-九级,徘徊,páihuái,动
8407,七-九级,牌照,páizhào,名
8408,七-九级,派别,pàibié,名
8409,七-九级,派遣,pàiqiǎn,动
8410,七-九级,攀,pān,动
8411,七-九级,攀登,pāndēng,动
8412,七-九级,攀升,pānshēng,动
8413,七-九级,盘算,pánsuan,动
8414,七-九级,盘旋,pánxuán,动
8415,七-九级,判,pàn,动
8416,七-九级,盼,pàn,动
8417,七-九级,判处,pànchǔ,动
8418,七-九级,判定,pàndìng,动
8419,七-九级,判决,pànjué,动
8420,七-九级,叛逆,pànnì,动、名
8421,七-九级,旁人,pángrén,代
8422,七-九级,螃蟹,pángxiè,名
8423,七-九级,胖乎乎,pànghūhū,形
8424,七-九级,抛弃,pāoqì,动
8425,七-九级,刨,páo,动
8426,七-九级,跑龙套,pǎo lóngtào,
8427,七-九级,炮,pào,名
8428,七-九级,泡沫,pàomò,名
8429,七-九级,胚胎,pēitāi,名
8430,七-九级,佩戴,pèidài,动
8431,七-九级,配方,pèifāng,动、名
8432,七-九级,配件,pèijiàn,名
8433,七-九级,配角,pèijué,名
8434,七-九级,配偶,pèi’ǒu,名
8435,七-九级,配音,pèiyīn,动
8436,七-九级,配置,pèizhì,动
8437,七-九级,喷泉,pēnquán,名
8438,七-九级,盆地,péndì,名
8439,七-九级,抨击,pēngjī,动
8440,七-九级,烹饪,pēngrèn,动
8441,七-九级,烹调,pēngtiáo,动
8442,七-九级,棚,péng,名
8443,七-九级,蓬勃,péngbó,形
8444,七-九级,鹏程万里,péngchéng-wànlǐ,
8445,七-九级,澎湃,péngpài,形
8446,七-九级,膨胀,péngzhàng,动
8447,七-九级,捧场,pěngchǎng,动
8448,七-九级,碰钉子,pèng dīngzi,
8449,七-九级,碰巧,pèngqiǎo,副
8450,七-九级,劈,pī,动
8451,七-九级,批发,pīfā,动
8452,七-九级,披露,pīlù,动
8453,七-九级,批判,pīpàn,动
8454,七-九级,脾,pí,名
8455,七-九级,疲惫,píbèi,形
8456,七-九级,皮革,pígé,名
8457,七-九级,疲倦,píjuàn,形
8458,七-九级,匹配,pǐpèi,动
8459,七-九级,屁股,pìgu,名
8460,七-九级,僻静,pìjìng,形
8461,七-九级,媲美,pìměi,动
8462,七-九级,譬如,pìrú,动
8463,七-九级,偏,piān,形、动、副
8464,七-九级,偏爱,piān’ài,动
8465,七-九级,偏差,piānchā,名
8466,七-九级,篇幅,piānfú,名
8467,七-九级,偏见,piānjiàn,名
8468,七-九级,偏离,piānlí,动
8469,七-九级,偏旁,piānpáng,名
8470,七-九级,偏僻,piānpì,形
8471,七-九级,偏偏,piānpiān,副
8472,七-九级,偏向,piānxiàng,名、动
8473,七-九级,偏远,piānyuǎn,形
8474,七-九级,片子,piānzi,名
8475,七-九级,片段,piànduàn,名
8476,七-九级,漂泊,piāobó,动
8477,七-九级,飘浮,piāofú,动
8478,七-九级,漂浮,piāofú,动
8479,七-九级,漂流,piāoliú,动
8480,七-九级,飘扬,piāoyáng,动
8481,七-九级,票房,piàofáng,名
8482,七-九级,撇,piě,动、名
8483,七-九级,拼搏,pīnbó,动
8484,七-九级,拼接,pīnjiē,动
8485,七-九级,拼命,pīnmìng,动、副
8486,七-九级,贫乏,pínfá,形
8487,七-九级,频频,pínpín,副
8488,七-九级,贫穷,pínqióng,形
8489,七-九级,品德,pǐndé,名
8490,七-九级,品位,pǐnwèi,名
8491,七-九级,品味,pǐnwèi,动、名
8492,七-九级,品行,pǐnxíng,名
8493,七-九级,聘,pìn,动
8494,七-九级,聘任,pìnrèn,动
8495,七-九级,聘用,pìnyòng,动
8496,七-九级,屏蔽,píngbì,动
8497,七-九级,平淡,píngdàn,形
8498,七-九级,评定,píngdìng,动
8499,七-九级,平房,píngfáng,名
8500,七-九级,平和,pínghé,形
8501,七-九级,平价,píngjià,动、名
8502,七-九级,瓶颈,píngjǐng,名
8503,七-九级,平面,píngmiàn,名
8504,七-九级,评判,píngpàn,动
8505,七-九级,平日,píngrì,名
8506,七-九级,评审,píngshěn,动、名
8507,七-九级,萍水相逢,píngshuǐ-xiāngféng,
8508,七-九级,平坦,píngtǎn,形
8509,七-九级,评委,píngwěi,名
8510,七-九级,平稳,píngwěn,形
8511,七-九级,平息,píngxī,动
8512,七-九级,平行,píngxíng,形、动
8513,七-九级,平庸,píngyōng,形
8514,七-九级,平原,píngyuán,名
8515,七-九级,屏障,píngzhàng,名
8516,七-九级,凭证,píngzhèng,名
8517,七-九级,颇,pō,副
8518,七-九级,泼冷水,pō lěngshuǐ,
8519,七-九级,破案,pò’àn,动
8520,七-九级,迫不及待,pòbùjídài,
8521,七-九级,破除,pòchú,动
8522,七-九级,迫害,pòhài,动
8523,七-九级,破解,pòjiě,动
8524,七-九级,破旧,pòjiù,形
8525,七-九级,破例,pòlì,动
8526,七-九级,魄力,pòlì,名
8527,七-九级,破裂,pòliè,动
8528,七-九级,破灭,pòmiè,动
8529,七-九级,迫使,pòshǐ,动
8530,七-九级,破碎,pòsuì,动
8531,七-九级,扑克,pūkè,名
8532,七-九级,铺路,pūlù,动
8533,七-九级,扑面而来,pūmiàn’érlái,
8534,七-九级,菩萨,púsà,名
8535,七-九级,谱,pǔ,名、动
8536,七-九级,朴实,pǔshí,形
8537,七-九级,瀑布,pùbù,名
8538,七-九级,沏,qī,动
8539,七-九级,漆,qī,名、动
8540,七-九级,欺负,qīfu,动
8541,七-九级,漆黑,qīhēi,形
8542,七-九级,凄凉,qīliáng,形
8543,七-九级,期盼,qīpàn,动
8544,七-九级,蹊跷,qīqiao,形
8545,七-九级,欺诈,qīzhà,动
8546,七-九级,七嘴八舌,qīzuǐ-bāshé,
8547,七-九级,祈祷,qídǎo,动
8548,七-九级,奇观,qíguān,名
8549,七-九级,奇妙,qímiào,形
8550,七-九级,旗袍,qípáo,名
8551,七-九级,崎岖,qíqū,形
8552,七-九级,歧视,qíshì,动
8553,七-九级,奇特,qítè,形
8554,七-九级,齐心协力,qíxīn-xiélì,
8555,七-九级,旗帜,qízhì,名
8556,七-九级,起步,qǐbù,动
8557,七-九级,起草,qǐcǎo,动
8558,七-九级,启程,qǐchéng,动
8559,七-九级,起程,qǐchéng,动
8560,七-九级,启迪,qǐdí,动
8561,七-九级,起伏,qǐfú,动
8562,七-九级,乞丐,qǐgài,名
8563,七-九级,起哄,qǐhòng,动
8564,七-九级,起劲,qǐjìn,形
8565,七-九级,起码,qǐmǎ,形
8566,七-九级,启蒙,qǐméng,动
8567,七-九级,起跑线,qǐpǎoxiàn,名
8568,七-九级,乞求,qǐqiú,动
8569,七-九级,起诉,qǐsù,动
8570,七-九级,乞讨,qǐtǎo,动
8571,七-九级,企图,qǐtú,动、名
8572,七-九级,启用,qǐyòng,动
8573,七-九级,岂有此理,qǐyǒucǐlǐ,
8574,七-九级,器材,qìcái,名
8575,七-九级,气愤,qìfèn,形
8576,七-九级,气管,qìguǎn,名
8577,七-九级,器官,qìguān,名
8578,七-九级,契机,qìjī,名
8579,七-九级,迄今,qìjīn,动
8580,七-九级,器具,qìjù,名
8581,七-九级,气流,qìliú,名
8582,七-九级,气馁,qìněi,形
8583,七-九级,气派,qìpài,名、形
8584,七-九级,气泡,qìpào,名
8585,七-九级,气魄,qìpò,名
8586,七-九级,弃权,qìquán,动
8587,七-九级,气色,qìsè,名
8588,七-九级,气势,qìshì,名
8589,七-九级,气息,qìxī,名
8590,七-九级,气象,qìxiàng,名
8591,七-九级,器械,qìxiè,名
8592,七-九级,气压,qìyā,名
8593,七-九级,契约,qìyuē,名
8594,七-九级,器重,qìzhòng,动
8595,七-九级,掐,qiā,动
8596,七-九级,卡,qiǎ,动、名
8597,七-九级,恰到好处,qiàdào-hǎochù,
8598,七-九级,恰巧,qiàqiǎo,副
8599,七-九级,恰如其分,qiàrú-qífèn,
8600,七-九级,洽谈,qiàtán,动
8601,七-九级,迁,qiān,动
8602,七-九级,签2,qiān,名
8603,七-九级,千变万化,qiānbiàn-wànhuà,
8604,七-九级,牵扯,qiānchě,动
8605,七-九级,千方百计,qiānfāng-bǎijì,
8606,七-九级,牵挂,qiānguà,动
8607,七-九级,迁就,qiānjiù,动
8608,七-九级,千军万马,qiānjūn-wànmǎ,
8609,七-九级,千钧一发,qiānjūn-yífà,
8610,七-九级,牵涉,qiānshè,动
8611,七-九级,签署,qiānshǔ,动
8612,七-九级,牵头,qiāntóu,动
8613,七-九级,迁徙,qiānxǐ,动
8614,七-九级,谦逊,qiānxùn,形
8615,七-九级,迁移,qiānyí,动
8616,七-九级,签约,qiānyuē,动
8617,七-九级,牵制,qiānzhì,动
8618,七-九级,千姿百态,qiānzī-bǎitài,
8619,七-九级,前辈,qiánbèi,名
8620,七-九级,钱财,qiáncái,名
8621,七-九级,前程,qiánchéng,名
8622,七-九级,虔诚,qiánchéng,形
8623,七-九级,潜伏,qiánfú,动
8624,七-九级,前赴后继,qiánfù-hòujì,
8625,七-九级,潜能,qiánnéng,名
8626,七-九级,前任,qiánrèn,名
8627,七-九级,潜入,qiánrù,动
8628,七-九级,潜水,qiánshuǐ,动
8629,七-九级,前所未有,qiánsuǒwèiyǒu,
8630,七-九级,前台,qiántái,名
8631,七-九级,潜艇,qiántǐng,名
8632,七-九级,前无古人,qiánwúgǔrén,
8633,七-九级,前夕,qiánxī,名
8634,七-九级,前线,qiánxiàn,名
8635,七-九级,潜心,qiánxīn,动
8636,七-九级,前沿,qiányán,名
8637,七-九级,潜移默化,qiányí-mòhuà,
8638,七-九级,潜在,qiánzài,形
8639,七-九级,浅显,qiǎnxiǎn,形
8640,七-九级,谴责,qiǎnzé,动
8641,七-九级,欠缺,qiànquē,动、名
8642,七-九级,欠条,qiàntiáo,名
8643,七-九级,歉意,qiànyì,名
8644,七-九级,呛,qiāng,动
8645,七-九级,腔,qiāng,名
8646,七-九级,枪毙,qiāngbì,动
8647,七-九级,强盗,qiángdào,名
8648,七-九级,强加,qiángjiā,动
8649,七-九级,强劲,qiángjìng,形
8650,七-九级,强势,qiángshì,名
8651,七-九级,强项,qiángxiàng,名
8652,七-九级,强行,qiángxíng,副
8653,七-九级,强硬,qiángyìng,形
8654,七-九级,强占,qiángzhàn,动
8655,七-九级,强制,qiángzhì,动
8656,七-九级,抢夺,qiǎngduó,动
8657,七-九级,抢劫,qiǎngjié,动
8658,七-九级,抢眼,qiǎngyǎn,形
8659,七-九级,呛,qiàng,动
8660,七-九级,敲诈,qiāozhà,动
8661,七-九级,憔悴,qiáocuì,形
8662,七-九级,巧合,qiǎohé,形
8663,七-九级,翘,qiào,动
8664,七-九级,撬,qiào,动
8665,七-九级,窍门,qiàomén,名
8666,七-九级,切除,qiēchú,动
8667,七-九级,切磋,qiēcuō,动
8668,七-九级,切割,qiēgē,动
8669,七-九级,切换,qiēhuàn,动
8670,七-九级,且,qiě,连
8671,七-九级,锲而不舍,qiè’érbùshě,
8672,七-九级,切记,qièjì,动
8673,七-九级,切忌,qièjì,动
8674,七-九级,窃取,qièqǔ,动
8675,七-九级,切身,qièshēn,形
8676,七-九级,惬意,qièyì,形
8677,七-九级,侵犯,qīnfàn,动
8678,七-九级,侵害,qīnhài,动
8679,七-九级,亲和力,qīnhélì,名
8680,七-九级,亲近,qīnjìn,形、动
8681,七-九级,侵略,qīnlüè,动
8682,七-九级,钦佩,qīnpèi,动
8683,七-九级,侵权,qīnquán,动
8684,七-九级,亲热,qīnrè,形、动
8685,七-九级,亲身,qīnshēn,形
8686,七-九级,亲生,qīnshēng,形
8687,七-九级,亲手,qīnshǒu,副
8688,七-九级,亲眼,qīnyǎn,副
8689,七-九级,侵占,qīnzhàn,动
8690,七-九级,勤工俭学,qíngōng-jiǎnxué,
8691,七-九级,勤俭,qínjiǎn,形
8692,七-九级,勤快,qínkuai,形
8693,七-九级,琴棋书画,qín-qí-shū-huà,
8694,七-九级,寝室,qǐnshì,名
8695,七-九级,轻而易举,qīng’éryìjǔ,
8696,七-九级,清澈,qīngchè,形
8697,七-九级,清除,qīngchú,动
8698,七-九级,清脆,qīngcuì,形
8699,七-九级,清单,qīngdān,名
8700,七-九级,倾倒,qīngdǎo,动
8701,七-九级,倾家荡产,qīngjiā-dàngchǎn,
8702,七-九级,清静,qīngjìng,形
8703,七-九级,青睐,qīnglài,动
8704,七-九级,清凉,qīngliáng,形
8705,七-九级,轻蔑,qīngmiè,动
8706,七-九级,轻视,qīngshì,动
8707,七-九级,倾诉,qīngsù,动
8708,七-九级,青铜器,qīngtóngqì,名
8709,七-九级,轻微,qīngwēi,形
8710,七-九级,倾销,qīngxiāo,动
8711,七-九级,倾斜,qīngxié,动
8712,七-九级,清新,qīngxīn,形
8713,七-九级,轻型,qīngxíng,形
8714,七-九级,情报,qíngbào,名
8715,七-九级,情不自禁,qíngbúzìjīn,
8716,七-九级,情调,qíngdiào,名
8717,七-九级,情怀,qínghuái,名
8718,七-九级,情结,qíngjié,名
8719,七-九级,情境,qíngjìng,名
8720,七-九级,情理,qínglǐ,名
8721,七-九级,情侣,qínglǚ,名
8722,七-九级,情人,qíngrén,名
8723,七-九级,情商,qíngshāng,名
8724,七-九级,情谊,qíngyì,名
8725,七-九级,情愿,qíngyuàn,动、副
8726,七-九级,请柬,qǐngjiǎn,名
8727,七-九级,请示,qǐngshì,动
8728,七-九级,请帖,qǐngtiě,名
8729,七-九级,庆典,qìngdiǎn,名
8730,七-九级,庆贺,qìnghè,动
8731,七-九级,庆幸,qìngxìng,动
8732,七-九级,丘陵,qiūlíng,名
8733,七-九级,囚犯,qiúfàn,名
8734,七-九级,求同存异,qiútóng-cúnyì,
8735,七-九级,求学,qiúxué,动
8736,七-九级,求医,qiúyī,动
8737,七-九级,求证,qiúzhèng,动
8738,七-九级,驱动,qūdòng,动
8739,七-九级,屈服,qūfú,动
8740,七-九级,区间,qūjiān,名
8741,七-九级,区区,qūqū,形
8742,七-九级,曲线,qūxiàn,名
8743,七-九级,趋于,qūyú,动
8744,七-九级,曲折,qūzhé,形
8745,七-九级,驱逐,qūzhú,动
8746,七-九级,取而代之,qǔ’érdàizhī,
8747,七-九级,取材,qǔcái,动
8748,七-九级,取缔,qǔdì,动
8749,七-九级,取经,qǔjīng,动
8750,七-九级,取决,qǔjué,动
8751,七-九级,取暖,qǔnuǎn,动
8752,七-九级,取胜,qǔshèng,动
8753,七-九级,取笑,qǔxiào,动
8754,七-九级,曲艺,qǔyì,名
8755,七-九级,去除,qùchú,动
8756,七-九级,去处,qùchù,名
8757,七-九级,去向,qùxiàng,名
8758,七-九级,圈套,quāntào,名
8759,七-九级,圈子,quānzi,名
8760,七-九级,拳,quán,名、动
8761,七-九级,全方位,quánfāngwèi,名
8762,七-九级,权衡,quánhéng,动
8763,七-九级,拳击,quánjī,名
8764,七-九级,全局,quánjú,名
8765,七-九级,全力以赴,quánlìyǐfù,
8766,七-九级,全能,quánnéng,形
8767,七-九级,全身心,quánshēnxīn,副
8768,七-九级,诠释,quánshì,动
8769,七-九级,拳头,quántóu,名
8770,七-九级,权威,quánwēi,名、形
8771,七-九级,权限,quánxiàn,名
8772,七-九级,全心全意,quánxīn-quányì,
8773,七-九级,权益,quányì,名
8774,七-九级,劝告,quàngào,动、名
8775,七-九级,劝说,quànshuō,动
8776,七-九级,劝阻,quànzǔ,动
8777,七-九级,缺口,quēkǒu,名
8778,七-九级,缺失,quēshī,名、动
8779,七-九级,缺席,quēxí,动
8780,七-九级,瘸,qué,动
8781,七-九级,确切,quèqiè,形
8782,七-九级,确信,quèxìn,动
8783,七-九级,确凿,quèzáo,形
8784,七-九级,确诊,quèzhěn,动
8785,七-九级,燃放,ránfàng,动
8786,七-九级,燃气,ránqì,名
8787,七-九级,燃油,rányóu,名
8788,七-九级,嚷,rǎng,动
8789,七-九级,让步,ràngbù,动
8790,七-九级,饶,ráo,动
8791,七-九级,饶恕,ráoshù,动
8792,七-九级,扰乱,rǎoluàn,动
8793,七-九级,绕行,ràoxíng,动
8794,七-九级,绕远儿,ràoyuǎnr,动、形
8795,七-九级,惹,rě,动
8796,七-九级,热潮,rècháo,名
8797,七-九级,热带,rèdài,名
8798,七-九级,热泪盈眶,rèlèi-yíngkuàng,
8799,七-九级,热腾腾,rèténgténg,形
8800,七-九级,热销,rèxiāo,动
8801,七-九级,热衷,rèzhōng,动
8802,七-九级,仁慈,réncí,形
8803,七-九级,人次,réncì,量
8804,七-九级,人道,réndào,名、形
8805,七-九级,人格,réngé,名
8806,七-九级,人间,rénjiān,名
8807,七-九级,人品,rénpǐn,名
8808,七-九级,人气,rénqì,名
8809,七-九级,人情,rénqíng,名
8810,七-九级,人权,rénquán,名
8811,七-九级,人身,rénshēn,名
8812,七-九级,人手,rénshǒu,名
8813,七-九级,人文,rénwén,名
8814,七-九级,人性,rénxìng,名
8815,七-九级,任性,rénxìng,形
8816,七-九级,人选,rénxuǎn,名
8817,七-九级,人缘儿,rényuánr,名
8818,七-九级,人造,rénzào,形
8819,七-九级,人质,rénzhì,名
8820,七-九级,忍耐,rěnnài,动
8821,七-九级,忍心,rěnxīn,动
8822,七-九级,任,rèn,动、连
8823,七-九级,任命,rènmìng,动
8824,七-九级,任期,rènqī,名
8825,七-九级,韧性,rènxìng,名
8826,七-九级,任意,rènyì,副、形
8827,七-九级,认证,rènzhèng,动
8828,七-九级,任职,rènzhí,动
8829,七-九级,任重道远,rènzhòng-dàoyuǎn,
8830,七-九级,日程,rìchéng,名
8831,七-九级,日复一日,rìfùyírì,
8832,七-九级,日趋,rìqū,副
8833,七-九级,日新月异,rìxīn-yuèyì,
8834,七-九级,融,róng,动
8835,七-九级,容光焕发,róngguāng-huànfā,
8836,七-九级,荣获,rónghuò,动
8837,七-九级,溶解,róngjiě,动
8838,七-九级,容貌,róngmào,名
8839,七-九级,容纳,róngnà,动
8840,七-九级,容器,róngqì,名
8841,七-九级,融洽,róngqià,形
8842,七-九级,容忍,róngrěn,动
8843,七-九级,荣幸,róngxìng,形
8844,七-九级,容许,róngxǔ,动
8845,七-九级,容颜,róngyán,名
8846,七-九级,荣耀,róngyào,形
8847,七-九级,融资,róngzī,动、名
8848,七-九级,冗长,rǒngcháng,形
8849,七-九级,揉,róu,动
8850,七-九级,柔和,róuhé,形
8851,七-九级,如痴如醉,rúchī-rúzuì,
8852,七-九级,如期,rúqī,副
8853,七-九级,如实,rúshí,副
8854,七-九级,如意,rúyì,动、名
8855,七-九级,如一,rúyī,动
8856,七-九级,如愿以偿,rúyuànyǐcháng,
8857,七-九级,乳制品,rǔzhìpǐn,名
8858,七-九级,入场,rùchǎng,动
8859,七-九级,入场券,rùchǎngquàn,名
8860,七-九级,入侵,rùqīn,动
8861,七-九级,入手,rùshǒu,动
8862,七-九级,软弱,ruǎnruò,形
8863,七-九级,软实力,ruǎnshílì,名
8864,七-九级,瑞雪,ruìxuě,名
8865,七-九级,润,rùn,动、形
8866,七-九级,若,ruò,连
8867,七-九级,若干,ruògān,代
8868,七-九级,若是,ruòshì,连
8869,七-九级,弱势,ruòshì,名
8870,七-九级,弱项,ruòxiàng,名
8871,七-九级,撒,sā,动
8872,七-九级,撒谎,sāhuǎng,动
8873,七-九级,赛,sài,动
8874,七-九级,赛车,sàichē,动、名
8875,七-九级,赛季,sàijì,名
8876,七-九级,赛跑,sàipǎo,动
8877,七-九级,三番五次,sānfān-wǔcì,
8878,七-九级,三角,sānjiǎo,名、形
8879,七-九级,三维,sānwéi,名、形
8880,七-九级,散布,sànbù,动
8881,七-九级,散落,sànluò,动
8882,七-九级,桑拿,sāngná,名
8883,七-九级,嗓音,sǎngyīn,名
8884,七-九级,丧生,sàngshēng,动
8885,七-九级,骚乱,sāoluàn,动
8886,七-九级,骚扰,sāorǎo,动
8887,七-九级,扫除,sǎochú,动
8888,七-九级,扫墓,sǎomù,动
8889,七-九级,扫兴,sǎoxìng,形
8890,七-九级,嫂子,sǎozi,名
8891,七-九级,扫帚,sàozhou,名
8892,七-九级,僧人,sēngrén,名
8893,七-九级,纱,shā,名
8894,七-九级,杀毒,shādú,动
8895,七-九级,杀害,shāhài,动
8896,七-九级,沙龙,shālóng,名
8897,七-九级,杀手,shāshǒu,名
8898,七-九级,沙滩,shātān,名
8899,七-九级,傻瓜,shǎguā,名
8900,七-九级,筛,shāi,动
8901,七-九级,筛查,shāichá,动
8902,七-九级,山川,shānchuān,名
8903,七-九级,煽动,shāndòng,动
8904,七-九级,山谷,shāngǔ,名
8905,七-九级,山岭,shānlǐng,名
8906,七-九级,山脉,shānmài,名
8907,七-九级,山寨,shānzhài,名、形
8908,七-九级,闪烁,shǎnshuò,动
8909,七-九级,善,shàn,形
8910,七-九级,膳食,shànshí,名
8911,七-九级,赡养,shànyǎng,动
8912,七-九级,善意,shànyì,名
8913,七-九级,擅自,shànzì,副
8914,七-九级,伤脑筋,shāng nǎojīn,
8915,七-九级,伤残,shāngcán,动
8916,七-九级,商贩,shāngfàn,名
8917,七-九级,伤感,shānggǎn,形
8918,七-九级,商贾,shānggǔ,名
8919,七-九级,伤痕,shānghén,名
8920,七-九级,商机,shāngjī,名
8921,七-九级,伤势,shāngshì,名
8922,七-九级,商讨,shāngtǎo,动
8923,七-九级,商议,shāngyì,动
8924,七-九级,商用,shāngyòng,形
8925,七-九级,赏识,shǎngshí,动
8926,七-九级,尚,shàng,副、连
8927,七-九级,上半场,shàngbànchǎng,名
8928,七-九级,上报,shàngbào,动
8929,七-九级,上层,shàngcéng,名
8930,七-九级,上场,shàngchǎng,动
8931,七-九级,上岗,shànggǎng,动
8932,七-九级,上火,shànghuǒ,动
8933,七-九级,上空,shàngkōng,名
8934,七-九级,尚且,shàngqiě,连
8935,七-九级,上任,shàngrèn,动、名
8936,七-九级,上司,shàngsi,名
8937,七-九级,上诉,shàngsù,动
8938,七-九级,上调,shàngtiáo,动
8939,七-九级,尚未,shàngwèi,副
8940,七-九级,上限,shàngxiàn,名
8941,七-九级,上行,shàngxíng,动
8942,七-九级,上演,shàngyǎn,动
8943,七-九级,上瘾,shàngyǐn,动
8944,七-九级,上映,shàngyìng,动
8945,七-九级,上游,shàngyóu,名
8946,七-九级,捎,shāo,动
8947,七-九级,稍后,shāohòu,副
8948,七-九级,烧毁,shāohuǐ,动
8949,七-九级,稍稍,shāoshāo,副
8950,七-九级,少不了,shǎobuliǎo,动
8951,七-九级,哨,shào,名
8952,七-九级,少女,shàonǚ,名
8953,七-九级,奢侈,shēchǐ,形
8954,七-九级,奢望,shēwàng,动、名
8955,七-九级,折,shé,动
8956,七-九级,设,shè,动
8957,七-九级,设定,shèdìng,动
8958,七-九级,设法,shèfǎ,动
8959,七-九级,社会主义,shèhuì zhǔyì,
8960,七-九级,社交,shèjiāo,名
8961,七-九级,涉猎,shèliè,动
8962,七-九级,社团,shètuán,名
8963,七-九级,涉嫌,shèxián,动
8964,七-九级,深奥,shēn’ào,形
8965,七-九级,申办,shēnbàn,动
8966,七-九级,申报,shēnbào,动
8967,七-九级,身不由己,shēnbùyóujǐ,
8968,七-九级,深沉,shēnchén,形
8969,七-九级,深化,shēnhuà,动
8970,七-九级,身价,shēnjià,名
8971,七-九级,申领,shēnlǐng,动
8972,七-九级,深切,shēnqiè,形
8973,七-九级,深情,shēnqíng,名、形
8974,七-九级,深情厚谊,shēnqíng-hòuyì,
8975,七-九级,身躯,shēnqū,名
8976,七-九级,深入人心,shēnrù-rénxīn,
8977,七-九级,绅士,shēnshì,名、形
8978,七-九级,伸手,shēnshǒu,动
8979,七-九级,深思,shēnsī,动
8980,七-九级,申诉,shēnsù,动
8981,七-九级,深邃,shēnsuì,形
8982,七-九级,伸缩,shēnsuō,动
8983,七-九级,呻吟,shēnyín,动
8984,七-九级,身影,shēnyǐng,名
8985,七-九级,深造,shēnzào,动
8986,七-九级,伸张,shēnzhāng,动
8987,七-九级,身子,shēnzi,名
8988,七-九级,神气,shénqì,名、形
8989,七-九级,神情,shénqíng,名
8990,七-九级,神圣,shénshèng,形
8991,七-九级,神态,shéntài,名
8992,七-九级,神仙,shénxiān,名
8993,七-九级,审,shěn,动
8994,七-九级,审查,shěnchá,动
8995,七-九级,审定,shěndìng,动
8996,七-九级,审核,shěnhé,动
8997,七-九级,审计,shěnjì,动
8998,七-九级,审理,shěnlǐ,动
8999,七-九级,审判,shěnpàn,动
9000,七-九级,审批,shěnpī,动
9001,七-九级,审视,shěnshì,动
9002,七-九级,肾,shèn,名
9003,七-九级,渗,shèn,动
9004,七-九级,渗透,shèntòu,动
9005,七-九级,慎重,shènzhòng,形
9006,七-九级,生产线,shēngchǎnxiàn,名
9007,七-九级,声称,shēngchēng,动
9008,七-九级,牲畜,shēngchù,名
9009,七-九级,升华,shēnghuá,动
9010,七-九级,生机,shēngjī,名
9011,七-九级,生理,shēnglǐ,名
9012,七-九级,声明,shēngmíng,动、名
9013,七-九级,生命线,shēngmìngxiàn,名
9014,七-九级,生怕,shēngpà,动
9015,七-九级,生平,shēngpíng,名
9016,七-九级,生前,shēngqián,名
9017,七-九级,声势,shēngshì,名
9018,七-九级,生疏,shēngshū,形
9019,七-九级,生死,shēngsǐ,名、形
9020,七-九级,声望,shēngwàng,名
9021,七-九级,生效,shēngxiào,动
9022,七-九级,生涯,shēngyá,名
9023,七-九级,生硬,shēngyìng,形
9024,七-九级,生育,shēngyù,动
9025,七-九级,声誉,shēngyù,名
9026,七-九级,升值,shēngzhí,动
9027,七-九级,绳子,shéngzi,名
9028,七-九级,省略,shěnglüè,动
9029,七-九级,省事,shěngshì,动
9030,七-九级,盛产,shèngchǎn,动
9031,七-九级,胜出,shèngchū,动
9032,七-九级,盛大,shèngdà,形
9033,七-九级,胜负,shèngfù,名
9034,七-九级,盛会,shènghuì,名
9035,七-九级,盛开,shèngkāi,动
9036,七-九级,盛气凌人,shèngqì-língrén,
9037,七-九级,盛情,shèngqíng,名
9038,七-九级,胜任,shèngrèn,动
9039,七-九级,盛夏,shèngxià,名
9040,七-九级,圣贤,shèngxián,名
9041,七-九级,盛行,shèngxíng,动
9042,七-九级,盛宴,shèngyàn,名
9043,七-九级,失传,shīchuán,动
9044,七-九级,湿地,shīdì,名
9045,七-九级,师范,shīfàn,名
9046,七-九级,施工,shīgōng,动
9047,七-九级,施加,shījiā,动
9048,七-九级,失控,shīkòng,动
9049,七-九级,失利,shīlì,动
9050,七-九级,失礼,shīlǐ,动
9051,七-九级,失灵,shīlíng,动
9052,七-九级,失落,shīluò,动、形
9053,七-九级,失明,shīmíng,动
9054,七-九级,湿润,shīrùn,形
9055,七-九级,失事,shīshì,动
9056,七-九级,失态,shītài,动
9057,七-九级,尸体,shītǐ,名
9058,七-九级,失效,shīxiào,动
9059,七-九级,施行,shīxíng,动
9060,七-九级,施压,shīyā,动
9061,七-九级,施展,shīzhǎn,动
9062,七-九级,师长,shīzhǎng,名
9063,七-九级,师资,shīzī,名
9064,七-九级,失踪,shīzōng,动
9065,七-九级,时隔,shí gé,
9066,七-九级,时而,shí’ér,副
9067,七-九级,实地,shídì,名、副
9068,七-九级,时段,shíduàn,名
9069,七-九级,时好时坏,shíhǎo-shíhuài,
9070,七-九级,实话实说,shíhuà-shíshuō,
9071,七-九级,时节,shíjié,名
9072,七-九级,时空,shíkōng,名
9073,七-九级,实况,shíkuàng,名
9074,七-九级,时髦,shímáo,形
9075,七-九级,时时,shíshí,副
9076,七-九级,时事,shíshì,名
9077,七-九级,实事求是,shíshì-qiúshì,
9078,七-九级,食宿,shísù,名
9079,七-九级,实体,shítǐ,名
9080,七-九级,实物,shíwù,名
9081,七-九级,时装,shízhuāng,名
9082,七-九级,屎,shǐ,名
9083,七-九级,使唤,shǐhuan,动
9084,七-九级,使命,shǐmìng,名
9085,七-九级,史无前例,shǐwúqiánlì,
9086,七-九级,使者,shǐzhě,名
9087,七-九级,势必,shìbì,副
9088,七-九级,势不可当,shìbùkědāng,
9089,七-九级,视察,shìchá,动
9090,七-九级,市场经济,shìchǎng jīngjì,
9091,七-九级,世代,shìdài,名
9092,七-九级,试点,shìdiǎn,动、名
9093,七-九级,是非,shìfēi,名
9094,七-九级,世故,shìgù,名
9095,七-九级,嗜好,shìhào,名
9096,七-九级,侍候,shìhòu,动
9097,七-九级,事迹,shìjì,名
9098,七-九级,世间,shìjiān,名
9099,七-九级,视角,shìjiǎo,名
9100,七-九级,适量,shìliàng,形
9101,七-九级,士气,shìqì,名
9102,七-九级,世人,shìrén,名
9103,七-九级,适时,shìshí,形
9104,七-九级,逝世,shìshì,动
9105,七-九级,事态,shìtài,名
9106,七-九级,试探,shìtan,动
9107,七-九级,势头,shìtou,名
9108,七-九级,示威,shìwēi,动
9109,七-九级,事务所,shìwùsuǒ,名
9110,七-九级,视线,shìxiàn,名
9111,七-九级,试行,shìxíng,动
9112,七-九级,视野,shìyě,名
9113,七-九级,事宜,shìyí,名
9114,七-九级,示意,shìyì,动
9115,七-九级,市值,shìzhí,名
9116,七-九级,柿子,shìzi,名
9117,七-九级,收复,shōufù,动
9118,七-九级,收割,shōugē,动
9119,七-九级,收据,shōujù,名
9120,七-九级,收敛,shōuliǎn,动
9121,七-九级,收留,shōuliú,动
9122,七-九级,收买,shōumǎi,动
9123,七-九级,收视率,shōushìlǜ,名
9124,七-九级,收缩,shōusuō,动
9125,七-九级,收养,shōuyǎng,动
9126,七-九级,收音机,shōuyīnjī,名
9127,七-九级,收支,shōuzhī,名
9128,七-九级,手册,shǒucè,名
9129,七-九级,首创,shǒuchuàng,动
9130,七-九级,手动,shǒudòng,形
9131,七-九级,首付,shǒufù,名
9132,七-九级,首府,shǒufǔ,名
9133,七-九级,守候,shǒuhòu,动
9134,七-九级,守护,shǒuhù,动
9135,七-九级,手脚,shǒujiǎo,名
9136,七-九级,首脑,shǒunǎo,名
9137,七-九级,手帕,shǒupà,名
9138,七-九级,首批,shǒupī,数量
9139,七-九级,手枪,shǒuqiāng,名
9140,七-九级,首饰,shǒushì,名
9141,七-九级,手头,shǒutóu,名
9142,七-九级,手腕,shǒuwàn,名
9143,七-九级,首席,shǒuxí,名、形
9144,七-九级,守信,shǒuxìn,动
9145,七-九级,手艺,shǒuyì,名
9146,七-九级,手掌,shǒuzhǎng,名
9147,七-九级,守株待兔,shǒuzhū-dàitù,
9148,七-九级,受宠若惊,shòuchǒng-ruòjīng,
9149,七-九级,受挫,shòucuò,动
9150,七-九级,受害,shòuhài,动
9151,七-九级,受害人,shòuhàirén,名
9152,七-九级,受贿,shòuhuì,动
9153,七-九级,受惊,shòujīng,动
9154,七-九级,受苦,shòukǔ,动
9155,七-九级,受理,shòulǐ,动
9156,七-九级,受骗,shòupiàn,动
9157,七-九级,授权,shòuquán,动
9158,七-九级,受益,shòuyì,动
9159,七-九级,受益匪浅,shòuyì-fěiqiǎn,
9160,七-九级,授予,shòuyǔ,动
9161,七-九级,受罪,shòuzuì,动
9162,七-九级,梳,shū,动
9163,七-九级,舒畅,shūchàng,形
9164,七-九级,疏导,shūdǎo,动
9165,七-九级,疏忽,shūhu,动
9166,七-九级,书记,shūjì,名
9167,七-九级,梳理,shūlǐ,动
9168,七-九级,枢纽,shūniǔ,名
9169,七-九级,抒情,shūqíng,动
9170,七-九级,疏散,shūsàn,形、动
9171,七-九级,疏通,shūtōng,动
9172,七-九级,输血,shūxuè,动
9173,七-九级,输液,shūyè,动
9174,七-九级,疏远,shūyuǎn,形、动
9175,七-九级,舒展,shūzhǎn,动、形
9176,七-九级,梳子,shūzi,名
9177,七-九级,赎,shú,动
9178,七-九级,曙光,shǔguāng,名
9179,七-九级,属相,shǔxiàng,名
9180,七-九级,属性,shǔxìng,名
9181,七-九级,数一数二,shǔyī-shǔ’èr,
9182,七-九级,数额,shù’é,名
9183,七-九级,束缚,shùfù,动
9184,七-九级,树干,shùgàn,名
9185,七-九级,数据库,shùjùkù,名
9186,七-九级,竖立,shùlì,动
9187,七-九级,数码,shùmǎ,形
9188,七-九级,树梢,shùshāo,名
9189,七-九级,束手无策,shùshǒu-wúcè,
9190,七-九级,树荫,shùyīn,名
9191,七-九级,刷新,shuāxīn,动
9192,七-九级,耍,shuǎ,动
9193,七-九级,耍赖,shuǎlài,动
9194,七-九级,衰减,shuāijiǎn,动
9195,七-九级,摔跤,shuāijiāo,动
9196,七-九级,衰竭,shuāijié,动
9197,七-九级,衰落,shuāiluò,动
9198,七-九级,衰弱,shuāiruò,形
9199,七-九级,衰退,shuāituì,动
9200,七-九级,甩,shuǎi,动
9201,七-九级,率,shuài,动
9202,七-九级,拴,shuān,动
9203,七-九级,涮,shuàn,动
9204,七-九级,霜,shuāng,名
9205,七-九级,双胞胎,shuāngbāotāi,名
9206,七-九级,双边,shuāngbiān,形
9207,七-九级,双重,shuāngchóng,形
9208,七-九级,双向,shuāngxiàng,形
9209,七-九级,双赢,shuāngyíng,动
9210,七-九级,爽,shuǎng,形
9211,七-九级,爽快,shuǎngkuai,形
9212,七-九级,水产,shuǐchǎn,名
9213,七-九级,水滴石穿,shuǐdī-shíchuān,
9214,七-九级,水晶,shuǐjīng,名
9215,七-九级,水利,shuǐlì,名
9216,七-九级,水龙头,shuǐlóngtóu,名
9217,七-九级,水落石出,shuǐluò-shíchū,
9218,七-九级,水汽,shuǐqì,名
9219,七-九级,水土,shuǐtǔ,名
9220,七-九级,水域,shuǐyù,名
9221,七-九级,水源,shuǐyuán,名
9222,七-九级,水涨船高,shuǐzhǎng-chuángāo,
9223,七-九级,水准,shuǐzhǔn,名
9224,七-九级,睡袋,shuìdài,名
9225,七-九级,税收,shuìshōu,名
9226,七-九级,税务,shuìwù,名
9227,七-九级,顺差,shùnchā,名
9228,七-九级,顺畅,shùnchàng,形
9229,七-九级,顺从,shùncóng,动
9230,七-九级,顺理成章,shùnlǐ-chéngzhāng,
9231,七-九级,顺路,shùnlù,副、形
9232,七-九级,顺其自然,shùnqízìrán,
9233,七-九级,顺势,shùnshì,副
9234,七-九级,顺手,shùnshǒu,形、副
9235,七-九级,顺心,shùnxīn,形
9236,七-九级,顺延,shùnyán,动
9237,七-九级,顺应,shùnyìng,动
9238,七-九级,说不上,shuōbushàng,动
9239,七-九级,说谎,shuōhuǎng,动
9240,七-九级,说情,shuōqíng,动
9241,七-九级,硕果,shuòguǒ,名
9242,七-九级,丝,sī,名
9243,七-九级,撕,sī,动
9244,七-九级,丝绸,sīchóu,名
9245,七-九级,司法,sīfǎ,动
9246,七-九级,丝毫,sīháo,形
9247,七-九级,私家车,sījiāchē,名
9248,七-九级,司空见惯,sīkōng-jiànguàn,
9249,七-九级,私立,sīlì,动、形
9250,七-九级,司令,sīlìng,名
9251,七-九级,思前想后,sīqián-xiǎnghòu,
9252,七-九级,私事,sīshì,名
9253,七-九级,思索,sīsuǒ,动
9254,七-九级,私下,sīxià,名
9255,七-九级,思绪,sīxù,名
9256,七-九级,私营,sīyíng,形
9257,七-九级,私有,sīyǒu,动
9258,七-九级,私自,sīzì,副
9259,七-九级,死心,sǐxīn,动
9260,七-九级,寺,sì,名
9261,七-九级,似曾相识,sìcéng-xiāngshí,
9262,七-九级,四方,sìfāng,名
9263,七-九级,伺机,sìjī,动
9264,七-九级,饲料,sìliào,名
9265,七-九级,四面八方,sìmiàn-bāfāng,
9266,七-九级,寺庙,sìmiào,名
9267,七-九级,似是而非,sìshì-érfēi,
9268,七-九级,四通八达,sìtōng-bādá,
9269,七-九级,肆无忌惮,sìwú-jìdàn,
9270,七-九级,饲养,sìyǎng,动
9271,七-九级,四肢,sìzhī,名
9272,七-九级,松弛,sōngchí,形
9273,七-九级,松树,sōngshù,名
9274,七-九级,松懈,sōngxiè,形、动
9275,七-九级,耸,sǒng,动
9276,七-九级,耸立,sǒnglì,动
9277,七-九级,怂恿,sǒngyǒng,动
9278,七-九级,送别,sòngbié,动
9279,七-九级,送行,sòngxíng,动
9280,七-九级,搜查,sōuchá,动
9281,七-九级,搜救,sōujiù,动
9282,七-九级,搜寻,sōuxún,动
9283,七-九级,酥,sū,形
9284,七-九级,苏醒,sūxǐng,动
9285,七-九级,俗,sú,形
9286,七-九级,俗称,súchēng,动、名
9287,七-九级,俗话,súhuà,名
9288,七-九级,俗语,súyǔ,名
9289,七-九级,素,sù,形、名
9290,七-九级,素不相识,sùbùxiāngshí,
9291,七-九级,素材,sùcái,名
9292,七-九级,诉苦,sùkǔ,动
9293,七-九级,诉求,sùqiú,动、名
9294,七-九级,素食,sùshí,名、动
9295,七-九级,诉说,sùshuō,动
9296,七-九级,诉讼,sùsòng,动
9297,七-九级,素养,sùyǎng,名
9298,七-九级,诉诸,sùzhū,动
9299,七-九级,蒜,suàn,名
9300,七-九级,算计,suànjì,动
9301,七-九级,算盘,suànpán,名
9302,七-九级,算数,suànshù,动
9303,七-九级,算账,suànzhàng,动
9304,七-九级,虽说,suīshuō,连
9305,七-九级,随处可见,suíchù kě jiàn,
9306,七-九级,随即,suíjí,副
9307,七-九级,随机,suíjī,副、形
9308,七-九级,随身,suíshēn,形
9309,七-九级,随时随地,suíshí-suídì,
9310,七-九级,随心所欲,suíxīnsuǒyù,
9311,七-九级,隧道,suìdào,名
9312,七-九级,损人利己,sǔnrén-lìjǐ,
9313,七-九级,缩,suō,动
9314,七-九级,缩减,suōjiǎn,动
9315,七-九级,缩水,suōshuǐ,动
9316,七-九级,缩影,suōyǐng,名
9317,七-九级,锁定,suǒdìng,动
9318,七-九级,索赔,suǒpéi,动
9319,七-九级,索取,suǒqǔ,动
9320,七-九级,所属,suǒshǔ,形、名
9321,七-九级,琐碎,suǒsuì,形
9322,七-九级,所谓,suǒwèi,形
9323,七-九级,索性,suǒxìng,副
9324,七-九级,所在,suǒzài,名
9325,七-九级,所作所为,suǒzuò-suǒwéi,
9326,七-九级,塌,tā,动
9327,七-九级,踏,tà,动
9328,七-九级,胎,tāi,量、名
9329,七-九级,胎儿,tāi’ér,名
9330,七-九级,泰斗,tàidǒu,名
9331,七-九级,太极,tàijí,名
9332,七-九级,太平,tàipíng,形
9333,七-九级,态势,tàishì,名
9334,七-九级,贪,tān,动、形
9335,七-九级,摊,tān,动、名、量
9336,七-九级,瘫,tān,动
9337,七-九级,贪吃,tānchī,形
9338,七-九级,瘫痪,tānhuàn,动
9339,七-九级,贪婪,tānlán,形
9340,七-九级,贪污,tānwū,动
9341,七-九级,坛,tán,名
9342,七-九级,痰,tán,名
9343,七-九级,谈及,tánjí,动
9344,七-九级,坦白,tǎnbái,形、动
9345,七-九级,坦诚,tǎnchéng,形
9346,七-九级,坦克,tǎnkè,名
9347,七-九级,坦然,tǎnrán,形
9348,七-九级,坦率,tǎnshuài,形
9349,七-九级,坦言,tǎnyán,动、名
9350,七-九级,毯子,tǎnzi,名
9351,七-九级,炭,tàn,名
9352,七-九级,探,tàn,动
9353,七-九级,探测,tàncè,动
9354,七-九级,探究,tànjiū,动
9355,七-九级,叹气,tànqì,动
9356,七-九级,探亲,tànqīn,动
9357,七-九级,探求,tànqiú,动
9358,七-九级,探望,tànwàng,动
9359,七-九级,探险,tànxiǎn,动
9360,七-九级,堂,táng,名、量
9361,七-九级,糖尿病,tángniàobìng,名
9362,七-九级,淌,tǎng,动
9363,七-九级,倘若,tǎngruò,连
9364,七-九级,掏腰包,tāo yāobāo,
9365,七-九级,滔滔不绝,tāotāo-bùjué,
9366,七-九级,淘,táo,动
9367,七-九级,逃避,táobì,动
9368,七-九级,陶瓷,táocí,名
9369,七-九级,逃生,táoshēng,动
9370,七-九级,逃亡,táowáng,动
9371,七-九级,陶冶,táoyě,动
9372,七-九级,陶醉,táozuì,动
9373,七-九级,讨,tǎo,动
9374,七-九级,讨好,tǎohǎo,动
9375,七-九级,讨价还价,tǎojià-huánjià,
9376,七-九级,特此,tècǐ,副
9377,七-九级,特例,tèlì,名
9378,七-九级,特权,tèquán,名
9379,七-九级,特邀,tèyāo,动
9380,七-九级,特制,tèzhì,动
9381,七-九级,特质,tèzhì,名
9382,七-九级,腾,téng,动
9383,七-九级,疼爱,téngài,动
9384,七-九级,藤蔓,téngwàn,名
9385,七-九级,剔除,tīchú,动
9386,七-九级,梯子,tīzi,名
9387,七-九级,提拔,tíbá,动
9388,七-九级,提纲,tígāng,名
9389,七-九级,提及,tíjí,动
9390,七-九级,提炼,tíliàn,动
9391,七-九级,提名,tímíng,动
9392,七-九级,提速,tísù,动
9393,七-九级,提心吊胆,tíxīn-diàodǎn,
9394,七-九级,提议,tíyì,动、名
9395,七-九级,体裁,tǐcái,名
9396,七-九级,体谅,tǐliàng,动
9397,七-九级,体面,tǐmiàn,名、形
9398,七-九级,体能,tǐnéng,名
9399,七-九级,体魄,tǐpò,名
9400,七-九级,体态,tǐtài,名
9401,七-九级,体贴,tǐtiē,动
9402,七-九级,体制,tǐzhì,名
9403,七-九级,体质,tǐzhì,名
9404,七-九级,剃,tì,动
9405,七-九级,替补,tìbǔ,动、名
9406,七-九级,替换,tìhuàn,动
9407,七-九级,天长地久,tiāncháng-dìjiǔ,
9408,七-九级,天敌,tiāndí,名
9409,七-九级,天地,tiāndì,名
9410,七-九级,天鹅,tiān’é,名
9411,七-九级,天分,tiānfèn,名
9412,七-九级,天赋,tiānfù,动、名
9413,七-九级,天花板,tiānhuābǎn,名
9414,七-九级,添加剂,tiānjiājì,名
9415,七-九级,天经地义,tiānjīng-dìyì,
9416,七-九级,天伦之乐,tiānlúnzhīlè,
9417,七-九级,天平,tiānpíng,名
9418,七-九级,天桥,tiānqiáo,名
9419,七-九级,天生,tiānshēng,形
9420,七-九级,天使,tiānshǐ,名
9421,七-九级,天堂,tiāntáng,名
9422,七-九级,天线,tiānxiàn,名
9423,七-九级,天性,tiānxìng,名
9424,七-九级,填补,tiánbǔ,动
9425,七-九级,填充,tiánchōng,动
9426,七-九级,田间,tiánjiān,名
9427,七-九级,甜美,tiánměi,形
9428,七-九级,甜蜜,tiánmì,形
9429,七-九级,田野,tiányě,名
9430,七-九级,田园,tiányuán,名
9431,七-九级,舔,tiǎn,动
9432,七-九级,挑剔,tiāoti,动
9433,七-九级,调和,tiáohé,形、动
9434,七-九级,调剂,tiáojì,动
9435,七-九级,调解,tiáojiě,动
9436,七-九级,调侃,tiáokǎn,动
9437,七-九级,调控,tiáokòng,动
9438,七-九级,条款,tiáokuǎn,名
9439,七-九级,条例,tiáolì,名
9440,七-九级,条理,tiáolǐ,名
9441,七-九级,调料,tiáoliào,名
9442,七-九级,调试,tiáoshì,动
9443,七-九级,条约,tiáoyuē,名
9444,七-九级,挑,tiǎo,动
9445,七-九级,挑拨,tiǎobō,动
9446,七-九级,挑衅,tiǎoxìn,动
9447,七-九级,跳槽,tiàocáo,动
9448,七-九级,跳动,tiàodòng,动
9449,七-九级,跳伞,tiàosǎn,动
9450,七-九级,眺望,tiàowàng,动
9451,七-九级,跳跃,tiàoyuè,动
9452,七-九级,贴切,tiēqiè,形
9453,七-九级,铁,tiě,名、形
9454,七-九级,帖子,tiězi,名
9455,七-九级,听从,tīngcóng,动
9456,七-九级,停泊,tíngbó,动
9457,七-九级,停顿,tíngdùn,动
9458,七-九级,停放,tíngfàng,动
9459,七-九级,停业,tíngyè,动
9460,七-九级,停滞,tíngzhì,动
9461,七-九级,亭子,tíngzi,名
9462,七-九级,挺拔,tǐngbá,形
9463,七-九级,通报,tōngbào,动、名
9464,七-九级,通畅,tōngchàng,形
9465,七-九级,通车,tōngchē,动
9466,七-九级,通告,tōnggào,动、名
9467,七-九级,通红,tōnghóng,形
9468,七-九级,通货膨胀,tōnghuò péngzhàng,
9469,七-九级,通缉,tōngjī,动
9470,七-九级,通顺,tōngshùn,形
9471,七-九级,通俗,tōngsú,形
9472,七-九级,通通,tōngtōng,副
9473,七-九级,通宵,tōngxiāo,名
9474,七-九级,同胞,tóngbāo,名
9475,七-九级,同比,tóngbǐ,动
9476,七-九级,同步,tóngbù,动
9477,七-九级,同等,tóngděng,形
9478,七-九级,同感,tónggǎn,名
9479,七-九级,同伙,tónghuǒ,动、名
9480,七-九级,同盟,tóngméng,动、名
9481,七-九级,同期,tóngqī,名
9482,七-九级,同仁,tóngrén,名
9483,七-九级,同志,tóngzhì,名
9484,七-九级,同舟共济,tóngzhōu-gòngjì,
9485,七-九级,捅,tǒng,动
9486,七-九级,筒,tǒng,名
9487,七-九级,统筹,tǒngchóu,动
9488,七-九级,统统,tǒngtǒng,副
9489,七-九级,统治,tǒngzhì,动
9490,七-九级,痛心,tòngxīn,形
9491,七-九级,偷窥,tōukuī,动
9492,七-九级,偷懒,tōulǎn,动
9493,七-九级,投奔,tóubèn,动
9494,七-九级,投放,tóufàng,动
9495,七-九级,投稿,tóugǎo,动
9496,七-九级,头号,tóuhào,形
9497,七-九级,投机,tóujī,形、动
9498,七-九级,投射,tóushè,动
9499,七-九级,投身,tóushēn,动
9500,七-九级,头条,tóutiáo,名
9501,七-九级,头头是道,tóutóu-shìdào,
9502,七-九级,头衔,tóuxián,名
9503,七-九级,投降,tóuxiáng,动
9504,七-九级,投掷,tóuzhì,动
9505,七-九级,透彻,tòuchè,形
9506,七-九级,透气,tòuqì,动
9507,七-九级,透支,tòuzhī,动
9508,七-九级,凸,tū,形
9509,七-九级,秃,tū,形
9510,七-九级,突击,tūjī,动
9511,七-九级,突破口,tūpòkǒu,名
9512,七-九级,突如其来,tūrú-qílái,
9513,七-九级,突兀,tūwù,形
9514,七-九级,凸显,tūxiǎn,动
9515,七-九级,涂,tú,动
9516,七-九级,徒步,túbù,副
9517,七-九级,徒劳,túláo,动
9518,七-九级,屠杀,túshā,动
9519,七-九级,图形,túxíng,名
9520,七-九级,图纸,túzhǐ,名
9521,七-九级,吐槽,tǔcáo,动
9522,七-九级,土生土长,tǔshēng-tǔzhǎng,
9523,七-九级,团伙,tuánhuǒ,名
9524,七-九级,团聚,tuánjù,动
9525,七-九级,团员,tuányuán,名
9526,七-九级,推崇,tuīchóng,动
9527,七-九级,推辞,tuīcí,动
9528,七-九级,推断,tuīduàn,动
9529,七-九级,推翻,tuīfān,动
9530,七-九级,推理,tuīlǐ,动
9531,七-九级,推论,tuīlùn,动、名
9532,七-九级,推敲,tuīqiāo,动
9533,七-九级,推算,tuīsuàn,动
9534,七-九级,推卸,tuīxiè,动
9535,七-九级,推选,tuīxuǎn,动
9536,七-九级,推移,tuīyí,动
9537,七-九级,颓废,tuífèi,形
9538,七-九级,退步,tuìbù,动
9539,七-九级,退化,tuìhuà,动
9540,七-九级,退回,tuìhuí,动
9541,七-九级,退却,tuìquè,动
9542,七-九级,退让,tuìràng,动
9543,七-九级,退缩,tuìsuō,动
9544,七-九级,退役,tuìyì,动
9545,七-九级,吞吞吐吐,tūntūntǔtǔ,形
9546,七-九级,臀,tún,名
9547,七-九级,托,tuō,动、名
9548,七-九级,托付,tuōfù,动
9549,七-九级,脱节,tuōjié,动
9550,七-九级,脱口而出,tuōkǒu’érchū,
9551,七-九级,拖累,tuōlěi,动
9552,七-九级,脱离,tuōlí,动
9553,七-九级,脱落,tuōluò,动
9554,七-九级,拖欠,tuōqiàn,动
9555,七-九级,脱身,tuōshēn,动
9556,七-九级,脱颖而出,tuōyǐng’érchū,
9557,七-九级,驮,tuó,动
9558,七-九级,妥,tuǒ,形
9559,七-九级,妥当,tuǒdàng,形
9560,七-九级,妥善,tuǒshàn,形
9561,七-九级,妥协,tuǒxié,动
9562,七-九级,椭圆,tuǒyuán,名
9563,七-九级,拓宽,tuòkuān,动
9564,七-九级,唾弃,tuòqì,动
9565,七-九级,唾液,tuòyè,名
9566,七-九级,拓展,tuòzhǎn,动
9567,七-九级,挖掘,wājué,动
9568,七-九级,挖苦,wāku,动
9569,七-九级,瓦,wǎ,名
9570,七-九级,瓦解,wǎjiě,动
9571,七-九级,歪曲,wāiqū,动
9572,七-九级,外币,wàibì,名
9573,七-九级,外行,wàiháng,形、名
9574,七-九级,外号,wàihào,名
9575,七-九级,外汇,wàihuì,名
9576,七-九级,外籍,wàijí,名
9577,七-九级,外贸,wàimào,名
9578,七-九级,外貌,wàimào,名
9579,七-九级,外向,wàixiàng,形
9580,七-九级,外星人,wàixīngrén,名
9581,七-九级,外援,wàiyuán,名
9582,七-九级,外在,wàizài,形
9583,七-九级,外资,wàizī,名
9584,七-九级,丸,wán,名、量
9585,七-九级,完备,wánbèi,形
9586,七-九级,完毕,wánbì,动
9587,七-九级,顽固,wángù,形
9588,七-九级,完好,wánhǎo,形
9589,七-九级,玩弄,wánnòng,动
9590,七-九级,顽皮,wánpí,形
9591,七-九级,玩耍,wánshuǎ,动
9592,七-九级,玩意儿,wányìr,名
9593,七-九级,丸子,wánzi,名
9594,七-九级,挽,wǎn,动
9595,七-九级,挽回,wǎnhuí,动
9596,七-九级,挽救,wǎnjiù,动
9597,七-九级,晚年,wǎnnián,名
9598,七-九级,晚期,wǎnqī,名
9599,七-九级,惋惜,wǎnxī,形
9600,七-九级,晚霞,wǎnxiá,名
9601,七-九级,万分,wànfēn,副
9602,七-九级,万能,wànnéng,形
9603,七-九级,万万,wànwàn,副
9604,七-九级,万无一失,wànwú-yìshī,
9605,七-九级,汪洋,wāngyáng,形
9606,七-九级,王朝,wángcháo,名
9607,七-九级,王国,wángguó,名
9608,七-九级,王牌,wángpái,名
9609,七-九级,亡羊补牢,wángyáng-bǔláo,
9610,七-九级,往常,wǎngcháng,名
9611,七-九级,网点,wǎngdiǎn,名
9612,七-九级,网民,wǎngmín,名
9613,七-九级,往日,wǎngrì,名
9614,七-九级,往事,wǎngshì,名
9615,七-九级,旺,wàng,形
9616,七-九级,旺季,wàngjì,名
9617,七-九级,旺盛,wàngshèng,形
9618,七-九级,妄想,wàngxiǎng,动、名
9619,七-九级,望远镜,wàngyuǎnjìng,名
9620,七-九级,微,wēi,副
9621,七-九级,微波炉,wēibōlú,名
9622,七-九级,微不足道,wēibùzúdào,
9623,七-九级,威风,wēifēng,名、形
9624,七-九级,微观,wēiguān,形
9625,七-九级,危及,wēijí,动
9626,七-九级,危急,wēijí,形
9627,七-九级,威力,wēilì,名
9628,七-九级,微妙,wēimiào,形
9629,七-九级,微弱,wēiruò,形
9630,七-九级,威慑,wēishè,动
9631,七-九级,微生物,wēishēngwù,名
9632,七-九级,威望,wēiwàng,名
9633,七-九级,微微,wēiwēi,形、副
9634,七-九级,威信,wēixìn,名
9635,七-九级,微型,wēixíng,形
9636,七-九级,唯,wéi,副
9637,七-九级,违背,wéibèi,动
9638,七-九级,唯独,wéidú,副
9639,七-九级,围观,wéiguān,动
9640,七-九级,围墙,wéiqiáng,名
9641,七-九级,维权,wéiquán,动
9642,七-九级,为人,wéirén,动、名
9643,七-九级,唯有,wéiyǒu,连、副
9644,七-九级,违约,wéiyuē,动
9645,七-九级,违章,wéizhāng,动
9646,七-九级,纬度,wěidù,名
9647,七-九级,尾气,wěiqì,名
9648,七-九级,尾声,wěishēng,名
9649,七-九级,萎缩,wěisuō,动
9650,七-九级,委婉,wěiwǎn,形
9651,七-九级,委员,wěiyuán,名
9652,七-九级,委员会,wěiyuánhuì,名
9653,七-九级,伪造,wěizào,动
9654,七-九级,伪装,wěizhuāng,动、名
9655,七-九级,味精,wèijīng,名
9656,七-九级,畏惧,wèijù,动
9657,七-九级,蔚蓝,wèilán,形
9658,七-九级,慰劳,wèiláo,动
9659,七-九级,未免,wèimiǎn,副
9660,七-九级,卫视,wèishì,名
9661,七-九级,畏缩,wèisuō,动
9662,七-九级,慰问,wèiwèn,动
9663,七-九级,卫星,wèixīng,名、形
9664,七-九级,喂养,wèiyǎng,动
9665,七-九级,未知数,wèizhīshù,名
9666,七-九级,位子,wèizi,名
9667,七-九级,温差,wēnchà,名
9668,七-九级,温带,wēndài,名
9669,七-九级,温度计,wēndùjì,名
9670,七-九级,温泉,wēnquán,名
9671,七-九级,温室,wēnshì,名
9672,七-九级,温习,wēnxí,动
9673,七-九级,温馨,wēnxīn,形
9674,七-九级,瘟疫,wēnyì,名
9675,七-九级,文,wén,名
9676,七-九级,文盲,wénmáng,名
9677,七-九级,文凭,wénpíng,名
9678,七-九级,文人,wénrén,名
9679,七-九级,文雅,wényǎ,形
9680,七-九级,蚊帐,wénzhàng,名
9681,七-九级,蚊子,wénzi,名
9682,七-九级,吻,wěn,动、名
9683,七-九级,稳,wěn,形、动
9684,七-九级,稳固,wěngù,形、动
9685,七-九级,吻合,wěnhé,形
9686,七-九级,稳健,wěnjiàn,形
9687,七-九级,紊乱,wěnluàn,形
9688,七-九级,稳妥,wěntuǒ,形
9689,七-九级,稳重,wěnzhòng,形
9690,七-九级,问候,wènhòu,动
9691,七-九级,问世,wènshì,动
9692,七-九级,窝,wō,名、动、量
9693,七-九级,卧,wò,动
9694,七-九级,卧铺,wòpù,名
9695,七-九级,污秽,wūhuì,形、名
9696,七-九级,污蔑,wūmiè,动
9697,七-九级,诬陷,wūxiàn,动
9698,七-九级,屋檐,wūyán,名
9699,七-九级,呜咽,wūyè,动
9700,七-九级,乌云,wūyún,名
9701,七-九级,无比,wúbǐ,动
9702,七-九级,无边无际,wúbiān-wújì,
9703,七-九级,无不,wúbù,副
9704,七-九级,无偿,wúcháng,形
9705,七-九级,无耻,wúchǐ,形
9706,七-九级,无从,wúcóng,副
9707,七-九级,无敌,wúdí,动
9708,七-九级,无动于衷,wúdòngyúzhōng,
9709,七-九级,无非,wúfēi,副
9710,七-九级,无故,wúgù,副
9711,七-九级,无辜,wúgū,形、名
9712,七-九级,无关紧要,wúguān-jǐnyào,
9713,七-九级,无话可说,wúhuà-kěshuō,
9714,七-九级,无家可归,wújiā-kěguī,
9715,七-九级,无价之宝,wújiàzhībǎo,
9716,七-九级,无精打采,wújīng-dǎcǎi,
9717,七-九级,无济于事,wújìyúshì,
9718,七-九级,无可厚非,wúkěhòufēi,
9719,七-九级,无可奈何,wúkěnàihé,
9720,七-九级,无赖,wúlài,形、名
9721,七-九级,无力,wúlì,动
9722,七-九级,无理,wúlǐ,动
9723,七-九级,无论如何,wúlùn-rúhé,
9724,七-九级,无能,wúnéng,形
9725,七-九级,无能为力,wúnéngwéilì,
9726,七-九级,无情,wúqíng,形
9727,七-九级,无穷,wúqióng,动
9728,七-九级,无私,wúsī,形
9729,七-九级,无所事事,wúsuǒshìshì,
9730,七-九级,无所作为,wúsuǒzuòwéi,
9731,七-九级,无条件,wútiáojiàn,动
9732,七-九级,无微不至,wúwēi-búzhì,
9733,七-九级,无线,wúxiàn,形
9734,七-九级,无形,wúxíng,形、副
9735,七-九级,无须,wúxū,副
9736,七-九级,无意,wúyì,动、副
9737,七-九级,无忧无虑,wúyōu-wúlǜ,
9738,七-九级,无缘,wúyuán,动、副
9739,七-九级,无知,wúzhī,形
9740,七-九级,捂,wǔ,动
9741,七-九级,舞,wǔ,名、动
9742,七-九级,五官,wǔguān,名
9743,七-九级,五花八门,wǔhuā-bāmén,
9744,七-九级,五湖四海,wǔhú-sìhǎi,
9745,七-九级,武力,wǔlì,名
9746,七-九级,侮辱,wǔrǔ,动
9747,七-九级,武侠,wǔxiá,名
9748,七-九级,武装,wǔzhuāng,名、动
9749,七-九级,勿,wù,副
9750,七-九级,务必,wùbì,副
9751,七-九级,误差,wùchā,名
9752,七-九级,误导,wùdǎo,动
9753,七-九级,务工,wùgōng,动
9754,七-九级,物力,wùlì,名
9755,七-九级,物流,wùliú,名
9756,七-九级,物美价廉,wùměi-jiàlián,
9757,七-九级,误区,wùqū,名
9758,七-九级,物色,wùsè,动
9759,七-九级,务实,wùshí,动、形
9760,七-九级,物证,wùzhèng,名
9761,七-九级,物种,wùzhǒng,名
9762,七-九级,物资,wùzī,名
9763,七-九级,稀,xī,形
9764,七-九级,溪,xī,名
9765,七-九级,吸毒,xīdú,动
9766,七-九级,膝盖,xīgài,名
9767,七-九级,稀罕,xīhan,形、动
9768,七-九级,熄火,xīhuǒ,动
9769,七-九级,犀利,xīlì,形
9770,七-九级,奚落,xīluò,动
9771,七-九级,熄灭,xīmiè,动
9772,七-九级,吸纳,xīnà,动
9773,七-九级,稀奇,xīqí,形
9774,七-九级,昔日,xīrì,名
9775,七-九级,稀少,xīshǎo,形
9776,七-九级,牺牲,xīshēng,动
9777,七-九级,嬉笑,xīxiào,动
9778,七-九级,熙熙攘攘,xīxī-rǎngrǎng,形
9779,七-九级,息息相关,xīxī-xiāngguān,
9780,七-九级,夕阳,xīyáng,名、形
9781,七-九级,稀有,xīyǒu,形
9782,七-九级,锡纸,xīzhǐ,名
9783,七-九级,席,xí,名、量
9784,七-九级,袭击,xíjī,动
9785,七-九级,席位,xíwèi,名
9786,七-九级,喜出望外,xǐchūwàngwài,
9787,七-九级,洗涤,xǐdí,动
9788,七-九级,喜好,xǐhào,动
9789,七-九级,喜酒,xǐjiǔ,名
9790,七-九级,洗礼,xǐlǐ,名
9791,七-九级,喜怒哀乐,xǐ-nù-āi-lè,
9792,七-九级,喜庆,xǐqìng,形、名
9793,七-九级,喜糖,xǐtáng,名
9794,七-九级,喜闻乐见,xǐwén-lèjiàn,
9795,七-九级,喜洋洋,xǐyángyáng,形
9796,七-九级,喜悦,xǐyuè,形
9797,七-九级,细腻,xìnì,形
9798,七-九级,细微,xìwēi,形
9799,七-九级,虾,xiā,名
9800,七-九级,瞎,xiā,动、副
9801,七-九级,狭隘,xiá’ài,形
9802,七-九级,瑕疵,xiácī,名
9803,七-九级,峡谷,xiágǔ,名
9804,七-九级,辖区,xiáqū,名
9805,七-九级,狭小,xiáxiǎo,形
9806,七-九级,狭义,xiáyì,名
9807,七-九级,狭窄,xiázhǎi,形
9808,七-九级,下半场,xiàbànchǎng,名
9809,七-九级,下场,xiàchǎng,名
9810,七-九级,下达,xiàdá,动
9811,七-九级,下跌,xiàdiē,动
9812,七-九级,吓唬,xiàhu,动
9813,七-九级,下滑,xiàhuá,动
9814,七-九级,下级,xiàjí,名
9815,七-九级,下令,xiàlìng,动
9816,七-九级,下落,xiàluò,名、动
9817,七-九级,吓人,xiàrén,形
9818,七-九级,下手,xiàshǒu,动
9819,七-九级,下属,xiàshǔ,名
9820,七-九级,下台,xiàtái,动
9821,七-九级,下调,xiàtiáo,动
9822,七-九级,下行,xiàxíng,动
9823,七-九级,下意识,xiàyìshí,名、副
9824,七-九级,下游,xiàyóu,名
9825,七-九级,下坠,xiàzhuì,动
9826,七-九级,掀,xiān,动
9827,七-九级,先锋,xiānfēng,名
9828,七-九级,仙鹤,xiānhè,名
9829,七-九级,鲜活,xiānhuó,形
9830,七-九级,先例,xiānlì,名
9831,七-九级,鲜美,xiānměi,形
9832,七-九级,仙女,xiānnǚ,名
9833,七-九级,掀起,xiānqǐ,动
9834,七-九级,先天,xiāntiān,名
9835,七-九级,纤维,xiānwéi,名
9836,七-九级,鲜血,xiānxuè,名
9837,七-九级,弦,xián,名
9838,七-九级,闲话,xiánhuà,名、动
9839,七-九级,衔接,xiánjiē,动
9840,七-九级,嫌弃,xiánqì,动
9841,七-九级,嫌疑,xiányí,名
9842,七-九级,闲置,xiánzhì,动
9843,七-九级,显而易见,xiǎn’éryìjiàn,
9844,七-九级,显赫,xiǎnhè,形
9845,七-九级,显露,xiǎnlù,动
9846,七-九级,显示器,xiǎnshìqì,名
9847,七-九级,显微镜,xiǎnwēijìng,名
9848,七-九级,鲜为人知,xiǎnwéirénzhī,
9849,七-九级,显现,xiǎnxiàn,动
9850,七-九级,显性,xiǎnxìng,形
9851,七-九级,显眼,xiǎnyǎn,形
9852,七-九级,陷,xiàn,动
9853,七-九级,馅,xiàn,名
9854,七-九级,献,xiàn,动
9855,七-九级,现成,xiànchéng,形
9856,七-九级,限定,xiàndìng,动
9857,七-九级,宪法,xiànfǎ,名
9858,七-九级,陷害,xiànhài,动
9859,七-九级,陷阱,xiànjǐng,名
9860,七-九级,现任,xiànrèn,动、形
9861,七-九级,线条,xiàntiáo,名
9862,七-九级,现行,xiànxíng,形
9863,七-九级,镶,xiāng,动
9864,七-九级,相伴,xiāngbàn,动
9865,七-九级,相辅相成,xiāngfǔ-xiāngchéng,
9866,七-九级,相继,xiāngjì,副
9867,七-九级,相近,xiāngjìn,形
9868,七-九级,香料,xiāngliào,名
9869,七-九级,镶嵌,xiāngqiàn,动
9870,七-九级,乡亲,xiāngqīn,名
9871,七-九级,相识,xiāngshí,动、名
9872,七-九级,相提并论,xiāngtí-bìnglùn,
9873,七-九级,相通,xiāngtōng,动
9874,七-九级,乡下,xiāngxia,名
9875,七-九级,香油,xiāngyóu,名
9876,七-九级,相遇,xiāngyù,动
9877,七-九级,相约,xiāngyuē,动
9878,七-九级,祥和,xiánghé,形
9879,七-九级,详尽,xiángjìn,形
9880,七-九级,享,xiǎng,动
9881,七-九级,想方设法,xiǎngfāng-shèfǎ,
9882,七-九级,响亮,xiǎngliàng,形
9883,七-九级,响应,xiǎngyìng,动
9884,七-九级,享用,xiǎngyòng,动
9885,七-九级,享有,xiǎngyǒu,动
9886,七-九级,巷,xiàng,名
9887,七-九级,向导,xiàngdǎo,名
9888,七-九级,橡胶,xiàngjiāo,名
9889,七-九级,向来,xiànglái,副
9890,七-九级,相貌,xiàngmào,名
9891,七-九级,像样,xiàngyàng,形
9892,七-九级,消,xiāo,动
9893,七-九级,销,xiāo,动
9894,七-九级,削,xiāo,动
9895,七-九级,消沉,xiāochén,形
9896,七-九级,销毁,xiāohuǐ,动
9897,七-九级,消磨,xiāomó,动
9898,七-九级,消遣,xiāoqiǎn,动
9899,七-九级,潇洒,xiāosǎ,形
9900,七-九级,萧条,xiāotiáo,形
9901,七-九级,嚣张,xiāozhāng,形
9902,七-九级,小菜一碟,xiǎocài-yìdié,
9903,七-九级,小丑,xiǎochǒu,名
9904,七-九级,小费,xiǎofèi,名
9905,七-九级,小看,xiǎokàn,动
9906,七-九级,小康,xiǎokāng,形
9907,七-九级,小品,xiǎopǐn,名
9908,七-九级,小人,xiǎorén,名
9909,七-九级,小提琴,xiǎotíqín,名
9910,七-九级,小心翼翼,xiǎoxīn-yìyì,
9911,七-九级,效仿,xiàofǎng,动
9912,七-九级,孝敬,xiàojìng,动
9913,七-九级,效力,xiàolì,动、名
9914,七-九级,孝顺,xiàoshùn,动
9915,七-九级,肖像,xiàoxiàng,名
9916,七-九级,效益,xiàoyì,名
9917,七-九级,邪,xié,形
9918,七-九级,挟持,xiéchí,动
9919,七-九级,协定,xiédìng,名、动
9920,七-九级,邪恶,xié’è,形
9921,七-九级,协商,xiéshāng,动
9922,七-九级,携手,xiéshǒu,动
9923,七-九级,协同,xiétóng,动
9924,七-九级,协作,xiézuò,动
9925,七-九级,写照,xiězhào,动、名
9926,七-九级,泄,xiè,动
9927,七-九级,泻,xiè,动
9928,七-九级,卸,xiè,动
9929,七-九级,谢绝,xièjué,动
9930,七-九级,泄漏,xièlòu,动
9931,七-九级,泄露,xièlòu,动
9932,七-九级,泄密,xièmì,动
9933,七-九级,泄气,xièqì,动、形
9934,七-九级,卸任,xièrèn,动
9935,七-九级,卸载,xièzài,动
9936,七-九级,心安理得,xīn’ān-lǐdé,
9937,七-九级,心病,xīnbìng,名
9938,七-九级,心肠,xīncháng,名
9939,七-九级,新潮,xīncháo,名、形
9940,七-九级,新陈代谢,xīnchén-dàixiè,
9941,七-九级,薪酬,xīnchóu,名
9942,七-九级,新春,xīnchūn,名
9943,七-九级,心得,xīndé,名
9944,七-九级,心甘情愿,xīngān-qíngyuàn,
9945,七-九级,心慌,xīnhuāng,形
9946,七-九级,心急如焚,xīnjí-rúfén,
9947,七-九级,心灵手巧,xīnlíng-shǒuqiǎo,
9948,七-九级,芯片,xīnpiàn,名
9949,七-九级,新奇,xīnqí,形
9950,七-九级,辛勤,xīnqín,形
9951,七-九级,心声,xīnshēng,名
9952,七-九级,新生,xīnshēng,形、名
9953,七-九级,心事,xīnshì,名
9954,七-九级,新式,xīnshì,形
9955,七-九级,新手,xīnshǒu,名
9956,七-九级,心思,xīnsi,名
9957,七-九级,心酸,xīnsuān,形
9958,七-九级,辛酸,xīnsuān,形
9959,七-九级,欣慰,xīnwèi,形
9960,七-九级,欣喜,xīnxǐ,形
9961,七-九级,心想事成,xīnxiǎng-shìchéng,
9962,七-九级,欣欣向荣,xīnxīn-xiàngróng,
9963,七-九级,心胸,xīnxiōng,名
9964,七-九级,心血,xīnxuè,名
9965,七-九级,心眼儿,xīnyǎnr,名
9966,七-九级,心意,xīnyì,名
9967,七-九级,信贷,xìndài,名
9968,七-九级,信件,xìnjiàn,名
9969,七-九级,信仰,xìnyǎng,动、名
9970,七-九级,信誉,xìnyù,名
9971,七-九级,腥,xīng,形
9972,七-九级,兴奋剂,xīngfènjì,名
9973,七-九级,星级,xīngjí,名、形
9974,七-九级,兴建,xīngjiàn,动
9975,七-九级,兴隆,xīnglóng,形
9976,七-九级,星球,xīngqiú,名
9977,七-九级,兴盛,xīngshèng,形
9978,七-九级,兴旺,xīngwàng,形
9979,七-九级,星系,xīngxì,名
9980,七-九级,猩猩,xīngxing,名
9981,七-九级,星座,xīngzuò,名
9982,七-九级,刑法,xíngfǎ,名
9983,七-九级,刑事,xíngshì,形
9984,七-九级,行使,xíngshǐ,动
9985,七-九级,行星,xíngxīng,名
9986,七-九级,形形色色,xíngxíngsèsè,形
9987,七-九级,形影不离,xíngyǐng-bùlí,
9988,七-九级,行政,xíngzhèng,动、名
9989,七-九级,醒目,xǐngmù,形
9990,七-九级,醒悟,xǐngwù,动
9991,七-九级,幸存,xìngcún,动
9992,七-九级,性感,xìnggǎn,形
9993,七-九级,兴高采烈,xìnggāo-cǎiliè,
9994,七-九级,幸好,xìnghǎo,副
9995,七-九级,幸亏,xìngkuī,副
9996,七-九级,幸免,xìngmiǎn,动
9997,七-九级,性命,xìngmìng,名
9998,七-九级,性情,xìngqíng,名
9999,七-九级,姓氏,xìngshì,名
10000,七-九级,兴致,xìngzhì,名
10001,七-九级,凶,xiōng,形
10002,七-九级,凶残,xiōngcán,形
10003,七-九级,凶恶,xiōng’è,形
10004,七-九级,凶狠,xiōnghěn,形
10005,七-九级,胸怀,xiōnghuái,动、名
10006,七-九级,凶猛,xiōngměng,形
10007,七-九级,凶手,xiōngshǒu,名
10008,七-九级,胸膛,xiōngtáng,名
10009,七-九级,汹涌,xiōngyǒng,动
10010,七-九级,胸有成竹,xiōngyǒuchéngzhú,
10011,七-九级,雄厚,xiónghòu,形
10012,七-九级,雄伟,xióngwěi,形
10013,七-九级,雄性,xióngxìng,名
10014,七-九级,修补,xiūbǔ,动
10015,七-九级,修长,xiūcháng,形
10016,七-九级,羞耻,xiūchǐ,形
10017,七-九级,休克,xiūkè,名、动
10018,七-九级,羞愧,xiūkuì,形
10019,七-九级,休眠,xiūmián,动
10020,七-九级,休想,xiūxiǎng,动
10021,七-九级,休养,xiūyǎng,动
10022,七-九级,修养,xiūyǎng,名
10023,七-九级,修正,xiūzhèng,动
10024,七-九级,绣,xiù,动
10025,七-九级,锈,xiù,名、动
10026,七-九级,嗅,xiù,动
10027,七-九级,嗅觉,xiùjué,名
10028,七-九级,秀丽,xiùlì,形
10029,七-九级,秀美,xiùměi,形
10030,七-九级,袖手旁观,xiùshǒu-pángguān,
10031,七-九级,袖珍,xiùzhēn,形
10032,七-九级,须,xū,动
10033,七-九级,虚,xū,形、副
10034,七-九级,虚构,xūgòu,动
10035,七-九级,虚幻,xūhuàn,形
10036,七-九级,虚假,xūjiǎ,形
10037,七-九级,虚拟,xūnǐ,动、形
10038,七-九级,虚荣,xūróng,名、形
10039,七-九级,虚弱,xūruò,形
10040,七-九级,虚伪,xūwěi,形
10041,七-九级,须知,xūzhī,名、动
10042,七-九级,徐徐,xúxú,形
10043,七-九级,许,xǔ,动、副
10044,七-九级,许愿,xǔyuàn,动
10045,七-九级,序,xù,名
10046,七-九级,续,xù,动
10047,七-九级,絮叨,xùdao,形、动
10048,七-九级,续航,xùháng,动
10049,七-九级,酗酒,xùjiǔ,动
10050,七-九级,序列,xùliè,名
10051,七-九级,畜牧,xùmù,名
10052,七-九级,序幕,xùmù,名
10053,七-九级,旭日,xùrì,名
10054,七-九级,序言,xùyán,名
10055,七-九级,宣称,xuānchēng,动
10056,七-九级,宣读,xuāndú,动
10057,七-九级,宣告,xuāngào,动
10058,七-九级,喧哗,xuānhuá,形、动
10059,七-九级,喧闹,xuānnào,形、动
10060,七-九级,宣誓,xuānshì,动
10061,七-九级,宣泄,xuānxiè,动
10062,七-九级,宣言,xuānyán,名、动
10063,七-九级,宣扬,xuānyáng,动
10064,七-九级,玄,xuán,形
10065,七-九级,悬,xuán,动
10066,七-九级,悬挂,xuánguà,动
10067,七-九级,玄机,xuánjī,名
10068,七-九级,旋律,xuánlǜ,名
10069,七-九级,悬念,xuánniàn,名
10070,七-九级,悬殊,xuánshū,形
10071,七-九级,旋涡,xuánwō,名
10072,七-九级,悬崖,xuányá,名
10073,七-九级,选举,xuǎnjǔ,动
10074,七-九级,选民,xuǎnmín,名
10075,七-九级,选项,xuǎnxiàng,名
10076,七-九级,选用,xuǎnyòng,动
10077,七-九级,炫耀,xuànyào,动
10078,七-九级,削减,xuējiǎn,动
10079,七-九级,削弱,xuēruò,动
10080,七-九级,靴子,xuēzi,名
10081,七-九级,学识,xuéshí,名
10082,七-九级,学士,xuéshì,名
10083,七-九级,学说,xuéshuō,名
10084,七-九级,穴位,xuéwèi,名
10085,七-九级,学业,xuéyè,名
10086,七-九级,学子,xuézǐ,名
10087,七-九级,雪山,xuěshān,名
10088,七-九级,雪上加霜,xuěshàng-jiāshuāng,
10089,七-九级,血脉,xuèmài,名
10090,七-九级,血缘,xuèyuán,名
10091,七-九级,熏,xūn,动
10092,七-九级,熏陶,xūntáo,动
10093,七-九级,勋章,xūnzhāng,名
10094,七-九级,旬,xún,量
10095,七-九级,寻,xún,动
10096,七-九级,寻常,xúncháng,形
10097,七-九级,巡回,xúnhuí,动
10098,七-九级,巡逻,xúnluó,动
10099,七-九级,寻觅,xúnmì,动
10100,七-九级,巡视,xúnshì,动
10101,七-九级,循序渐进,xúnxù-jiànjìn,
10102,七-九级,训,xùn,动
10103,七-九级,驯,xùn,动
10104,七-九级,迅猛,xùnměng,形
10105,七-九级,逊色,xùnsè,名、形
10106,七-九级,押,yā,动
10107,七-九级,压倒,yādǎo,动
10108,七-九级,压迫,yāpò,动
10109,七-九级,鸦雀无声,yāquè-wúshēng,
10110,七-九级,丫头,yātou,名
10111,七-九级,压抑,yāyì,动
10112,七-九级,压榨,yāzhà,动
10113,七-九级,压制,yāzhì,动
10114,七-九级,压轴,yāzhòu,动、名
10115,七-九级,芽,yá,名
10116,七-九级,哑,yǎ,形
10117,七-九级,揠苗助长,yàmiáo-zhùzhǎng,
10118,七-九级,烟囱,yāncōng,名
10119,七-九级,咽喉,yānhóu,名
10120,七-九级,烟花,yānhuā,名
10121,七-九级,烟火,yānhuǒ,名
10122,七-九级,延,yán,动
10123,七-九级,沿岸,yán’àn,名
10124,七-九级,言辞,yáncí,名
10125,七-九级,延缓,yánhuǎn,动
10126,七-九级,严谨,yánjǐn,形
10127,七-九级,严峻,yánjùn,形
10128,七-九级,言论,yánlùn,名
10129,七-九级,严密,yánmì,形
10130,七-九级,岩石,yánshí,名
10131,七-九级,沿途,yántú,名、副
10132,七-九级,阎王,Yánwang,名
10133,七-九级,延误,yánwù,动
10134,七-九级,沿线,yánxiàn,名
10135,七-九级,言行,yánxíng,名
10136,七-九级,沿用,yányòng,动
10137,七-九级,演变,yǎnbiàn,动
10138,七-九级,掩耳盗铃,yǎn’ěr-dàolíng,
10139,七-九级,掩盖,yǎngài,动
10140,七-九级,眼红,yǎnhóng,形
10141,七-九级,掩护,yǎnhù,动、名
10142,七-九级,演化,yǎnhuà,动
10143,七-九级,演技,yǎnjì,名
10144,七-九级,眼界,yǎnjiè,名
10145,七-九级,演练,yǎnliàn,动
10146,七-九级,眼色,yǎnsè,名
10147,七-九级,眼神,yǎnshén,名
10148,七-九级,衍生,yǎnshēng,动
10149,七-九级,掩饰,yǎnshì,动
10150,七-九级,演示,yǎnshì,动
10151,七-九级,演说,yǎnshuō,动、名
10152,七-九级,演习,yǎnxí,动
10153,七-九级,眼下,yǎnxià,名
10154,七-九级,演绎,yǎnyì,动
10155,七-九级,咽,yàn,动
10156,七-九级,验,yàn,动
10157,七-九级,厌烦,yànfán,动
10158,七-九级,厌倦,yànjuàn,动
10159,七-九级,艳丽,yànlì,形
10160,七-九级,验收,yànshōu,动
10161,七-九级,厌恶,yànwù,动
10162,七-九级,燕子,yànzi,名
10163,七-九级,秧歌,yāngge,名
10164,七-九级,扬,yáng,动
10165,七-九级,阳历,yánglì,名
10166,七-九级,杨树,yángshù,名
10167,七-九级,阳性,yángxìng,名
10168,七-九级,洋溢,yángyì,动
10169,七-九级,养活,yǎnghuo,动
10170,七-九级,养生,yǎngshēng,动
10171,七-九级,仰望,yǎngwàng,动
10172,七-九级,养育,yǎngyù,动
10173,七-九级,养殖,yǎngzhí,动
10174,七-九级,样本,yàngběn,名
10175,七-九级,样品,yàngpǐn,名
10176,七-九级,邀,yāo,动
10177,七-九级,妖怪,yāoguài,名
10178,七-九级,窑,yáo,名
10179,七-九级,摇摆,yáobǎi,动
10180,七-九级,摇晃,yáohuàng,动
10181,七-九级,遥控,yáokòng,动
10182,七-九级,摇篮,yáolán,名
10183,七-九级,谣言,yáoyán,名
10184,七-九级,摇摇欲坠,yáoyáo-yùzhuì,
10185,七-九级,药材,yàocái,名
10186,七-九级,药方,yàofāng,名
10187,七-九级,要害,yàohài,名
10188,七-九级,要好,yàohǎo,形
10189,七-九级,要紧,yàojǐn,形
10190,七-九级,要领,yàolǐng,名
10191,七-九级,要命,yàomìng,动
10192,七-九级,要强,yàoqiáng,形
10193,七-九级,耀眼,yàoyǎn,形
10194,七-九级,椰子,yēzi,名
10195,七-九级,野餐,yěcān,动、名
10196,七-九级,野蛮,yěmán,形
10197,七-九级,野兽,yěshòu,名
10198,七-九级,野心,yěxīn,名
10199,七-九级,夜班,yèbān,名
10200,七-九级,业绩,yèjì,名
10201,七-九级,液晶,yèjīng,名
10202,七-九级,夜校,yèxiào,名
10203,七-九级,夜宵,yèxiāo,名
10204,七-九级,夜以继日,yèyǐjìrì,
10205,七-九级,依,yī,动、介
10206,七-九级,依次,yīcì,副
10207,七-九级,依法,yīfǎ,副
10208,七-九级,依附,yīfù,动
10209,七-九级,衣裳,yīshang,名
10210,七-九级,依托,yītuō,动
10211,七-九级,医务,yīwù,名
10212,七-九级,一线,yīxiàn,名
10213,七-九级,依依不舍,yīyī-bùshě,
10214,七-九级,依照,yīzhào,动、介
10215,七-九级,仪表,yíbiǎo,名
10216,七-九级,一并,yíbìng,副
10217,七-九级,疑点,yídiǎn,名
10218,七-九级,一动不动,yídòng-búdòng,
10219,七-九级,一度,yídù,数量、副
10220,七-九级,一概,yígài,副
10221,七-九级,一概而论,yígài’érlùn,
10222,七-九级,一晃,yíhuàng,动
10223,七-九级,移交,yíjiāo,动
10224,七-九级,一技之长,yíjìzhīcháng,
10225,七-九级,宜居,yíjū,形
10226,七-九级,遗留,yíliú,动
10227,七-九级,遗漏,yílòu,动
10228,七-九级,疑虑,yílǜ,动、名
10229,七-九级,一面,yímiàn,名、副
10230,七-九级,一目了然,yímù-liǎorán,
10231,七-九级,遗弃,yíqì,动
10232,七-九级,怡然自得,yírán-zìdé,
10233,七-九级,宜人,yírén,形
10234,七-九级,遗失,yíshī,动
10235,七-九级,一事无成,yíshì-wúchéng,
10236,七-九级,遗体,yítǐ,名
10237,七-九级,遗忘,yíwàng,动
10238,七-九级,一味,yíwèi,副
10239,七-九级,遗物,yíwù,名
10240,七-九级,移植,yízhí,动
10241,七-九级,遗嘱,yízhǔ,名
10242,七-九级,矣,yǐ,助
10243,七-九级,倚,yǐ,动
10244,七-九级,以身作则,yǐshēn-zuòzé,
10245,七-九级,以致,yǐzhì,连
10246,七-九级,以至于,yǐzhìyú,连
10247,七-九级,议,yì,动
10248,七-九级,亦,yì,副
10249,七-九级,译,yì,动
10250,七-九级,溢,yì,动
10251,七-九级,议程,yìchéng,名
10252,七-九级,一成不变,yìchéng-búbiàn,
10253,七-九级,一筹莫展,yìchóu-mòzhǎn,
10254,七-九级,一干二净,yìgān-èrjìng,
10255,七-九级,义工,yìgōng,名
10256,七-九级,一鼓作气,yìgǔ-zuòqì,
10257,七-九级,一经,yìjīng,副
10258,七-九级,一举,yìjǔ,名、副
10259,七-九级,一举两得,yìjǔ-liǎngdé,
10260,七-九级,一举一动,yìjǔ-yídòng,
10261,七-九级,异口同声,yìkǒu-tóngshēng,
10262,七-九级,易拉罐,yìlāguàn,名
10263,七-九级,一揽子,yìlǎnzi,形
10264,七-九级,屹立,yìlì,动
10265,七-九级,毅力,yìlì,名
10266,七-九级,一连,yìlián,副
10267,七-九级,一连串,yìliánchuàn,形
10268,七-九级,意料,yìliào,动
10269,七-九级,一毛不拔,yìmáo-bùbá,
10270,七-九级,疫苗,yìmiáo,名
10271,七-九级,一旁,yìpáng,名
10272,七-九级,一齐,yìqí,副
10273,七-九级,毅然,yìrán,副
10274,七-九级,一如既往,yìrú-jìwǎng,
10275,七-九级,一声不吭,yìshēng-bùkēng,
10276,七-九级,一手,yìshǒu,名、副
10277,七-九级,一丝不苟,yìsī-bùgǒu,
10278,七-九级,一塌糊涂,yìtāhútú,
10279,七-九级,议题,yìtí,名
10280,七-九级,一体,yìtǐ,名
10281,七-九级,一头,yìtóu,名、副
10282,七-九级,意图,yìtú,动、名
10283,七-九级,亿万,yìwàn,数
10284,七-九级,意味,yìwèi,名
10285,七-九级,一无所有,yìwúsuǒyǒu,
10286,七-九级,一无所知,yìwúsuǒzhī,
10287,七-九级,意向,yìxiàng,名
10288,七-九级,意想不到,yìxiǎng-búdào,
10289,七-九级,异想天开,yìxiǎng-tiānkāi,
10290,七-九级,一心,yìxīn,副、形
10291,七-九级,一行,yìxíng,名
10292,七-九级,异性,yìxìng,形、名
10293,七-九级,一心一意,yìxīn-yíyì,
10294,七-九级,一言不发,yìyán-bùfā,
10295,七-九级,抑扬顿挫,yìyáng-dùncuò,
10296,七-九级,一言一行,yìyán-yìxíng,
10297,七-九级,异议,yìyì,名
10298,七-九级,一应俱全,yìyīng-jùquán,
10299,七-九级,抑郁,yìyù,形
10300,七-九级,意愿,yìyuàn,名
10301,七-九级,抑郁症,yìyùzhèng,名
10302,七-九级,一早,yìzǎo,名
10303,七-九级,一针见血,yìzhēn-jiànxiě,
10304,七-九级,意志,yìzhì,名
10305,七-九级,阴暗,yīn’àn,形
10306,七-九级,因地制宜,yīndì-zhìyí,
10307,七-九级,阴历,yīnlì,名
10308,七-九级,阴谋,yīnmóu,动、名
10309,七-九级,殷勤,yīnqín,形
10310,七-九级,因人而异,yīnrén’éryì,
10311,七-九级,音响,yīnxiǎng,名
10312,七-九级,阴性,yīnxìng,名
10313,七-九级,阴影,yīnyǐng,名
10314,七-九级,银幕,yínmù,名
10315,七-九级,瘾,yǐn,名
10316,七-九级,隐蔽,yǐnbì,动、形
10317,七-九级,隐含,yǐnhán,动
10318,七-九级,隐患,yǐnhuàn,名
10319,七-九级,引荐,yǐnjiàn,动
10320,七-九级,引经据典,yǐnjīng-jùdiǎn,
10321,七-九级,引领,yǐnlǐng,动
10322,七-九级,隐瞒,yǐnmán,动
10323,七-九级,引擎,yǐnqíng,名
10324,七-九级,隐情,yǐnqíng,名
10325,七-九级,引人入胜,yǐnrén-rùshèng,
10326,七-九级,引人注目,yǐnrén-zhùmù,
10327,七-九级,隐形,yǐnxíng,形
10328,七-九级,隐性,yǐnxìng,形
10329,七-九级,引用,yǐnyòng,动
10330,七-九级,引诱,yǐnyòu,动
10331,七-九级,隐约,yǐnyuē,形
10332,七-九级,印章,yìnzhāng,名
10333,七-九级,印证,yìnzhèng,动、名
10334,七-九级,鹰,yīng,名
10335,七-九级,英俊,yīngjùn,形
10336,七-九级,英明,yīngmíng,形
10337,七-九级,英勇,yīngyǒng,形
10338,七-九级,应有尽有,yīngyǒu-jìnyǒu,
10339,七-九级,荧光,yíngguāng,名
10340,七-九级,迎合,yínghé,动
10341,七-九级,赢家,yíngjiā,名
10342,七-九级,营救,yíngjiù,动
10343,七-九级,盈利,yínglì,名
10344,七-九级,营利,yínglì,动
10345,七-九级,迎面,yíngmiàn,副
10346,七-九级,营销,yíngxiāo,动
10347,七-九级,营造,yíngzào,动
10348,七-九级,影像,yǐngxiàng,名
10349,七-九级,应,yìng,动
10350,七-九级,硬币,yìngbì,名
10351,七-九级,应酬,yìngchou,动、名
10352,七-九级,应付,yìngfu,动
10353,七-九级,应急,yìngjí,动
10354,七-九级,硬朗,yìnglang,形
10355,七-九级,硬盘,yìngpán,名
10356,七-九级,应邀,yìngyāo,动
10357,七-九级,拥护,yōnghù,动
10358,七-九级,庸俗,yōngsú,形
10359,七-九级,涌,yǒng,动
10360,七-九级,永恒,yǒnghéng,形
10361,七-九级,永久,yǒngjiǔ,形
10362,七-九级,勇往直前,yǒngwǎng-zhíqián,
10363,七-九级,踊跃,yǒngyuè,动、形
10364,七-九级,用意,yòngyì,名
10365,七-九级,忧愁,yōuchóu,形
10366,七-九级,忧虑,yōulǜ,动
10367,七-九级,优胜劣汰,yōushèng-liètài,
10368,七-九级,悠闲,yōuxián,形
10369,七-九级,优雅,yōuyǎ,形
10370,七-九级,忧郁,yōuyù,形
10371,七-九级,优越,yōuyuè,形
10372,七-九级,邮编,yóubiān,名
10373,七-九级,游船,yóuchuán,名
10374,七-九级,油画,yóuhuà,名
10375,七-九级,油腻,yóunì,形、名
10376,七-九级,油漆,yóuqī,名、动
10377,七-九级,尤为,yóuwéi,副
10378,七-九级,游行,yóuxíng,动
10379,七-九级,犹豫不决,yóuyù-bùjué,
10380,七-九级,邮政,yóuzhèng,名
10381,七-九级,由衷,yóuzhōng,动
10382,七-九级,有待,yǒudài,动
10383,七-九级,有的放矢,yǒudì-fàngshǐ,
10384,七-九级,友人,yǒurén,名
10385,七-九级,友善,yǒushàn,形
10386,七-九级,有声有色,yǒushēng-yǒusè,
10387,七-九级,有条不紊,yǒutiáo-bùwěn,
10388,七-九级,有望,yǒuwàng,动
10389,七-九级,有幸,yǒuxìng,形
10390,七-九级,有意,yǒuyì,动、副
10391,七-九级,有朝一日,yǒuzhāo-yírì,
10392,七-九级,诱饵,yòu’ěr,名
10393,七-九级,诱发,yòufā,动
10394,七-九级,诱惑,yòuhuò,动、名
10395,七-九级,诱人,yòurén,动、形
10396,七-九级,幼稚,yòuzhì,形
10397,七-九级,淤泥,yūní,名
10398,七-九级,余,yú,动、数
10399,七-九级,渔船,yúchuán,名
10400,七-九级,愚蠢,yúchǔn,形
10401,七-九级,余地,yúdì,名
10402,七-九级,愚公移山,yúgōng-yíshān,
10403,七-九级,舆论,yúlùn,名
10404,七-九级,愚昧,yúmèi,形
10405,七-九级,渔民,yúmín,名
10406,七-九级,逾期,yúqī,动
10407,七-九级,愉悦,yúyuè,形
10408,七-九级,与否,yǔ fǒu,
10409,七-九级,与日俱增,yǔrì-jùzēng,
10410,七-九级,与时俱进,yǔshí-jùjìn,
10411,七-九级,予以,yǔyǐ,动
10412,七-九级,与众不同,yǔzhòng-bùtóng,
10413,七-九级,宇宙,yǔzhòu,名
10414,七-九级,玉,yù,名
10415,七-九级,愈,yù,副
10416,七-九级,预备,yùbèi,动
10417,七-九级,预感,yùgǎn,动、名
10418,七-九级,预告,yùgào,动、名
10419,七-九级,愈合,yùhé,动
10420,七-九级,愈加,yùjiā,副
10421,七-九级,预见,yùjiàn,动、名
10422,七-九级,预警,yùjǐng,动
10423,七-九级,郁闷,yùmèn,形
10424,七-九级,遇难,yùnàn,动
10425,七-九级,预赛,yùsài,动、名
10426,七-九级,预示,yùshì,动
10427,七-九级,预售,yùshòu,动
10428,七-九级,预算,yùsuàn,名、动
10429,七-九级,遇险,yùxiǎn,动
10430,七-九级,预先,yùxiān,副
10431,七-九级,预言,yùyán,动、名
10432,七-九级,寓言,yùyán,名
10433,七-九级,愈演愈烈,yùyǎn-yùliè,
10434,七-九级,寓意,yùyì,名
10435,七-九级,预兆,yùzhào,名、动
10436,七-九级,冤,yuān,名、形
10437,七-九级,冤枉,yuānwang,形、动
10438,七-九级,渊源,yuānyuán,名
10439,七-九级,原创,yuánchuàng,动
10440,七-九级,缘分,yuánfèn,名
10441,七-九级,原告,yuángào,名
10442,七-九级,缘故,yuángù,名
10443,七-九级,元老,yuánlǎo,名
10444,七-九级,园区,yuánqū,名
10445,七-九级,源泉,yuánquán,名
10446,七-九级,元首,yuánshǒu,名
10447,七-九级,源头,yuántóu,名
10448,七-九级,原型,yuánxíng,名
10449,七-九级,源源不断,yuányuán-búduàn,
10450,七-九级,源远流长,yuányuǎn-liúcháng,
10451,七-九级,原汁原味,yuánzhī-yuánwèi,
10452,七-九级,援助,yuánzhù,动
10453,七-九级,原装,yuánzhuāng,形
10454,七-九级,远见,yuǎnjiàn,名
10455,七-九级,远近闻名,yuǎnjìn-wénmíng,
10456,七-九级,怨,yuàn,动
10457,七-九级,怨恨,yuànhèn,动、名
10458,七-九级,怨气,yuànqì,名
10459,七-九级,院士,yuànshì,名
10460,七-九级,怨言,yuànyán,名
10461,七-九级,曰,yuē,动
10462,七-九级,约定俗成,yuēdìng-súchéng,
10463,七-九级,乐队,yuèduì,名
10464,七-九级,悦耳,yuè’ěr,形
10465,七-九级,越发,yuèfā,副
10466,七-九级,岳父,yuèfù,名
10467,七-九级,越过,yuèguò,动
10468,七-九级,阅览,yuèlǎn,动
10469,七-九级,阅历,yuèlì,动、名
10470,七-九级,岳母,yuèmǔ,名
10471,七-九级,乐谱,yuèpǔ,名
10472,七-九级,晕头转向,yūntóu-zhuànxiàng,
10473,七-九级,陨石,yǔnshí,名
10474,七-九级,熨,yùn,动
10475,七-九级,蕴藏,yùncáng,动
10476,七-九级,运筹帷幄,yùnchóu-wéiwò,
10477,七-九级,孕妇,yùnfù,名
10478,七-九级,蕴含,yùnhán,动
10479,七-九级,运河,yùnhé,名
10480,七-九级,酝酿,yùnniàng,动
10481,七-九级,运算,yùnsuàn,动
10482,七-九级,韵味,yùnwèi,名
10483,七-九级,孕育,yùnyù,动
10484,七-九级,运转,yùnzhuǎn,动
10485,七-九级,运作,yùnzuò,动
10486,七-九级,砸,zá,动
10487,七-九级,杂技,zájì,名
10488,七-九级,杂交,zájiāo,动
10489,七-九级,杂乱无章,záluàn-wúzhāng,
10490,七-九级,栽,zāi,动
10491,七-九级,栽培,zāipéi,动
10492,七-九级,栽赃,zāizāng,动
10493,七-九级,宰,zǎi,动
10494,七-九级,再度,zàidù,副
10495,七-九级,再接再厉,zàijiē-zàilì,
10496,七-九级,在所难免,zàisuǒnánmiǎn,
10497,七-九级,载体,zàitǐ,名
10498,七-九级,再现,zàixiàn,动
10499,七-九级,在职,zàizhí,动
10500,七-九级,攒,zǎn,动
10501,七-九级,暂,zàn,副
10502,七-九级,赞不绝口,zànbùjuékǒu,
10503,七-九级,赞美,zànměi,动
10504,七-九级,暂且,zànqiě,副
10505,七-九级,赞叹,zàntàn,动
10506,七-九级,赞许,zànxǔ,动
10507,七-九级,赞扬,zànyáng,动
10508,七-九级,赞助,zànzhù,动
10509,七-九级,葬,zàng,动
10510,七-九级,葬礼,zànglǐ,名
10511,七-九级,糟粕,zāopò,名
10512,七-九级,糟蹋,zāotà,动
10513,七-九级,遭殃,zāoyāng,动
10514,七-九级,凿,záo,动
10515,七-九级,枣,zǎo,名
10516,七-九级,早年,zǎonián,名
10517,七-九级,早日,zǎorì,副、名
10518,七-九级,灶,zào,名
10519,七-九级,造福,zàofú,动
10520,七-九级,造价,zàojià,名
10521,七-九级,造假,zàojiǎ,动
10522,七-九级,造就,zàojiù,动、名
10523,七-九级,则2,zé,量
10524,七-九级,责备,zébèi,动
10525,七-九级,责怪,zéguài,动
10526,七-九级,贼,zéi,名、形
10527,七-九级,增产,zēngchǎn,动
10528,七-九级,增收,zēngshōu,动
10529,七-九级,增速,zēngsù,动
10530,七-九级,增添,zēngtiān,动
10531,七-九级,增值,zēngzhí,动
10532,七-九级,渣,zhā,名
10533,七-九级,扎根,zhāgēn,动
10534,七-九级,扎实,zhāshi,形
10535,七-九级,闸,zhá,名、动
10536,七-九级,眨眼,zhǎyǎn,动
10537,七-九级,榨,zhà,动
10538,七-九级,炸弹,zhàdàn,名
10539,七-九级,诈骗,zhàpiàn,动
10540,七-九级,炸药,zhàyào,名
10541,七-九级,摘要,zhāiyào,动、名
10542,七-九级,债,zhài,名
10543,七-九级,债券,zhàiquàn,名
10544,七-九级,债务,zhàiwù,名
10545,七-九级,沾,zhān,动
10546,七-九级,占卜,zhānbǔ,动
10547,七-九级,沾光,zhānguāng,动
10548,七-九级,瞻仰,zhānyǎng,动
10549,七-九级,斩,zhǎn,动
10550,七-九级,盏,zhǎn,量
10551,七-九级,斩钉截铁,zhǎndīng-jiétiě,
10552,七-九级,展望,zhǎnwàng,动
10553,七-九级,辗转,zhǎnzhuǎn,动
10554,七-九级,蘸,zhàn,动
10555,七-九级,战场,zhànchǎng,名
10556,七-九级,绽放,zhànfàng,动
10557,七-九级,站立,zhànlì,动
10558,七-九级,占领,zhànlǐng,动
10559,七-九级,战略,zhànlüè,名
10560,七-九级,战士,zhànshì,名
10561,七-九级,战术,zhànshù,名
10562,七-九级,战役,zhànyì,名
10563,七-九级,占用,zhànyòng,动
10564,七-九级,战友,zhànyǒu,名
10565,七-九级,章程,zhāngchéng,名
10566,七-九级,张灯结彩,zhāngdēng-jiécǎi,
10567,七-九级,张贴,zhāngtiē,动
10568,七-九级,张扬,zhāngyáng,动
10569,七-九级,掌舵,zhǎngduò,动、名
10570,七-九级,涨幅,zhǎngfú,名
10571,七-九级,掌管,zhǎngguǎn,动
10572,七-九级,长相,zhǎngxiàng,名
10573,七-九级,涨,zhàng,动
10574,七-九级,胀,zhàng,动、形
10575,七-九级,帐篷,zhàngpeng,名
10576,七-九级,招标,zhāobiāo,动
10577,七-九级,招揽,zhāolǎn,动
10578,七-九级,招募,zhāomù,动
10579,七-九级,招牌,zhāopai,名
10580,七-九级,朝气蓬勃,zhāoqì-péngbó,
10581,七-九级,朝三暮四,zhāosān-mùsì,
10582,七-九级,招商,zhāoshāng,动
10583,七-九级,招数,zhāoshù,名
10584,七-九级,朝夕相处,zhāoxī-xiāngchǔ,
10585,七-九级,着迷,zháomí,动
10586,七-九级,沼泽,zhǎozé,名
10587,七-九级,罩,zhào,动、名
10588,七-九级,照办,zhàobàn,动
10589,七-九级,照常,zhàocháng,副、动
10590,七-九级,召集,zhàojí,动
10591,七-九级,照例,zhàolì,副
10592,七-九级,照料,zhàoliào,动
10593,七-九级,照射,zhàoshè,动
10594,七-九级,肇事,zhàoshì,动
10595,七-九级,兆头,zhàotou,名
10596,七-九级,照样,zhàoyàng,副、动
10597,七-九级,照耀,zhàoyào,动
10598,七-九级,遮,zhē,动
10599,七-九级,遮挡,zhēdǎng,动、名
10600,七-九级,遮盖,zhēgài,动
10601,七-九级,折腾,zhēteng,动
10602,七-九级,折叠,zhédié,动
10603,七-九级,折合,zhéhé,动
10604,七-九级,哲理,zhélǐ,名
10605,七-九级,折磨,zhémó,动
10606,七-九级,折射,zhéshè,动
10607,七-九级,珍藏,zhēncáng,动、名
10608,七-九级,侦查,zhēnchá,动
10609,七-九级,针锋相对,zhēnfēng-xiāngduì,
10610,七-九级,针灸,zhēnjiǔ,名
10611,七-九级,真空,zhēnkōng,名
10612,七-九级,真理,zhēnlǐ,名
10613,七-九级,真情,zhēnqíng,名
10614,七-九级,真是,zhēnshi,动
10615,七-九级,珍视,zhēnshì,动
10616,七-九级,侦探,zhēntàn,动、名
10617,七-九级,珍稀,zhēnxī,形
10618,七-九级,真心,zhēnxīn,名
10619,七-九级,真挚,zhēnzhì,形
10620,七-九级,珍重,zhēnzhòng,动
10621,七-九级,斟酌,zhēnzhuó,动
10622,七-九级,枕,zhěn,动
10623,七-九级,诊所,zhěnsuǒ,名
10624,七-九级,震,zhèn,动
10625,七-九级,震荡,zhèndàng,动
10626,七-九级,阵地,zhèndì,名
10627,七-九级,镇定,zhèndìng,形、动
10628,七-九级,振动,zhèndòng,动
10629,七-九级,震动,zhèndòng,动
10630,七-九级,振奋,zhènfèn,形、动
10631,七-九级,震撼,zhènhàn,动
10632,七-九级,镇静,zhènjìng,形、动
10633,七-九级,震惊,zhènjīng,形、动
10634,七-九级,阵容,zhènróng,名
10635,七-九级,振兴,zhènxīng,动
10636,七-九级,阵营,zhènyíng,名
10637,七-九级,振作,zhènzuò,形、动
10638,七-九级,征,zhēng,动
10639,七-九级,蒸,zhēng,动
10640,七-九级,争辩,zhēngbiàn,动
10641,七-九级,争端,zhēngduān,名
10642,七-九级,蒸发,zhēngfā,动
10643,七-九级,争分夺秒,zhēngfēn-duómiǎo,
10644,七-九级,征服,zhēngfú,动
10645,七-九级,争光,zhēngguāng,动
10646,七-九级,征集,zhēngjí,动
10647,七-九级,症结,zhēngjié,名
10648,七-九级,争气,zhēngqì,动
10649,七-九级,征收,zhēngshōu,动
10650,七-九级,争相,zhēngxiāng,副
10651,七-九级,争先恐后,zhēngxiān-kǒnghòu,
10652,七-九级,正月,zhēngyuè,名
10653,七-九级,挣扎,zhēngzhá,动
10654,七-九级,争执,zhēngzhí,动
10655,七-九级,整顿,zhěngdùn,动
10656,七-九级,整合,zhěnghé,动
10657,七-九级,整洁,zhěngjié,形
10658,七-九级,拯救,zhěngjiù,动
10659,七-九级,整数,zhěngshù,名
10660,七-九级,整治,zhěngzhì,动
10661,七-九级,正版,zhèngbǎn,名
10662,七-九级,正当,zhèngdàng,形
10663,七-九级,政党,zhèngdǎng,名
10664,七-九级,正经,zhèngjing,形
10665,七-九级,正能量,zhèngnéngliàng,名
10666,七-九级,正气,zhèngqì,名
10667,七-九级,政权,zhèngquán,名
10668,七-九级,证券,zhèngquàn,名
10669,七-九级,证人,zhèngrén,名
10670,七-九级,正视,zhèngshì,动
10671,七-九级,正直,zhèngzhí,形
10672,七-九级,郑重,zhèngzhòng,形
10673,七-九级,正宗,zhèngzōng,名、形
10674,七-九级,之2,zhī,代
10675,七-九级,织,zhī,动
10676,七-九级,之际,zhījì,名
10677,七-九级,知己,zhījǐ,形、名
10678,七-九级,支架,zhījià,名、动
10679,七-九级,知觉,zhījué,名
10680,七-九级,支流,zhīliú,名
10681,七-九级,芝麻,zhīma,名
10682,七-九级,支配,zhīpèi,动
10683,七-九级,支票,zhīpiào,名
10684,七-九级,知识分子,zhīshi fènzǐ,
10685,七-九级,肢体,zhītǐ,名
10686,七-九级,支援,zhīyuán,动
10687,七-九级,支柱,zhīzhù,名
10688,七-九级,知足,zhīzú,形
10689,七-九级,知足常乐,zhīzú-chánglè,
10690,七-九级,职称,zhíchēng,名
10691,七-九级,直达,zhídá,动
10692,七-九级,执法,zhífǎ,动
10693,七-九级,直观,zhíguān,形
10694,七-九级,直径,zhíjìng,名
10695,七-九级,直觉,zhíjué,名
10696,七-九级,职能,zhínéng,名
10697,七-九级,值钱,zhíqián,形
10698,七-九级,直升机,zhíshēngjī,名
10699,七-九级,直视,zhíshì,动
10700,七-九级,直线,zhíxiàn,名、形
10701,七-九级,直辖市,zhíxiáshì,名
10702,七-九级,执意,zhíyì,副
10703,七-九级,执照,zhízhào,名
10704,七-九级,直至,zhízhì,动
10705,七-九级,执着,zhízhuó,形
10706,七-九级,纸币,zhǐbì,名
10707,七-九级,指标,zhǐbiāo,名
10708,七-九级,止步,zhǐbù,动
10709,七-九级,指点,zhǐdiǎn,动
10710,七-九级,只管,zhǐguǎn,副
10711,七-九级,指甲,zhǐjia,名
10712,七-九级,指教,zhǐjiào,动
10713,七-九级,指控,zhǐkòng,动
10714,七-九级,指令,zhǐlìng,动、名
10715,七-九级,指南,zhǐnán,名
10716,七-九级,纸上谈兵,zhǐshàng-tánbīng,
10717,七-九级,指手画脚,zhǐshǒu-huàjiǎo,
10718,七-九级,指数,zhǐshù,名
10719,七-九级,指望,zhǐwàng,动、名
10720,七-九级,指纹,zhǐwén,名
10721,七-九级,指向,zhǐxiàng,动、名
10722,七-九级,指引,zhǐyǐn,动
10723,七-九级,旨在,zhǐzài,动
10724,七-九级,致,zhì,动
10725,七-九级,置,zhì,动
10726,七-九级,治安,zhì’ān,名
10727,七-九级,制裁,zhìcái,动
10728,七-九级,致辞,zhìcí,动
10729,七-九级,至此,zhìcǐ,动
10730,七-九级,质地,zhìdì,名
10731,七-九级,制服1,zhìfú,名
10732,七-九级,制服2,zhìfú,动
10733,七-九级,致富,zhìfù,动
10734,七-九级,滞后,zhìhòu,动
10735,七-九级,致敬,zhìjìng,动
10736,七-九级,滞留,zhìliú,动
10737,七-九级,致力于,zhìlìyú,动
10738,七-九级,致命,zhìmìng,动
10739,七-九级,稚嫩,zhìnèn,形
10740,七-九级,质朴,zhìpǔ,形
10741,七-九级,志气,zhìqì,名
10742,七-九级,智商,zhìshāng,名
10743,七-九级,致使,zhìshǐ,动、连
10744,七-九级,质问,zhìwèn,动
10745,七-九级,窒息,zhìxī,动
10746,七-九级,志向,zhìxiàng,名
10747,七-九级,治愈,zhìyù,动
10748,七-九级,志愿,zhìyuàn,名、动
10749,七-九级,制约,zhìyuē,动
10750,七-九级,制止,zhìzhǐ,动
10751,七-九级,钟,zhōng,名
10752,七-九级,忠诚,zhōngchéng,形
10753,七-九级,终端,zhōngduān,名
10754,七-九级,忠告,zhōnggào,动、名
10755,七-九级,终极,zhōngjí,名
10756,七-九级,终结,zhōngjié,动
10757,七-九级,终究,zhōngjiū,副
10758,七-九级,中立,zhōnglì,动
10759,七-九级,终生,zhōngshēng,名
10760,七-九级,忠实,zhōngshí,形、动
10761,七-九级,中途,zhōngtú,名
10762,七-九级,忠心,zhōngxīn,名
10763,七-九级,衷心,zhōngxīn,形
10764,七-九级,中性,zhōngxìng,名、形
10765,七-九级,中叶,zhōngyè,名
10766,七-九级,中庸,zhōngyōng,名、形
10767,七-九级,忠于,zhōngyú,动
10768,七-九级,忠贞,zhōngzhēn,形
10769,七-九级,中止,zhōngzhǐ,动
10770,七-九级,终止,zhōngzhǐ,动
10771,七-九级,肿瘤,zhǒngliú,名
10772,七-九级,种族,zhǒngzú,名
10773,七-九级,仲裁,zhòngcái,动
10774,七-九级,重创,zhòngchuāng,动
10775,七-九级,重量级,zhòngliàngjí,形
10776,七-九级,重任,zhòngrèn,名
10777,七-九级,重型,zhòngxíng,形
10778,七-九级,重用,zhòngyòng,动
10779,七-九级,众志成城,zhòngzhì-chéngchéng,
10780,七-九级,重中之重,zhòngzhōngzhīzhòng,
10781,七-九级,周密,zhōumì,形
10782,七-九级,周岁,zhōusuì,名
10783,七-九级,周旋,zhōuxuán,动
10784,七-九级,周折,zhōuzhé,名
10785,七-九级,周转,zhōuzhuǎn,动
10786,七-九级,皱,zhòu,名、动
10787,七-九级,骤然,zhòurán,副
10788,七-九级,皱纹,zhòuwén,名
10789,七-九级,昼夜,zhòuyè,名
10790,七-九级,朱红,zhūhóng,形
10791,七-九级,诸如此类,zhūrú-cǐlèi,
10792,七-九级,诸位,zhūwèi,代
10793,七-九级,竹竿,zhúgān,名
10794,七-九级,逐年,zhúnián,副
10795,七-九级,逐一,zhúyī,副
10796,七-九级,拄,zhǔ,动
10797,七-九级,主编,zhǔbiān,动、名
10798,七-九级,主打,zhǔdǎ,动
10799,七-九级,嘱咐,zhǔfù,动
10800,七-九级,主力,zhǔlì,名
10801,七-九级,主权,zhǔquán,名
10802,七-九级,主人公,zhǔréngōng,名
10803,七-九级,主体,zhǔtǐ,名
10804,七-九级,主题曲,zhǔtíqǔ,名
10805,七-九级,嘱托,zhǔtuō,动
10806,七-九级,主页,zhǔyè,名
10807,七-九级,主义,zhǔyì,名
10808,七-九级,主宰,zhǔzǎi,动、名
10809,七-九级,注,zhù,动、名
10810,七-九级,驻,zhù,动
10811,七-九级,筑,zhù,动
10812,七-九级,贮藏,zhùcáng,动
10813,七-九级,著称,zhùchēng,动
10814,七-九级,住处,zhùchù,名
10815,七-九级,注定,zhùdìng,动
10816,七-九级,住户,zhùhù,名
10817,七-九级,助力,zhùlì,动、名
10818,七-九级,注射,zhùshè,动
10819,七-九级,注视,zhùshì,动
10820,七-九级,注释,zhùshì,动、名
10821,七-九级,助威,zhùwēi,动
10822,七-九级,注销,zhùxiāo,动
10823,七-九级,蛀牙,zhùyá,名
10824,七-九级,铸造,zhùzào,动
10825,七-九级,驻扎,zhùzhā,动
10826,七-九级,柱子,zhùzi,名
10827,七-九级,驻足,zhùzú,动
10828,七-九级,爪子,zhuǎzi,名
10829,七-九级,拽,zhuài,动
10830,七-九级,专长,zhuāncháng,名
10831,七-九级,专程,zhuānchéng,副
10832,七-九级,专柜,zhuānguì,名
10833,七-九级,专辑,zhuānjí,名
10834,七-九级,专栏,zhuānlán,名
10835,七-九级,专卖,zhuānmài,动
10836,七-九级,专人,zhuānrén,名
10837,七-九级,专项,zhuānxiàng,名
10838,七-九级,专职,zhuānzhí,名
10839,七-九级,专制,zhuānzhì,动、形
10840,七-九级,专著,zhuānzhù,名
10841,七-九级,转播,zhuǎnbō,动
10842,七-九级,转达,zhuǎndá,动
10843,七-九级,转化,zhuǎnhuà,动
10844,七-九级,转机2,zhuǎnjī,名
10845,七-九级,转型,zhuǎnxíng,动
10846,七-九级,转眼,zhuǎnyǎn,动
10847,七-九级,转载,zhuǎnzǎi,动
10848,七-九级,转折,zhuǎnzhé,动
10849,七-九级,转折点,zhuǎnzhédiǎn,名
10850,七-九级,传,zhuàn,名
10851,七-九级,传记,zhuànjì,名
10852,七-九级,撰写,zhuànxiě,动
10853,七-九级,转悠,zhuànyou,动
10854,七-九级,桩,zhuāng,名、量
10855,七-九级,装扮,zhuāngbàn,动
10856,七-九级,庄严,zhuāngyán,形
10857,七-九级,庄园,zhuāngyuán,名
10858,七-九级,装置,zhuāngzhì,动、名
10859,七-九级,庄重,zhuāngzhòng,形
10860,七-九级,幢,zhuàng,量
10861,七-九级,壮,zhuàng,形、动
10862,七-九级,壮大,zhuàngdà,形、动
10863,七-九级,壮观,zhuàngguān,名、形
10864,七-九级,撞击,zhuàngjī,动
10865,七-九级,壮丽,zhuànglì,形
10866,七-九级,壮烈,zhuàngliè,形
10867,七-九级,状元,zhuàngyuan,名
10868,七-九级,追悼,zhuīdào,动
10869,七-九级,追赶,zhuīgǎn,动
10870,七-九级,追捧,zhuīpěng,动
10871,七-九级,追溯,zhuīsù,动
10872,七-九级,追随,zhuīsuí,动
10873,七-九级,追尾,zhuīwěi,动
10874,七-九级,追问,zhuīwèn,动
10875,七-九级,追逐,zhuīzhú,动
10876,七-九级,追踪,zhuīzōng,动
10877,七-九级,坠,zhuì,动、名
10878,七-九级,坠落,zhuìluò,动
10879,七-九级,准许,zhǔnxǔ,动
10880,七-九级,准则,zhǔnzé,名
10881,七-九级,拙劣,zhuōliè,形
10882,七-九级,捉迷藏,zhuōmícáng,
10883,七-九级,着力,zhuólì,动
10884,七-九级,着落,zhuóluò,名
10885,七-九级,酌情,zhuóqíng,动
10886,七-九级,灼热,zhuórè,形
10887,七-九级,着实,zhuóshí,副
10888,七-九级,着手,zhuóshǒu,动
10889,七-九级,着想,zhuóxiǎng,动
10890,七-九级,着眼,zhuóyǎn,动
10891,七-九级,卓越,zhuóyuè,形
10892,七-九级,着重,zhuózhòng,动
10893,七-九级,茁壮,zhuózhuàng,形
10894,七-九级,兹,zī,代
10895,七-九级,资本主义,zīběn zhǔyì,
10896,七-九级,资历,zīlì,名
10897,七-九级,滋润,zīrùn,形、动
10898,七-九级,资深,zīshēn,形
10899,七-九级,滋生,zīshēng,动
10900,七-九级,姿态,zītài,名
10901,七-九级,滋味,zīwèi,名
10902,七-九级,资讯,zīxùn,名
10903,七-九级,资质,zīzhì,名
10904,七-九级,资助,zīzhù,动
10905,七-九级,籽,zǐ,名
10906,七-九级,子弹,zǐdàn,名
10907,七-九级,子弟,zǐdì,名
10908,七-九级,子孙,zǐsūn,名
10909,七-九级,自卑,zìbēi,形
10910,七-九级,自称,zìchēng,动、名
10911,七-九级,自发,zìfā,形
10912,七-九级,自费,zìfèi,动
10913,七-九级,自负1,zìfù,动
10914,七-九级,自负2,zìfù,形
10915,七-九级,字迹,zìjì,名
10916,七-九级,自立,zìlì,动
10917,七-九级,自理,zìlǐ,动
10918,七-九级,自力更生,zìlì-gēngshēng,
10919,七-九级,自满,zìmǎn,形
10920,七-九级,自强不息,zìqiáng-bùxī,
10921,七-九级,自然而然,zìrán’érrán,
10922,七-九级,自然界,zìránjiè,名
10923,七-九级,自如,zìrú,形
10924,七-九级,自始至终,zìshǐ-zhìzhōng,
10925,七-九级,自首,zìshǒu,动
10926,七-九级,自私,zìsī,形
10927,七-九级,字体,zìtǐ,名
10928,七-九级,自卫,zìwèi,动
10929,七-九级,自相矛盾,zìxiāng-máodùn,
10930,七-九级,自行,zìxíng,副
10931,七-九级,字眼,zìyǎn,名
10932,七-九级,自以为是,zìyǐwéishì,
10933,七-九级,自在,zìzai,形
10934,七-九级,自责,zìzé,动
10935,七-九级,自治区,zìzhìqū,名
10936,七-九级,自主,zìzhǔ,动
10937,七-九级,自尊,zìzūn,动
10938,七-九级,宗,zōng,量
10939,七-九级,踪迹,zōngjì,名
10940,七-九级,宗教,zōngjiào,名
10941,七-九级,综艺,zōngyì,名
10942,七-九级,宗旨,zōngzhǐ,名
10943,七-九级,总额,zǒng’é,名
10944,七-九级,总而言之,zǒng’éryánzhī,
10945,七-九级,总和,zǒnghé,名
10946,七-九级,纵观,zòngguān,动
10947,七-九级,纵横,zònghéng,形、动
10948,七-九级,纵然,zòngrán,连
10949,七-九级,纵容,zòngróng,动
10950,七-九级,纵深,zòngshēn,名
10951,七-九级,走过场,zǒu guòchǎng,
10952,七-九级,走弯路,zǒu wānlù,
10953,七-九级,走漏,zǒulòu,动
10954,七-九级,走势,zǒushì,名
10955,七-九级,走私,zǒusī,动
10956,七-九级,走投无路,zǒutóu-wúlù,
10957,七-九级,走向,zǒuxiàng,名
10958,七-九级,揍,zòu,动
10959,七-九级,奏效,zòuxiào,动
10960,七-九级,租赁,zūlìn,动
10961,七-九级,足不出户,zúbùchūhù,
10962,七-九级,足迹,zújì,名
10963,七-九级,足智多谋,zúzhì-duōmóu,
10964,七-九级,祖传,zǔchuán,动
10965,七-九级,祖父,zǔfù,名
10966,七-九级,祖籍,zǔjí,名
10967,七-九级,组建,zǔjiàn,动
10968,七-九级,阻拦,zǔlán,动
10969,七-九级,阻力,zǔlì,名
10970,七-九级,祖母,zǔmǔ,名
10971,七-九级,阻挠,zǔnáo,动
10972,七-九级,组装,zǔzhuāng,动
10973,七-九级,祖宗,zǔzong,名
10974,七-九级,钻空子,zuān kòngzi,
10975,七-九级,钻研,zuānyán,动
10976,七-九级,钻石,zuànshí,名
10977,七-九级,嘴唇,zuǐchún,名
10978,七-九级,罪犯,zuìfàn,名
10979,七-九级,罪魁祸首,zuìkuí-huòshǒu,
10980,七-九级,尊贵,zūnguì,形
10981,七-九级,遵循,zūnxún,动
10982,七-九级,尊严,zūnyán,名
10983,七-九级,遵照,zūnzhào,动
10984,七-九级,琢磨,zuómo,动
10985,七-九级,左顾右盼,zuǒgù-yòupàn,
10986,七-九级,作弊,zuòbì,动
10987,七-九级,作对,zuòduì,动
10988,七-九级,作废,zuòfèi,动
10989,七-九级,作风,zuòfēng,名
10990,七-九级,作客,zuòkè,动
10991,七-九级,作料,zuòliao,名
10992,七-九级,坐落,zuòluò,动
10993,七-九级,座谈,zuòtán,动
10994,七-九级,作为2,zuòwéi,名、动
10995,七-九级,作物,zuòwù,名
10996,七-九级,作息,zuòxī,动
10997,七-九级,座右铭,zuòyòumíng,名
10998,七-九级,作战,zuòzhàn,动
10999,七-九级,做证,zuòzhèng,动
11000,七-九级,做主,zuòzhǔ,动
